customer_id,first_name,last_name,email,city,signup_date,age,full_name
C10000,Lilit,Petrosyan,customer0@example.com,Vanadzor,2024-10-16,36.0,Lilit Petrosyan
C10001,Nare,Mkrtchyan,customer1@example.com,Gyumri,2023-04-25,60.0,Nare Mkrtchyan
C10002,Eva,Stepanyan,customer2@example.com,Gyumri,2023-01-26,58.0,Eva Stepanyan
C10003,Mane,Martirosyan,customer3@example.com,Hrazdan,2025-01-29,46.0,Mane Martirosyan
C10004,Sona,Petrosyan,customer4@example.com,Etchmiadzin,2023-10-09,23.0,Sona Petrosyan
C10005,Lilit,Grigoryan,customer5@example.com,Abovyan,2023-09-08,42.0,Lilit Grigoryan
C10006,Saro,Sargsyan,customer6@example.com,Artashat,2023-08-17,,Saro Sargsyan
C10007,Mane,Sargsyan,customer7@example.com,Etchmiadzin,2023-05-23,42.0,Mane Sargsyan
C10008,Mane,Manukyan,customer8@example.com,Vanadzor,2025-01-24,33.0,Mane Manukyan
C10009,Arman,Vardanyan,customer9@example.com,Abovyan,2023-04-15,33.0,Arman Vardanyan
C10010,Sona,Grigoryan,customer10@example.com,Artashat,2024-11-23,23.0,Sona Grigoryan
C10011,Anna,Grigoryan,customer11@example.com,Vanadzor,2025-01-28,54.0,Anna Grigoryan
C10012,Mariam,Petrosyan,customer12@example.com,Etchmiadzin,2025-07-02,38.0,Mariam Petrosyan
C10013,Suren,Martirosyan,customer13@example.com,Abovyan,2024-07-12,21.0,Suren Martirosyan
C10014,Hayk,Hovhannisyan,customer14@example.com,Vanadzor,2023-03-31,51.0,Hayk Hovhannisyan
C10015,Mariam,Avetisyan,customer15@example.com,Yerevan,2024-08-27,45.0,Mariam Avetisyan
C10016,Ani,Vardanyan,customer16@example.com,Yerevan,2024-03-08,55.0,Ani Vardanyan
C10017,Suren,Petrosyan,,Dilijan,2023-02-02,58.0,Suren Petrosyan
C10018,Suren,Hakobyan,customer18@example.com,Abovyan,2023-01-31,45.0,Suren Hakobyan
C10019,Lusine,Stepanyan,customer19@example.com,Vanadzor,2023-04-06,34.0,Lusine Stepanyan
C10020,Gor,Sargsyan,customer20@example.com,Artashat,2023-08-12,,Gor Sargsyan
C10021,Mikael,Stepanyan,customer21@example.com,Vanadzor,2023-08-27,24.0,Mikael Stepanyan
C10022,Eva,Sargsyan,customer22@example.com,Gyumri,2024-06-01,39.0,Eva Sargsyan
C10023,Eva,Manukyan,customer23@example.com,Hrazdan,2024-09-08,18.0,Eva Manukyan
C10024,Saro,Hovhannisyan,customer24@example.com,Hrazdan,2023-01-28,46.0,Saro Hovhannisyan
C10025,Suren,Hakobyan,customer25@example.com,Yerevan,2024-07-28,48.0,Suren Hakobyan
C10026,Nare,Sargsyan,customer26@example.com,Gyumri,2023-07-23,47.0,Nare Sargsyan
C10027,Anna,Petrosyan,,Gyumri,2025-01-03,32.0,Anna Petrosyan
C10028,Narek,Hakobyan,customer28@example.com,Yerevan,2024-10-27,35.0,Narek Hakobyan
C10029,Saro,Petrosyan,customer29@example.com,Gyumri,2024-12-19,52.0,Saro Petrosyan
C10030,Lilit,Avetisyan,customer30@example.com,Yerevan,2024-07-12,47.0,Lilit Avetisyan
C10031,David,Avetisyan,customer31@example.com,Yerevan,2024-03-05,51.0,David Avetisyan
C10032,Lilit,Stepanyan,customer32@example.com,Yerevan,2023-08-14,59.0,Lilit Stepanyan
C10033,Karen,Sargsyan,customer33@example.com,Yerevan,2024-04-04,28.0,Karen Sargsyan
C10034,Arman,Sargsyan,customer34@example.com,Vanadzor,2024-08-26,44.0,Arman Sargsyan
C10035,Arsen,Martirosyan,customer35@example.com,Kapan,2023-10-12,41.0,Arsen Martirosyan
C10036,Karen,Avetisyan,customer36@example.com,Hrazdan,2025-04-08,52.0,Karen Avetisyan
C10037,David,Hovhannisyan,customer37@example.com,Yerevan,2025-06-09,56.0,David Hovhannisyan
C10038,Mariam,Hovhannisyan,customer38@example.com,Yerevan,2023-01-07,25.0,Mariam Hovhannisyan
C10039,Nare,Mkrtchyan,customer39@example.com,Yerevan,2025-02-16,35.0,Nare Mkrtchyan
C10040,Eva,Mkrtchyan,customer40@example.com,Gyumri,2025-04-05,30.0,Eva Mkrtchyan
C10041,Lilit,Manukyan,customer41@example.com,Yerevan,2023-06-13,62.0,Lilit Manukyan
C10042,Suren,Avetisyan,customer42@example.com,Gyumri,2024-12-15,41.0,Suren Avetisyan
C10043,Sona,Petrosyan,customer43@example.com,Yerevan,2024-03-08,40.0,Sona Petrosyan
C10044,Eva,Petrosyan,customer44@example.com,Kapan,2023-12-15,29.0,Eva Petrosyan
C10045,Anna,Harutyunyan,customer45@example.com,Yerevan,2023-10-12,47.0,Anna Harutyunyan
C10046,Arsen,Hakobyan,customer46@example.com,Yerevan,2023-06-09,48.0,Arsen Hakobyan
C10047,Lusine,Karapetyan,customer47@example.com,Etchmiadzin,2023-08-09,45.0,Lusine Karapetyan
C10048,Arman,Stepanyan,customer48@example.com,Yerevan,2025-02-20,39.0,Arman Stepanyan
C10049,Karen,Mkrtchyan,customer49@example.com,Yerevan,2023-12-11,61.0,Karen Mkrtchyan
C10050,Sona,Stepanyan,customer50@example.com,Vanadzor,2023-04-15,45.0,Sona Stepanyan
C10051,Arman,Sargsyan,customer51@example.com,Vanadzor,2023-04-05,30.0,Arman Sargsyan
C10052,Mariam,Manukyan,customer52@example.com,Hrazdan,2024-01-25,42.0,Mariam Manukyan
C10053,Hayk,Hovhannisyan,customer53@example.com,Yerevan,2023-04-10,61.0,Hayk Hovhannisyan
C10054,Gor,Karapetyan,customer54@example.com,Yerevan,2024-01-03,63.0,Gor Karapetyan
C10055,Arman,Grigoryan,customer55@example.com,Yerevan,2025-05-17,24.0,Arman Grigoryan
C10056,Karen,Manukyan,customer56@example.com,Yerevan,2023-12-19,62.0,Karen Manukyan
C10057,Suren,Grigoryan,customer57@example.com,Armavir,2024-09-10,23.0,Suren Grigoryan
C10058,Mariam,Ghazaryan,customer58@example.com,Hrazdan,2023-09-28,41.0,Mariam Ghazaryan
C10059,Gor,Avetisyan,customer59@example.com,Yerevan,2025-04-06,36.0,Gor Avetisyan
C10060,Arman,Grigoryan,customer60@example.com,Vanadzor,2023-02-14,36.0,Arman Grigoryan
C10061,Arsen,Grigoryan,customer61@example.com,Yerevan,2025-01-17,53.0,Arsen Grigoryan
C10062,Mikael,Stepanyan,customer62@example.com,Armavir,2024-04-15,26.0,Mikael Stepanyan
C10063,Eva,Ghazaryan,customer63@example.com,Yerevan,2024-07-03,65.0,Eva Ghazaryan
C10064,Sona,Martirosyan,customer64@example.com,Yerevan,2023-05-08,53.0,Sona Martirosyan
C10065,Arsen,Martirosyan,customer65@example.com,Gyumri,2025-08-02,55.0,Arsen Martirosyan
C10066,Sona,Martirosyan,customer66@example.com,Vanadzor,2024-01-23,57.0,Sona Martirosyan
C10067,Mikael,Avetisyan,customer67@example.com,Vanadzor,2023-03-22,46.0,Mikael Avetisyan
C10068,Tatev,Karapetyan,customer68@example.com,Yerevan,2024-07-19,41.0,Tatev Karapetyan
C10069,Karen,Manukyan,customer69@example.com,Yerevan,2023-10-28,65.0,Karen Manukyan
C10070,Eva,Manukyan,customer70@example.com,Gyumri,2025-04-29,22.0,Eva Manukyan
C10071,Tatev,Vardanyan,customer71@example.com,Yerevan,2024-10-05,59.0,Tatev Vardanyan
C10072,David,Sargsyan,customer72@example.com,Armavir,2024-09-25,62.0,David Sargsyan
C10073,Eva,Martirosyan,customer73@example.com,Yerevan,2025-06-25,43.0,Eva Martirosyan
C10074,Tatev,Avetisyan,customer74@example.com,Gyumri,2025-06-01,,Tatev Avetisyan
C10075,Ani,Sargsyan,customer75@example.com,Abovyan,2024-01-06,56.0,Ani Sargsyan
C10076,Lilit,Hakobyan,customer76@example.com,Yerevan,2024-08-14,46.0,Lilit Hakobyan
C10077,David,Sargsyan,customer77@example.com,Vanadzor,2023-07-16,23.0,David Sargsyan
C10078,Ani,Stepanyan,customer78@example.com,Vagharshapat,2024-12-22,24.0,Ani Stepanyan
C10079,Suren,Stepanyan,customer79@example.com,Yerevan,2023-03-13,54.0,Suren Stepanyan
C10080,Sona,Karapetyan,customer80@example.com,Armavir,2023-02-16,35.0,Sona Karapetyan
C10081,Mane,Mkrtchyan,customer81@example.com,Vanadzor,2024-11-08,40.0,Mane Mkrtchyan
C10082,Saro,Grigoryan,customer82@example.com,Yerevan,2023-08-22,61.0,Saro Grigoryan
C10083,Lusine,Martirosyan,customer83@example.com,Yerevan,2025-03-02,,Lusine Martirosyan
C10084,Sona,Vardanyan,customer84@example.com,Yerevan,2023-10-24,18.0,Sona Vardanyan
C10085,Anna,Ghazaryan,customer85@example.com,Hrazdan,2023-03-23,21.0,Anna Ghazaryan
C10086,Anna,Vardanyan,customer86@example.com,Etchmiadzin,2025-05-25,61.0,Anna Vardanyan
C10087,Ani,Mkrtchyan,customer87@example.com,Kapan,2023-08-27,64.0,Ani Mkrtchyan
C10088,Narek,Hovhannisyan,customer88@example.com,Dilijan,2025-06-06,52.0,Narek Hovhannisyan
C10089,Gor,Sargsyan,customer89@example.com,Etchmiadzin,2023-04-14,40.0,Gor Sargsyan
C10090,Lilit,Avetisyan,customer90@example.com,Vanadzor,2024-01-25,44.0,Lilit Avetisyan
C10091,David,Grigoryan,customer91@example.com,Yerevan,2023-10-12,43.0,David Grigoryan
C10092,Lilit,Manukyan,customer92@example.com,Gyumri,2024-04-09,25.0,Lilit Manukyan
C10093,David,Petrosyan,customer93@example.com,Yerevan,2024-10-12,60.0,David Petrosyan
C10094,Sona,Grigoryan,customer94@example.com,Hrazdan,2025-05-04,33.0,Sona Grigoryan
C10095,Suren,Karapetyan,customer95@example.com,Yerevan,2024-01-09,58.0,Suren Karapetyan
C10096,Mariam,Hovhannisyan,customer96@example.com,Yerevan,2023-06-16,-5.0,Mariam Hovhannisyan
C10097,Ani,Karapetyan,customer97@example.com,Yerevan,2024-01-15,49.0,Ani Karapetyan
C10098,Mikael,Stepanyan,customer98@example.com,Yerevan,2023-12-30,22.0,Mikael Stepanyan
C10099,Narek,Sargsyan,customer99@example.com,Vanadzor,2023-08-03,37.0,Narek Sargsyan
C10100,Anna,Hakobyan,customer100@example.com,Gyumri,2024-11-17,31.0,Anna Hakobyan
C10101,Suren,Stepanyan,customer101@example.com,Vanadzor,2023-10-01,49.0,Suren Stepanyan
C10102,Sona,Karapetyan,customer102@example.com,Gyumri,2024-12-19,43.0,Sona Karapetyan
C10103,Anna,Karapetyan,customer103@example.com,Abovyan,2024-11-30,64.0,Anna Karapetyan
C10104,Ani,Avetisyan,customer104@example.com,Yerevan,2024-10-25,23.0,Ani Avetisyan
C10105,Anna,Sargsyan,customer105@example.com,Yerevan,2023-03-15,53.0,Anna Sargsyan
C10106,Narek,Grigoryan,customer106@example.com,Vanadzor,2024-09-15,57.0,Narek Grigoryan
C10107,Eva,Hakobyan,customer107@example.com,Gyumri,2024-10-12,22.0,Eva Hakobyan
C10108,Arsen,Mkrtchyan,customer108@example.com,Yerevan,2023-06-25,30.0,Arsen Mkrtchyan
C10109,Anna,Petrosyan,customer109@example.com,Yerevan,2024-06-30,49.0,Anna Petrosyan
C10110,Ani,Martirosyan,customer110@example.com,Yerevan,2025-01-16,33.0,Ani Martirosyan
C10111,Narek,Manukyan,customer111@example.com,Gyumri,2023-09-08,18.0,Narek Manukyan
C10112,Arsen,Karapetyan,customer112@example.com,Yerevan,2023-06-17,30.0,Arsen Karapetyan
C10113,Lilit,Sargsyan,customer113@example.com,Vanadzor,2024-04-18,28.0,Lilit Sargsyan
C10114,David,Martirosyan,customer114@example.com,Vagharshapat,2024-01-24,25.0,David Martirosyan
C10115,Eva,Stepanyan,customer115@example.com,Yerevan,2023-10-04,42.0,Eva Stepanyan
C10116,Eva,Manukyan,customer116@example.com,Dilijan,2025-08-05,57.0,Eva Manukyan
C10117,Gor,Vardanyan,customer117@example.com,Gyumri,2024-10-17,49.0,Gor Vardanyan
C10118,Tatev,Manukyan,customer118@example.com,Vanadzor,2024-12-05,41.0,Tatev Manukyan
C10119,Saro,Vardanyan,customer119@example.com,Abovyan,2024-07-24,45.0,Saro Vardanyan
C10120,Lilit,Mkrtchyan,customer120@example.com,Abovyan,2023-08-13,31.0,Lilit Mkrtchyan
C10121,Lusine,Mkrtchyan,customer121@example.com,Gyumri,2024-12-02,62.0,Lusine Mkrtchyan
C10122,Nare,Stepanyan,customer122@example.com,Yerevan,2023-11-29,20.0,Nare Stepanyan
C10123,Arman,Mkrtchyan,customer123@example.com,Yerevan,2025-05-13,53.0,Arman Mkrtchyan
C10124,Narek,Ghazaryan,customer124@example.com,Yerevan,2025-02-25,44.0,Narek Ghazaryan
C10125,Lilit,Harutyunyan,customer125@example.com,Yerevan,2025-03-05,37.0,Lilit Harutyunyan
C10126,Tatev,Harutyunyan,customer126@example.com,Yerevan,2023-02-27,-5.0,Tatev Harutyunyan
C10127,Eva,Manukyan,customer127@example.com,Yerevan,2023-08-23,32.0,Eva Manukyan
C10128,Mane,Mkrtchyan,customer128@example.com,Yerevan,2025-04-21,44.0,Mane Mkrtchyan
C10129,Arman,Avetisyan,,Hrazdan,2023-02-02,62.0,Arman Avetisyan
C10130,Tatev,Karapetyan,customer130@example.com,Kapan,2025-04-04,58.0,Tatev Karapetyan
C10131,Lilit,Martirosyan,customer131@example.com,Artashat,2023-11-20,45.0,Lilit Martirosyan
C10132,Saro,Martirosyan,customer132@example.com,Gyumri,2024-02-15,42.0,Saro Martirosyan
C10133,Mariam,Harutyunyan,customer133@example.com,Abovyan,2023-10-02,59.0,Mariam Harutyunyan
C10134,Gor,Manukyan,customer134@example.com,Kapan,2023-03-09,61.0,Gor Manukyan
C10135,Tatev,Stepanyan,customer135@example.com,Yerevan,2023-08-05,63.0,Tatev Stepanyan
C10136,Hayk,Sargsyan,customer136@example.com,Yerevan,2025-07-24,50.0,Hayk Sargsyan
C10137,Suren,Grigoryan,customer137@example.com,Artashat,2024-08-03,63.0,Suren Grigoryan
C10138,Suren,Grigoryan,customer138@example.com,Gyumri,2025-06-16,31.0,Suren Grigoryan
C10139,Nare,Harutyunyan,customer139@example.com,Gyumri,2025-01-05,25.0,Nare Harutyunyan
C10140,Mane,Sargsyan,customer140@example.com,Yerevan,2023-11-19,65.0,Mane Sargsyan
C10141,Lilit,Ghazaryan,customer141@example.com,Yerevan,2023-08-06,31.0,Lilit Ghazaryan
C10142,Ani,Ghazaryan,customer142@example.com,Kapan,2024-11-02,18.0,Ani Ghazaryan
C10143,Ani,Harutyunyan,customer143@example.com,Vanadzor,2024-05-26,-5.0,Ani Harutyunyan
C10144,Nare,Grigoryan,customer144@example.com,Yerevan,2024-02-10,35.0,Nare Grigoryan
C10145,Tatev,Sargsyan,customer145@example.com,Yerevan,2025-06-24,24.0,Tatev Sargsyan
C10146,David,Mkrtchyan,customer146@example.com,Vanadzor,2025-07-25,32.0,David Mkrtchyan
C10147,Anna,Manukyan,customer147@example.com,Vanadzor,2024-10-20,41.0,Anna Manukyan
C10148,Lilit,Stepanyan,customer148@example.com,Yerevan,2024-04-14,30.0,Lilit Stepanyan
C10149,Hayk,Martirosyan,customer149@example.com,Kapan,2023-05-27,26.0,Hayk Martirosyan
C10150,Sona,Avetisyan,customer150@example.com,Yerevan,2023-09-29,32.0,Sona Avetisyan
C10151,David,Hakobyan,customer151@example.com,Yerevan,2023-05-23,52.0,David Hakobyan
C10152,Narek,Vardanyan,customer152@example.com,Abovyan,2023-09-10,41.0,Narek Vardanyan
C10153,Ani,Vardanyan,customer153@example.com,Yerevan,2025-02-01,50.0,Ani Vardanyan
C10154,Saro,Manukyan,customer154@example.com,Etchmiadzin,2024-07-28,33.0,Saro Manukyan
C10155,Gor,Mkrtchyan,customer155@example.com,Hrazdan,2024-07-05,25.0,Gor Mkrtchyan
C10156,Suren,Hovhannisyan,customer156@example.com,Etchmiadzin,2023-09-27,46.0,Suren Hovhannisyan
C10157,Eva,Grigoryan,customer157@example.com,Yerevan,2025-02-03,40.0,Eva Grigoryan
C10158,David,Vardanyan,customer158@example.com,Yerevan,2024-08-21,62.0,David Vardanyan
C10159,Nare,Mkrtchyan,customer159@example.com,Yerevan,2024-03-14,48.0,Nare Mkrtchyan
C10160,Lusine,Vardanyan,customer160@example.com,Gyumri,2025-07-08,57.0,Lusine Vardanyan
C10161,Lusine,Hovhannisyan,customer161@example.com,Hrazdan,2024-08-20,31.0,Lusine Hovhannisyan
C10162,Nare,Harutyunyan,customer162@example.com,Kapan,2024-02-13,47.0,Nare Harutyunyan
C10163,Suren,Sargsyan,customer163@example.com,Abovyan,2024-01-06,56.0,Suren Sargsyan
C10164,Lilit,Martirosyan,customer164@example.com,Artashat,2023-08-13,44.0,Lilit Martirosyan
C10165,Mariam,Karapetyan,,Hrazdan,2023-05-22,64.0,Mariam Karapetyan
C10166,Anna,Harutyunyan,,Yerevan,2024-06-05,33.0,Anna Harutyunyan
C10167,Lusine,Manukyan,customer167@example.com,Yerevan,2024-05-20,23.0,Lusine Manukyan
C10168,Narek,Harutyunyan,customer168@example.com,Abovyan,2023-04-04,50.0,Narek Harutyunyan
C10169,Lusine,Manukyan,customer169@example.com,Yerevan,2025-02-12,61.0,Lusine Manukyan
C10170,Lusine,Karapetyan,customer170@example.com,Yerevan,2023-02-18,35.0,Lusine Karapetyan
C10171,Lusine,Petrosyan,customer171@example.com,Gyumri,2025-05-31,33.0,Lusine Petrosyan
C10172,Mariam,Hovhannisyan,customer172@example.com,Etchmiadzin,2023-04-23,29.0,Mariam Hovhannisyan
C10173,Mariam,Martirosyan,customer173@example.com,Yerevan,2023-06-06,-5.0,Mariam Martirosyan
C10174,Narek,Avetisyan,customer174@example.com,Etchmiadzin,2024-10-04,62.0,Narek Avetisyan
C10175,Ani,Avetisyan,customer175@example.com,Etchmiadzin,2023-06-13,57.0,Ani Avetisyan
C10176,Ani,Hovhannisyan,customer176@example.com,Gyumri,2025-03-22,46.0,Ani Hovhannisyan
C10177,Saro,Hakobyan,customer177@example.com,Yerevan,2024-11-27,47.0,Saro Hakobyan
C10178,Mariam,Vardanyan,customer178@example.com,Yerevan,2024-03-08,43.0,Mariam Vardanyan
C10179,Suren,Mkrtchyan,,Abovyan,2024-09-02,39.0,Suren Mkrtchyan
C10180,Hayk,Petrosyan,customer180@example.com,Hrazdan,2023-03-07,50.0,Hayk Petrosyan
C10181,Arman,Hovhannisyan,customer181@example.com,Armavir,2024-01-30,56.0,Arman Hovhannisyan
C10182,Mane,Avetisyan,customer182@example.com,Vanadzor,2024-01-26,64.0,Mane Avetisyan
C10183,Lusine,Harutyunyan,customer183@example.com,Yerevan,2024-09-02,46.0,Lusine Harutyunyan
C10184,Hayk,Mkrtchyan,customer184@example.com,Yerevan,2024-04-24,39.0,Hayk Mkrtchyan
C10185,Narek,Petrosyan,customer185@example.com,Hrazdan,2024-06-25,62.0,Narek Petrosyan
C10186,Nare,Sargsyan,customer186@example.com,Yerevan,2023-09-15,30.0,Nare Sargsyan
C10187,Mariam,Sargsyan,customer187@example.com,Yerevan,2024-07-20,26.0,Mariam Sargsyan
C10188,Hayk,Mkrtchyan,customer188@example.com,Gyumri,2025-05-31,41.0,Hayk Mkrtchyan
C10189,Mane,Hovhannisyan,customer189@example.com,Yerevan,2023-01-12,32.0,Mane Hovhannisyan
C10190,Mikael,Manukyan,customer190@example.com,Yerevan,2024-11-27,53.0,Mikael Manukyan
C10191,Mikael,Manukyan,customer191@example.com,Yerevan,2025-01-08,30.0,Mikael Manukyan
C10192,Ani,Harutyunyan,,Yerevan,2023-04-28,44.0,Ani Harutyunyan
C10193,David,Petrosyan,customer193@example.com,Yerevan,2024-11-29,61.0,David Petrosyan
C10194,Hayk,Petrosyan,customer194@example.com,Hrazdan,2025-06-25,54.0,Hayk Petrosyan
C10195,Mikael,Mkrtchyan,customer195@example.com,Vagharshapat,2024-07-03,24.0,Mikael Mkrtchyan
C10196,Anna,Grigoryan,customer196@example.com,Yerevan,2025-02-07,25.0,Anna Grigoryan
C10197,Nare,Sargsyan,customer197@example.com,Etchmiadzin,2023-10-01,54.0,Nare Sargsyan
C10198,Arman,Petrosyan,customer198@example.com,Yerevan,2025-02-26,58.0,Arman Petrosyan
C10199,Saro,Mkrtchyan,customer199@example.com,Gyumri,2024-10-18,31.0,Saro Mkrtchyan
C10200,Anna,Karapetyan,customer200@example.com,Kapan,2023-12-15,29.0,Anna Karapetyan
C10201,Saro,Hakobyan,customer201@example.com,Hrazdan,2023-04-25,53.0,Saro Hakobyan
C10202,Nare,Karapetyan,customer202@example.com,Etchmiadzin,2023-10-28,57.0,Nare Karapetyan
C10203,Lilit,Martirosyan,customer203@example.com,Yerevan,2024-03-21,34.0,Lilit Martirosyan
C10204,Nare,Hovhannisyan,customer204@example.com,Yerevan,2023-06-11,57.0,Nare Hovhannisyan
C10205,David,Harutyunyan,customer205@example.com,Armavir,2024-04-09,46.0,David Harutyunyan
C10206,Ani,Petrosyan,customer206@example.com,Yerevan,2023-01-04,44.0,Ani Petrosyan
C10207,Sona,Martirosyan,customer207@example.com,Yerevan,2025-01-09,18.0,Sona Martirosyan
C10208,Lilit,Avetisyan,customer208@example.com,Hrazdan,2025-06-15,51.0,Lilit Avetisyan
C10209,Karen,Martirosyan,customer209@example.com,Kapan,2025-01-06,21.0,Karen Martirosyan
C10210,Sona,Stepanyan,customer210@example.com,Kapan,2023-09-27,41.0,Sona Stepanyan
C10211,Ani,Vardanyan,customer211@example.com,Yerevan,2024-05-27,38.0,Ani Vardanyan
C10212,Mane,Mkrtchyan,customer212@example.com,Kapan,2025-02-19,50.0,Mane Mkrtchyan
C10213,Karen,Petrosyan,customer213@example.com,Yerevan,2023-07-02,24.0,Karen Petrosyan
C10214,Gor,Hakobyan,customer214@example.com,Yerevan,2024-06-03,18.0,Gor Hakobyan
C10215,Anna,Hovhannisyan,customer215@example.com,Vanadzor,2025-07-23,58.0,Anna Hovhannisyan
C10216,Lilit,Mkrtchyan,customer216@example.com,Yerevan,2023-04-19,20.0,Lilit Mkrtchyan
C10217,Mikael,Stepanyan,customer217@example.com,Yerevan,2025-06-10,61.0,Mikael Stepanyan
C10218,Mikael,Mkrtchyan,customer218@example.com,Abovyan,2024-10-02,32.0,Mikael Mkrtchyan
C10219,Nare,Stepanyan,customer219@example.com,Yerevan,2023-11-02,48.0,Nare Stepanyan
C10220,Lusine,Harutyunyan,customer220@example.com,Yerevan,2025-05-11,33.0,Lusine Harutyunyan
C10221,Mariam,Harutyunyan,customer221@example.com,Yerevan,2024-10-16,27.0,Mariam Harutyunyan
C10222,Ani,Sargsyan,customer222@example.com,Gyumri,2024-06-03,46.0,Ani Sargsyan
C10223,Mikael,Sargsyan,customer223@example.com,Gyumri,2024-09-15,23.0,Mikael Sargsyan
C10224,Suren,Manukyan,customer224@example.com,Etchmiadzin,2023-07-23,46.0,Suren Manukyan
C10225,Narek,Grigoryan,customer225@example.com,Hrazdan,2023-06-06,34.0,Narek Grigoryan
C10226,Narek,Petrosyan,customer226@example.com,Gyumri,2024-01-18,39.0,Narek Petrosyan
C10227,David,Petrosyan,customer227@example.com,Kapan,2025-02-19,41.0,David Petrosyan
C10228,David,Ghazaryan,customer228@example.com,Yerevan,2023-06-15,34.0,David Ghazaryan
C10229,Anna,Stepanyan,customer229@example.com,Yerevan,2024-07-06,38.0,Anna Stepanyan
C10230,Saro,Martirosyan,customer230@example.com,Etchmiadzin,2025-03-08,28.0,Saro Martirosyan
C10231,Mikael,Petrosyan,customer231@example.com,Yerevan,2025-08-02,24.0,Mikael Petrosyan
C10232,Mikael,Petrosyan,customer232@example.com,Dilijan,2024-06-27,59.0,Mikael Petrosyan
C10233,Anna,Grigoryan,customer233@example.com,Gyumri,2025-07-29,56.0,Anna Grigoryan
C10234,Nare,Avetisyan,customer234@example.com,Etchmiadzin,2023-01-01,22.0,Nare Avetisyan
C10235,Ani,Sargsyan,customer235@example.com,Yerevan,2024-09-05,61.0,Ani Sargsyan
C10236,Nare,Sargsyan,customer236@example.com,Yerevan,2023-11-28,65.0,Nare Sargsyan
C10237,Mane,Hakobyan,customer237@example.com,Yerevan,2024-05-15,38.0,Mane Hakobyan
C10238,Lusine,Petrosyan,customer238@example.com,Hrazdan,2023-01-20,35.0,Lusine Petrosyan
C10239,Sona,Grigoryan,customer239@example.com,Gyumri,2023-04-25,52.0,Sona Grigoryan
C10240,Arman,Hovhannisyan,customer240@example.com,Artashat,2024-01-07,37.0,Arman Hovhannisyan
C10241,Hayk,Sargsyan,customer241@example.com,Yerevan,2025-06-18,32.0,Hayk Sargsyan
C10242,Sona,Grigoryan,customer242@example.com,Yerevan,2025-05-01,22.0,Sona Grigoryan
C10243,Nare,Karapetyan,customer243@example.com,Yerevan,2025-04-06,30.0,Nare Karapetyan
C10244,Anna,Vardanyan,,Vanadzor,2023-11-11,29.0,Anna Vardanyan
C10245,Mikael,Avetisyan,customer245@example.com,Kapan,2023-09-03,38.0,Mikael Avetisyan
C10246,Anna,Petrosyan,customer246@example.com,Yerevan,2023-03-01,54.0,Anna Petrosyan
C10247,Karen,Vardanyan,customer247@example.com,Abovyan,2023-09-04,23.0,Karen Vardanyan
C10248,Arsen,Hakobyan,customer248@example.com,Yerevan,2025-06-18,24.0,Arsen Hakobyan
C10249,Karen,Stepanyan,customer249@example.com,Vanadzor,2024-08-03,43.0,Karen Stepanyan
C10250,Mariam,Martirosyan,customer250@example.com,Armavir,2023-03-22,59.0,Mariam Martirosyan
C10251,Anna,Sargsyan,customer251@example.com,Yerevan,2023-03-29,65.0,Anna Sargsyan
C10252,Mikael,Karapetyan,customer252@example.com,Yerevan,2025-01-19,25.0,Mikael Karapetyan
C10253,David,Hovhannisyan,customer253@example.com,Dilijan,2024-05-12,26.0,David Hovhannisyan
C10254,Arman,Stepanyan,customer254@example.com,Kapan,2025-04-15,44.0,Arman Stepanyan
C10255,Ani,Grigoryan,customer255@example.com,Vanadzor,2023-03-12,21.0,Ani Grigoryan
C10256,Arman,Harutyunyan,customer256@example.com,Gyumri,2025-02-17,38.0,Arman Harutyunyan
C10257,Ani,Mkrtchyan,customer257@example.com,Yerevan,2024-06-29,48.0,Ani Mkrtchyan
C10258,Arsen,Petrosyan,customer258@example.com,Gyumri,2025-02-23,38.0,Arsen Petrosyan
C10259,Mikael,Petrosyan,customer259@example.com,Kapan,2023-05-09,57.0,Mikael Petrosyan
C10260,Nare,Karapetyan,customer260@example.com,Abovyan,2023-05-12,42.0,Nare Karapetyan
C10261,Sona,Grigoryan,customer261@example.com,Yerevan,2024-11-06,56.0,Sona Grigoryan
C10262,Lilit,Manukyan,customer262@example.com,Yerevan,2024-05-01,32.0,Lilit Manukyan
C10263,Anna,Petrosyan,customer263@example.com,Yerevan,2024-07-16,52.0,Anna Petrosyan
C10264,Lusine,Manukyan,customer264@example.com,Yerevan,2023-06-19,60.0,Lusine Manukyan
C10265,Ani,Hovhannisyan,,Yerevan,2023-09-29,58.0,Ani Hovhannisyan
C10266,Mikael,Harutyunyan,customer266@example.com,Yerevan,2024-06-24,54.0,Mikael Harutyunyan
C10267,Suren,Karapetyan,customer267@example.com,Yerevan,2025-06-12,59.0,Suren Karapetyan
C10268,Saro,Stepanyan,customer268@example.com,Yerevan,2024-09-13,64.0,Saro Stepanyan
C10269,Arsen,Vardanyan,customer269@example.com,Gyumri,2024-03-09,45.0,Arsen Vardanyan
C10270,Hayk,Grigoryan,customer270@example.com,Yerevan,2023-08-05,31.0,Hayk Grigoryan
C10271,Hayk,Grigoryan,customer271@example.com,Yerevan,2024-07-06,21.0,Hayk Grigoryan
C10272,Tatev,Ghazaryan,customer272@example.com,Yerevan,2025-02-12,37.0,Tatev Ghazaryan
C10273,Saro,Hovhannisyan,customer273@example.com,Yerevan,2025-01-17,51.0,Saro Hovhannisyan
C10274,Sona,Hovhannisyan,,Gyumri,2024-12-07,29.0,Sona Hovhannisyan
C10275,Mariam,Avetisyan,customer275@example.com,Yerevan,2023-07-25,50.0,Mariam Avetisyan
C10276,Ani,Mkrtchyan,customer276@example.com,Hrazdan,2024-12-31,41.0,Ani Mkrtchyan
C10277,Eva,Sargsyan,customer277@example.com,Armavir,2023-11-16,37.0,Eva Sargsyan
C10278,Ani,Sargsyan,customer278@example.com,Hrazdan,2024-02-13,22.0,Ani Sargsyan
C10279,Narek,Ghazaryan,customer279@example.com,Gyumri,2024-11-18,55.0,Narek Ghazaryan
C10280,Mikael,Martirosyan,customer280@example.com,Kapan,2024-10-27,47.0,Mikael Martirosyan
C10281,Saro,Hakobyan,customer281@example.com,Abovyan,2024-01-18,41.0,Saro Hakobyan
C10282,Arman,Karapetyan,customer282@example.com,Yerevan,2024-03-24,60.0,Arman Karapetyan
C10283,Anna,Harutyunyan,customer283@example.com,Yerevan,2025-07-10,57.0,Anna Harutyunyan
C10284,Lusine,Grigoryan,customer284@example.com,Kapan,2024-06-13,24.0,Lusine Grigoryan
C10285,Lusine,Mkrtchyan,customer285@example.com,Yerevan,2024-04-07,53.0,Lusine Mkrtchyan
C10286,Suren,Manukyan,customer286@example.com,Yerevan,2023-05-04,55.0,Suren Manukyan
C10287,Arsen,Karapetyan,customer287@example.com,Hrazdan,2023-09-11,33.0,Arsen Karapetyan
C10288,Hayk,Martirosyan,customer288@example.com,Etchmiadzin,2023-08-19,32.0,Hayk Martirosyan
C10289,Anna,Vardanyan,customer289@example.com,Yerevan,2023-03-07,63.0,Anna Vardanyan
C10290,David,Karapetyan,customer290@example.com,Gyumri,2023-12-13,40.0,David Karapetyan
C10291,Narek,Martirosyan,customer291@example.com,Yerevan,2023-01-22,29.0,Narek Martirosyan
C10292,Lusine,Grigoryan,customer292@example.com,Hrazdan,2024-08-25,46.0,Lusine Grigoryan
C10293,Arsen,Hakobyan,customer293@example.com,Yerevan,2024-07-21,61.0,Arsen Hakobyan
C10294,Anna,Martirosyan,customer294@example.com,Yerevan,2023-08-24,65.0,Anna Martirosyan
C10295,Ani,Grigoryan,customer295@example.com,Kapan,2024-08-25,32.0,Ani Grigoryan
C10296,Nare,Grigoryan,customer296@example.com,Gyumri,2023-08-14,46.0,Nare Grigoryan
C10297,Ani,Hakobyan,customer297@example.com,Abovyan,2023-01-08,62.0,Ani Hakobyan
C10298,Anna,Sargsyan,customer298@example.com,Yerevan,2023-03-14,60.0,Anna Sargsyan
C10299,Karen,Karapetyan,customer299@example.com,Yerevan,2024-12-25,38.0,Karen Karapetyan
C10300,Gor,Ghazaryan,customer300@example.com,Vanadzor,2024-10-08,32.0,Gor Ghazaryan
C10301,Anna,Petrosyan,customer301@example.com,Yerevan,2023-03-02,31.0,Anna Petrosyan
C10302,Sona,Petrosyan,customer302@example.com,Yerevan,2023-08-23,59.0,Sona Petrosyan
C10303,Arsen,Ghazaryan,customer303@example.com,Yerevan,2023-03-11,61.0,Arsen Ghazaryan
C10304,Karen,Vardanyan,customer304@example.com,Abovyan,2025-07-16,33.0,Karen Vardanyan
C10305,Eva,Manukyan,customer305@example.com,Artashat,2023-02-02,32.0,Eva Manukyan
C10306,Mariam,Hovhannisyan,customer306@example.com,Dilijan,2025-05-30,59.0,Mariam Hovhannisyan
C10307,Gor,Manukyan,customer307@example.com,Gyumri,2023-12-05,21.0,Gor Manukyan
C10308,Mariam,Hovhannisyan,,Yerevan,2023-03-14,44.0,Mariam Hovhannisyan
C10309,Lusine,Ghazaryan,customer309@example.com,Yerevan,2024-06-10,40.0,Lusine Ghazaryan
C10310,Sona,Petrosyan,customer310@example.com,Kapan,2023-09-01,46.0,Sona Petrosyan
C10311,Ani,Harutyunyan,customer311@example.com,Yerevan,2023-10-13,58.0,Ani Harutyunyan
C10312,David,Petrosyan,customer312@example.com,Artashat,2024-11-16,26.0,David Petrosyan
C10313,Mane,Manukyan,customer313@example.com,Yerevan,2024-05-12,60.0,Mane Manukyan
C10314,Mikael,Mkrtchyan,customer314@example.com,Dilijan,2023-08-08,60.0,Mikael Mkrtchyan
C10315,Lilit,Ghazaryan,customer315@example.com,Kapan,2024-07-06,,Lilit Ghazaryan
C10316,Gor,Vardanyan,customer316@example.com,Etchmiadzin,2023-05-16,59.0,Gor Vardanyan
C10317,Anna,Manukyan,customer317@example.com,Yerevan,2025-01-10,21.0,Anna Manukyan
C10318,Karen,Harutyunyan,customer318@example.com,Yerevan,2025-06-22,22.0,Karen Harutyunyan
C10319,Tatev,Karapetyan,customer319@example.com,Yerevan,2024-08-07,22.0,Tatev Karapetyan
C10320,Lilit,Hovhannisyan,customer320@example.com,Yerevan,2024-08-13,28.0,Lilit Hovhannisyan
C10321,Arman,Petrosyan,customer321@example.com,Yerevan,2024-04-29,58.0,Arman Petrosyan
C10322,Tatev,Vardanyan,customer322@example.com,Gyumri,2023-09-06,45.0,Tatev Vardanyan
C10323,Nare,Hakobyan,customer323@example.com,Yerevan,2025-03-14,33.0,Nare Hakobyan
C10324,Ani,Mkrtchyan,customer324@example.com,Vanadzor,2024-04-29,58.0,Ani Mkrtchyan
C10325,Sona,Grigoryan,customer325@example.com,Vanadzor,2025-04-06,47.0,Sona Grigoryan
C10326,Arsen,Harutyunyan,customer326@example.com,Yerevan,2024-02-21,21.0,Arsen Harutyunyan
C10327,Mikael,Manukyan,customer327@example.com,Dilijan,2023-07-14,19.0,Mikael Manukyan
C10328,Arsen,Hovhannisyan,customer328@example.com,Yerevan,2023-04-07,63.0,Arsen Hovhannisyan
C10329,Suren,Hakobyan,customer329@example.com,Yerevan,2023-04-10,,Suren Hakobyan
C10330,Saro,Vardanyan,customer330@example.com,Gyumri,2024-11-05,38.0,Saro Vardanyan
C10331,Eva,Martirosyan,customer331@example.com,Etchmiadzin,2024-03-17,23.0,Eva Martirosyan
C10332,Mariam,Sargsyan,customer332@example.com,Yerevan,2023-12-29,60.0,Mariam Sargsyan
C10333,Mariam,Petrosyan,customer333@example.com,Yerevan,2024-03-09,35.0,Mariam Petrosyan
C10334,Saro,Stepanyan,customer334@example.com,Vanadzor,2024-02-25,61.0,Saro Stepanyan
C10335,Lusine,Sargsyan,customer335@example.com,Yerevan,2024-04-23,22.0,Lusine Sargsyan
C10336,Nare,Harutyunyan,customer336@example.com,Vanadzor,2025-06-03,26.0,Nare Harutyunyan
C10337,Gor,Martirosyan,customer337@example.com,Artashat,2025-01-16,37.0,Gor Martirosyan
C10338,Hayk,Martirosyan,customer338@example.com,Dilijan,2023-02-25,45.0,Hayk Martirosyan
C10339,Eva,Vardanyan,customer339@example.com,Yerevan,2024-11-20,43.0,Eva Vardanyan
C10340,Mane,Martirosyan,customer340@example.com,Yerevan,2024-10-31,35.0,Mane Martirosyan
C10341,Narek,Grigoryan,customer341@example.com,Yerevan,2024-10-23,36.0,Narek Grigoryan
C10342,Ani,Harutyunyan,customer342@example.com,Yerevan,2023-04-11,20.0,Ani Harutyunyan
C10343,Sona,Stepanyan,customer343@example.com,Yerevan,2023-03-04,26.0,Sona Stepanyan
C10344,Suren,Karapetyan,customer344@example.com,Yerevan,2024-02-17,53.0,Suren Karapetyan
C10345,Suren,Sargsyan,customer345@example.com,Artashat,2025-01-15,48.0,Suren Sargsyan
C10346,Narek,Stepanyan,,Armavir,2023-12-14,34.0,Narek Stepanyan
C10347,Lilit,Karapetyan,customer347@example.com,Yerevan,2025-03-30,40.0,Lilit Karapetyan
C10348,Arman,Hakobyan,customer348@example.com,Yerevan,2025-06-01,51.0,Arman Hakobyan
C10349,Hayk,Avetisyan,customer349@example.com,Yerevan,2023-04-22,58.0,Hayk Avetisyan
C10350,Tatev,Mkrtchyan,customer350@example.com,Yerevan,2023-09-12,58.0,Tatev Mkrtchyan
C10351,Nare,Mkrtchyan,customer351@example.com,Vanadzor,2023-07-16,22.0,Nare Mkrtchyan
C10352,Eva,Karapetyan,customer352@example.com,Abovyan,2023-07-14,32.0,Eva Karapetyan
C10353,Anna,Avetisyan,customer353@example.com,Kapan,2024-07-03,64.0,Anna Avetisyan
C10354,Sona,Vardanyan,customer354@example.com,Hrazdan,2024-04-04,20.0,Sona Vardanyan
C10355,Nare,Stepanyan,customer355@example.com,Gyumri,2023-05-24,36.0,Nare Stepanyan
C10356,Mikael,Avetisyan,customer356@example.com,Abovyan,2024-03-08,45.0,Mikael Avetisyan
C10357,Tatev,Petrosyan,customer357@example.com,Yerevan,2023-07-07,20.0,Tatev Petrosyan
C10358,Karen,Hakobyan,customer358@example.com,Vanadzor,2023-10-13,55.0,Karen Hakobyan
C10359,Gor,Harutyunyan,customer359@example.com,Gyumri,2024-04-18,21.0,Gor Harutyunyan
C10360,Saro,Avetisyan,customer360@example.com,Yerevan,2023-09-13,41.0,Saro Avetisyan
C10361,Lusine,Manukyan,customer361@example.com,Yerevan,2025-06-14,48.0,Lusine Manukyan
C10362,Saro,Ghazaryan,customer362@example.com,Yerevan,2025-08-03,62.0,Saro Ghazaryan
C10363,Narek,Vardanyan,customer363@example.com,Artashat,2023-03-19,62.0,Narek Vardanyan
C10364,David,Mkrtchyan,customer364@example.com,Yerevan,2024-03-29,28.0,David Mkrtchyan
C10365,Suren,Manukyan,customer365@example.com,Yerevan,2025-04-07,54.0,Suren Manukyan
C10366,Ani,Hakobyan,customer366@example.com,Yerevan,2025-06-01,18.0,Ani Hakobyan
C10367,Ani,Avetisyan,customer367@example.com,Abovyan,2025-05-26,26.0,Ani Avetisyan
C10368,Eva,Sargsyan,customer368@example.com,Yerevan,2024-07-17,34.0,Eva Sargsyan
C10369,Mariam,Mkrtchyan,customer369@example.com,Artashat,2023-04-11,18.0,Mariam Mkrtchyan
C10370,Mikael,Petrosyan,customer370@example.com,Kapan,2023-02-21,20.0,Mikael Petrosyan
C10371,Sona,Hovhannisyan,customer371@example.com,Vanadzor,2024-10-29,64.0,Sona Hovhannisyan
C10372,Tatev,Petrosyan,customer372@example.com,Abovyan,2024-07-07,43.0,Tatev Petrosyan
C10373,Ani,Ghazaryan,customer373@example.com,Yerevan,2025-05-06,48.0,Ani Ghazaryan
C10374,Mikael,Martirosyan,,Yerevan,2023-01-16,43.0,Mikael Martirosyan
C10375,Lilit,Hovhannisyan,customer375@example.com,Etchmiadzin,2023-04-06,40.0,Lilit Hovhannisyan
C10376,Narek,Grigoryan,customer376@example.com,Yerevan,2025-08-06,47.0,Narek Grigoryan
C10377,Anna,Avetisyan,customer377@example.com,Yerevan,2025-02-10,27.0,Anna Avetisyan
C10378,Suren,Hakobyan,customer378@example.com,Vanadzor,2025-05-19,25.0,Suren Hakobyan
C10379,Mikael,Mkrtchyan,customer379@example.com,Yerevan,2023-08-31,61.0,Mikael Mkrtchyan
C10380,Saro,Grigoryan,customer380@example.com,Artashat,2023-06-20,42.0,Saro Grigoryan
C10381,Narek,Hakobyan,customer381@example.com,Yerevan,2024-02-21,39.0,Narek Hakobyan
C10382,Arsen,Ghazaryan,customer382@example.com,Vagharshapat,2024-05-12,32.0,Arsen Ghazaryan
C10383,Narek,Karapetyan,customer383@example.com,Gyumri,2024-05-07,58.0,Narek Karapetyan
C10384,Eva,Avetisyan,customer384@example.com,Hrazdan,2023-08-07,27.0,Eva Avetisyan
C10385,Lusine,Harutyunyan,customer385@example.com,Yerevan,2025-06-04,37.0,Lusine Harutyunyan
C10386,Arsen,Harutyunyan,customer386@example.com,Gyumri,2024-02-15,58.0,Arsen Harutyunyan
C10387,Nare,Avetisyan,customer387@example.com,Kapan,2025-07-13,64.0,Nare Avetisyan
C10388,Narek,Hovhannisyan,customer388@example.com,Gyumri,2023-03-02,40.0,Narek Hovhannisyan
C10389,Suren,Martirosyan,,Yerevan,2023-06-18,18.0,Suren Martirosyan
C10390,Mikael,Martirosyan,,Gyumri,2024-01-24,19.0,Mikael Martirosyan
C10391,Mikael,Hovhannisyan,customer391@example.com,Hrazdan,2023-01-03,36.0,Mikael Hovhannisyan
C10392,Lilit,Stepanyan,customer392@example.com,Yerevan,2024-02-04,31.0,Lilit Stepanyan
C10393,Arman,Harutyunyan,customer393@example.com,Artashat,2023-09-29,25.0,Arman Harutyunyan
C10394,Ani,Sargsyan,customer394@example.com,Yerevan,2025-08-06,55.0,Ani Sargsyan
C10395,Narek,Hovhannisyan,customer395@example.com,Gyumri,2025-03-13,29.0,Narek Hovhannisyan
C10396,Gor,Mkrtchyan,customer396@example.com,Hrazdan,2025-03-14,43.0,Gor Mkrtchyan
C10397,Narek,Harutyunyan,customer397@example.com,Abovyan,2024-04-10,44.0,Narek Harutyunyan
C10398,Arman,Sargsyan,customer398@example.com,Kapan,2023-10-20,46.0,Arman Sargsyan
C10399,Mariam,Ghazaryan,customer399@example.com,Dilijan,2024-03-09,32.0,Mariam Ghazaryan
C10400,Nare,Grigoryan,customer400@example.com,Yerevan,2024-12-14,63.0,Nare Grigoryan
C10401,Gor,Sargsyan,customer401@example.com,Yerevan,2025-01-18,18.0,Gor Sargsyan
C10402,Saro,Grigoryan,customer402@example.com,Yerevan,2025-03-13,60.0,Saro Grigoryan
C10403,Ani,Hakobyan,customer403@example.com,Hrazdan,2024-07-23,45.0,Ani Hakobyan
C10404,Narek,Vardanyan,customer404@example.com,Armavir,2024-11-08,20.0,Narek Vardanyan
C10405,Tatev,Manukyan,customer405@example.com,Yerevan,2025-01-05,35.0,Tatev Manukyan
C10406,Arman,Hakobyan,customer406@example.com,Yerevan,2024-05-13,51.0,Arman Hakobyan
C10407,Mikael,Harutyunyan,customer407@example.com,Yerevan,2023-06-08,,Mikael Harutyunyan
C10408,Mikael,Grigoryan,customer408@example.com,Etchmiadzin,2023-07-14,46.0,Mikael Grigoryan
C10409,Mariam,Harutyunyan,customer409@example.com,Yerevan,2023-10-31,42.0,Mariam Harutyunyan
C10410,Lusine,Hovhannisyan,customer410@example.com,Yerevan,2023-08-11,43.0,Lusine Hovhannisyan
C10411,Nare,Avetisyan,customer411@example.com,Gyumri,2023-03-01,-5.0,Nare Avetisyan
C10412,Suren,Mkrtchyan,customer412@example.com,Kapan,2024-08-16,25.0,Suren Mkrtchyan
C10413,Karen,Petrosyan,customer413@example.com,Abovyan,2025-01-23,36.0,Karen Petrosyan
C10414,Anna,Harutyunyan,,Vanadzor,2024-07-09,64.0,Anna Harutyunyan
C10415,Ani,Mkrtchyan,customer415@example.com,Yerevan,2023-03-04,59.0,Ani Mkrtchyan
C10416,Ani,Hovhannisyan,customer416@example.com,Gyumri,2025-02-04,39.0,Ani Hovhannisyan
C10417,Saro,Sargsyan,customer417@example.com,Hrazdan,2023-11-18,46.0,Saro Sargsyan
C10418,Mane,Hovhannisyan,customer418@example.com,Dilijan,2023-02-28,50.0,Mane Hovhannisyan
C10419,Narek,Ghazaryan,customer419@example.com,Yerevan,2023-02-21,55.0,Narek Ghazaryan
C10420,Suren,Hakobyan,customer420@example.com,Yerevan,2024-08-21,62.0,Suren Hakobyan
C10421,Anna,Stepanyan,customer421@example.com,Yerevan,2024-05-03,,Anna Stepanyan
C10422,Ani,Sargsyan,customer422@example.com,Yerevan,2024-05-29,52.0,Ani Sargsyan
C10423,Ani,Petrosyan,customer423@example.com,Etchmiadzin,2025-07-30,60.0,Ani Petrosyan
C10424,Sona,Grigoryan,customer424@example.com,Yerevan,2025-05-23,20.0,Sona Grigoryan
C10425,Gor,Avetisyan,customer425@example.com,Gyumri,2024-06-27,36.0,Gor Avetisyan
C10426,Mane,Mkrtchyan,customer426@example.com,Yerevan,2023-06-11,27.0,Mane Mkrtchyan
C10427,Suren,Avetisyan,customer427@example.com,Yerevan,2023-02-28,44.0,Suren Avetisyan
C10428,Tatev,Manukyan,customer428@example.com,Gyumri,2024-06-04,32.0,Tatev Manukyan
C10429,Suren,Hovhannisyan,customer429@example.com,Yerevan,2023-03-24,28.0,Suren Hovhannisyan
C10430,Arsen,Harutyunyan,customer430@example.com,Yerevan,2025-05-21,64.0,Arsen Harutyunyan
C10431,Mariam,Grigoryan,customer431@example.com,Abovyan,2023-07-10,43.0,Mariam Grigoryan
C10432,Saro,Manukyan,customer432@example.com,Gyumri,2023-03-12,41.0,Saro Manukyan
C10433,Karen,Hovhannisyan,customer433@example.com,Yerevan,2024-09-01,30.0,Karen Hovhannisyan
C10434,Anna,Karapetyan,customer434@example.com,Dilijan,2023-03-11,49.0,Anna Karapetyan
C10435,Lusine,Harutyunyan,customer435@example.com,Vanadzor,2024-11-22,54.0,Lusine Harutyunyan
C10436,Sona,Sargsyan,customer436@example.com,Hrazdan,2025-06-01,21.0,Sona Sargsyan
C10437,Gor,Hakobyan,customer437@example.com,Yerevan,2023-08-29,30.0,Gor Hakobyan
C10438,Mariam,Vardanyan,,Yerevan,2024-02-18,26.0,Mariam Vardanyan
C10439,Saro,Mkrtchyan,customer439@example.com,Yerevan,2023-05-03,51.0,Saro Mkrtchyan
C10440,David,Stepanyan,customer440@example.com,Yerevan,2025-06-30,54.0,David Stepanyan
C10441,Lilit,Ghazaryan,customer441@example.com,Yerevan,2024-08-06,65.0,Lilit Ghazaryan
C10442,Arman,Petrosyan,customer442@example.com,Artashat,2023-09-10,24.0,Arman Petrosyan
C10443,Karen,Petrosyan,customer443@example.com,Gyumri,2024-08-15,,Karen Petrosyan
C10444,Tatev,Stepanyan,customer444@example.com,Yerevan,2024-08-31,29.0,Tatev Stepanyan
C10445,Mane,Sargsyan,customer445@example.com,Vanadzor,2023-02-10,38.0,Mane Sargsyan
C10446,Arman,Martirosyan,customer446@example.com,Yerevan,2024-09-26,28.0,Arman Martirosyan
C10447,Arman,Petrosyan,customer447@example.com,Vanadzor,2023-03-25,61.0,Arman Petrosyan
C10448,Gor,Mkrtchyan,customer448@example.com,Vanadzor,2024-03-05,61.0,Gor Mkrtchyan
C10449,Narek,Sargsyan,customer449@example.com,Etchmiadzin,2024-11-04,61.0,Narek Sargsyan
C10450,David,Grigoryan,customer450@example.com,Dilijan,2024-08-20,31.0,David Grigoryan
C10451,Anna,Petrosyan,customer451@example.com,Yerevan,2024-08-01,51.0,Anna Petrosyan
C10452,Lusine,Avetisyan,customer452@example.com,Gyumri,2024-06-19,51.0,Lusine Avetisyan
C10453,Anna,Sargsyan,customer453@example.com,Armavir,2023-11-20,42.0,Anna Sargsyan
C10454,Mikael,Mkrtchyan,customer454@example.com,Vagharshapat,2023-09-25,21.0,Mikael Mkrtchyan
C10455,Arman,Stepanyan,customer455@example.com,Gyumri,2023-07-29,43.0,Arman Stepanyan
C10456,Karen,Vardanyan,customer456@example.com,Artashat,2024-11-16,33.0,Karen Vardanyan
C10457,Lusine,Avetisyan,customer457@example.com,Yerevan,2025-01-03,27.0,Lusine Avetisyan
C10458,Lilit,Harutyunyan,customer458@example.com,Artashat,2023-11-18,62.0,Lilit Harutyunyan
C10459,Narek,Harutyunyan,,Yerevan,2023-09-02,19.0,Narek Harutyunyan
C10460,Suren,Petrosyan,customer460@example.com,Gyumri,2023-09-29,52.0,Suren Petrosyan
C10461,Lusine,Avetisyan,customer461@example.com,Armavir,2024-02-10,36.0,Lusine Avetisyan
C10462,Tatev,Hakobyan,customer462@example.com,Yerevan,2023-05-15,23.0,Tatev Hakobyan
C10463,Anna,Hovhannisyan,customer463@example.com,Gyumri,2024-11-18,36.0,Anna Hovhannisyan
C10464,David,Harutyunyan,customer464@example.com,Yerevan,2024-10-22,25.0,David Harutyunyan
C10465,Lusine,Hakobyan,customer465@example.com,Artashat,2023-11-04,31.0,Lusine Hakobyan
C10466,Lusine,Grigoryan,customer466@example.com,Etchmiadzin,2024-04-13,27.0,Lusine Grigoryan
C10467,Nare,Sargsyan,customer467@example.com,Abovyan,2023-11-20,20.0,Nare Sargsyan
C10468,Mikael,Hovhannisyan,customer468@example.com,Vanadzor,2025-02-08,55.0,Mikael Hovhannisyan
C10469,Tatev,Manukyan,customer469@example.com,Etchmiadzin,2023-03-16,46.0,Tatev Manukyan
C10470,Saro,Mkrtchyan,customer470@example.com,Yerevan,2023-01-10,32.0,Saro Mkrtchyan
C10471,Lusine,Ghazaryan,customer471@example.com,Yerevan,2024-04-14,40.0,Lusine Ghazaryan
C10472,Arman,Sargsyan,customer472@example.com,Hrazdan,2024-09-28,40.0,Arman Sargsyan
C10473,Suren,Stepanyan,customer473@example.com,Yerevan,2024-07-30,35.0,Suren Stepanyan
C10474,David,Hovhannisyan,customer474@example.com,Yerevan,2023-04-13,63.0,David Hovhannisyan
C10475,Saro,Mkrtchyan,customer475@example.com,Yerevan,2023-03-17,36.0,Saro Mkrtchyan
C10476,Suren,Hovhannisyan,customer476@example.com,Yerevan,2024-07-04,45.0,Suren Hovhannisyan
C10477,David,Avetisyan,customer477@example.com,Kapan,2023-08-07,43.0,David Avetisyan
C10478,Lilit,Grigoryan,customer478@example.com,Gyumri,2024-06-02,27.0,Lilit Grigoryan
C10479,Arsen,Karapetyan,customer479@example.com,Hrazdan,2023-09-29,64.0,Arsen Karapetyan
C10480,Nare,Ghazaryan,customer480@example.com,Yerevan,2023-05-16,21.0,Nare Ghazaryan
C10481,Saro,Petrosyan,customer481@example.com,Yerevan,2023-12-24,19.0,Saro Petrosyan
C10482,Eva,Hovhannisyan,customer482@example.com,Yerevan,2025-06-21,20.0,Eva Hovhannisyan
C10483,Mikael,Mkrtchyan,customer483@example.com,Etchmiadzin,2023-03-12,24.0,Mikael Mkrtchyan
C10484,Narek,Mkrtchyan,customer484@example.com,Vanadzor,2025-06-19,33.0,Narek Mkrtchyan
C10485,Anna,Avetisyan,customer485@example.com,Artashat,2023-09-08,48.0,Anna Avetisyan
C10486,Suren,Hakobyan,customer486@example.com,Abovyan,2024-01-14,27.0,Suren Hakobyan
C10487,Nare,Sargsyan,customer487@example.com,Vanadzor,2023-10-19,36.0,Nare Sargsyan
C10488,Arman,Stepanyan,customer488@example.com,Vanadzor,2023-06-11,45.0,Arman Stepanyan
C10489,Mikael,Karapetyan,customer489@example.com,Artashat,2024-03-24,34.0,Mikael Karapetyan
C10490,Lilit,Martirosyan,customer490@example.com,Etchmiadzin,2025-05-03,45.0,Lilit Martirosyan
C10491,Tatev,Petrosyan,customer491@example.com,Yerevan,2024-07-10,36.0,Tatev Petrosyan
C10492,Gor,Manukyan,customer492@example.com,Gyumri,2024-12-21,54.0,Gor Manukyan
C10493,Lilit,Martirosyan,customer493@example.com,Abovyan,2023-11-06,40.0,Lilit Martirosyan
C10494,Arsen,Sargsyan,customer494@example.com,Hrazdan,2024-09-18,37.0,Arsen Sargsyan
C10495,Narek,Petrosyan,customer495@example.com,Yerevan,2025-04-06,30.0,Narek Petrosyan
C10496,Anna,Mkrtchyan,customer496@example.com,Kapan,2024-10-31,30.0,Anna Mkrtchyan
C10497,Mane,Vardanyan,customer497@example.com,Artashat,2024-06-25,,Mane Vardanyan
C10498,Mane,Manukyan,customer498@example.com,Yerevan,2023-01-09,28.0,Mane Manukyan
C10499,Karen,Hovhannisyan,customer499@example.com,Armavir,2024-11-14,65.0,Karen Hovhannisyan
C10500,Eva,Hakobyan,,Yerevan,2025-04-16,32.0,Eva Hakobyan
C10501,Suren,Karapetyan,customer501@example.com,Yerevan,2024-07-21,34.0,Suren Karapetyan
C10502,David,Hovhannisyan,,Yerevan,2023-11-03,45.0,David Hovhannisyan
C10503,Gor,Stepanyan,customer503@example.com,Yerevan,2024-11-10,36.0,Gor Stepanyan
C10504,Suren,Hakobyan,customer504@example.com,Kapan,2023-04-17,21.0,Suren Hakobyan
C10505,Lusine,Grigoryan,customer505@example.com,Yerevan,2025-06-18,39.0,Lusine Grigoryan
C10506,Hayk,Vardanyan,customer506@example.com,Yerevan,2023-05-18,39.0,Hayk Vardanyan
C10507,Lilit,Avetisyan,customer507@example.com,Yerevan,2023-09-28,54.0,Lilit Avetisyan
C10508,Arsen,Petrosyan,customer508@example.com,Yerevan,2023-04-29,56.0,Arsen Petrosyan
C10509,Tatev,Hovhannisyan,customer509@example.com,Yerevan,2025-06-30,51.0,Tatev Hovhannisyan
C10510,Sona,Hakobyan,customer510@example.com,Abovyan,2023-04-20,50.0,Sona Hakobyan
C10511,Gor,Vardanyan,customer511@example.com,Yerevan,2025-01-30,61.0,Gor Vardanyan
C10512,David,Martirosyan,customer512@example.com,Kapan,2024-07-20,59.0,David Martirosyan
C10513,Karen,Avetisyan,customer513@example.com,Etchmiadzin,2023-06-09,57.0,Karen Avetisyan
C10514,Mariam,Hakobyan,customer514@example.com,Yerevan,2023-10-06,50.0,Mariam Hakobyan
C10515,Narek,Harutyunyan,customer515@example.com,Armavir,2023-10-16,29.0,Narek Harutyunyan
C10516,Narek,Grigoryan,customer516@example.com,Yerevan,2024-09-11,19.0,Narek Grigoryan
C10517,Hayk,Sargsyan,customer517@example.com,Yerevan,2023-08-04,45.0,Hayk Sargsyan
C10518,Saro,Hovhannisyan,customer518@example.com,Yerevan,2025-01-04,27.0,Saro Hovhannisyan
C10519,Sona,Stepanyan,customer519@example.com,Yerevan,2023-12-18,39.0,Sona Stepanyan
C10520,Mikael,Karapetyan,customer520@example.com,Gyumri,2023-07-28,34.0,Mikael Karapetyan
C10521,Tatev,Vardanyan,customer521@example.com,Etchmiadzin,2024-12-04,43.0,Tatev Vardanyan
C10522,Ani,Grigoryan,customer522@example.com,Yerevan,2024-10-11,20.0,Ani Grigoryan
C10523,Nare,Avetisyan,customer523@example.com,Abovyan,2025-05-23,24.0,Nare Avetisyan
C10524,Lusine,Harutyunyan,customer524@example.com,Yerevan,2023-09-28,61.0,Lusine Harutyunyan
C10525,Lilit,Petrosyan,customer525@example.com,Hrazdan,2024-06-01,25.0,Lilit Petrosyan
C10526,Tatev,Martirosyan,customer526@example.com,Yerevan,2024-05-15,37.0,Tatev Martirosyan
C10527,Arman,Karapetyan,customer527@example.com,Yerevan,2023-09-15,29.0,Arman Karapetyan
C10528,Arman,Hovhannisyan,customer528@example.com,Yerevan,2025-07-16,52.0,Arman Hovhannisyan
C10529,Hayk,Vardanyan,customer529@example.com,Yerevan,2025-07-18,34.0,Hayk Vardanyan
C10530,Saro,Karapetyan,customer530@example.com,Gyumri,2025-05-16,45.0,Saro Karapetyan
C10531,Suren,Grigoryan,customer531@example.com,Kapan,2023-02-22,58.0,Suren Grigoryan
C10532,Lilit,Vardanyan,customer532@example.com,Yerevan,2023-04-05,27.0,Lilit Vardanyan
C10533,Gor,Avetisyan,customer533@example.com,Abovyan,2024-10-11,39.0,Gor Avetisyan
C10534,Saro,Petrosyan,customer534@example.com,Abovyan,2024-03-09,55.0,Saro Petrosyan
C10535,Lilit,Mkrtchyan,customer535@example.com,Armavir,2025-04-29,50.0,Lilit Mkrtchyan
C10536,Anna,Stepanyan,customer536@example.com,Yerevan,2023-10-11,39.0,Anna Stepanyan
C10537,Tatev,Harutyunyan,customer537@example.com,Gyumri,2023-02-15,61.0,Tatev Harutyunyan
C10538,Tatev,Hovhannisyan,customer538@example.com,Artashat,2023-01-04,54.0,Tatev Hovhannisyan
C10539,Karen,Mkrtchyan,customer539@example.com,Abovyan,2023-12-08,,Karen Mkrtchyan
C10540,Nare,Martirosyan,customer540@example.com,Yerevan,2025-02-28,44.0,Nare Martirosyan
C10541,Sona,Petrosyan,customer541@example.com,Yerevan,2023-05-14,32.0,Sona Petrosyan
C10542,David,Ghazaryan,,Yerevan,2024-10-14,,David Ghazaryan
C10543,Lilit,Ghazaryan,customer543@example.com,Vanadzor,2023-09-26,47.0,Lilit Ghazaryan
C10544,Ani,Petrosyan,customer544@example.com,Hrazdan,2023-06-15,60.0,Ani Petrosyan
C10545,Anna,Harutyunyan,customer545@example.com,Yerevan,2025-01-29,57.0,Anna Harutyunyan
C10546,Tatev,Manukyan,customer546@example.com,Vanadzor,2024-03-28,54.0,Tatev Manukyan
C10547,Lusine,Mkrtchyan,customer547@example.com,Vanadzor,2024-07-18,51.0,Lusine Mkrtchyan
C10548,Ani,Hakobyan,customer548@example.com,Gyumri,2024-12-23,61.0,Ani Hakobyan
C10549,Hayk,Karapetyan,customer549@example.com,Abovyan,2024-03-13,51.0,Hayk Karapetyan
C10550,Hayk,Hovhannisyan,customer550@example.com,Kapan,2024-07-28,65.0,Hayk Hovhannisyan
C10551,Suren,Manukyan,customer551@example.com,Yerevan,2023-01-10,52.0,Suren Manukyan
C10552,Tatev,Hakobyan,customer552@example.com,Armavir,2023-04-25,59.0,Tatev Hakobyan
C10553,Tatev,Stepanyan,customer553@example.com,Yerevan,2023-03-19,36.0,Tatev Stepanyan
C10554,Eva,Avetisyan,customer554@example.com,Yerevan,2025-06-23,25.0,Eva Avetisyan
C10555,Mikael,Hovhannisyan,customer555@example.com,Yerevan,2024-12-08,56.0,Mikael Hovhannisyan
C10556,Mane,Hovhannisyan,customer556@example.com,Yerevan,2025-07-14,50.0,Mane Hovhannisyan
C10557,Narek,Ghazaryan,customer557@example.com,Yerevan,2023-06-02,61.0,Narek Ghazaryan
C10558,Arman,Harutyunyan,,Yerevan,2024-07-12,45.0,Arman Harutyunyan
C10559,Anna,Avetisyan,customer559@example.com,Vagharshapat,2023-02-06,54.0,Anna Avetisyan
C10560,Saro,Karapetyan,customer560@example.com,Yerevan,2025-05-04,65.0,Saro Karapetyan
C10561,Nare,Sargsyan,customer561@example.com,Hrazdan,2024-01-14,42.0,Nare Sargsyan
C10562,Karen,Hakobyan,customer562@example.com,Yerevan,2024-08-19,53.0,Karen Hakobyan
C10563,Eva,Ghazaryan,customer563@example.com,Artashat,2024-07-19,34.0,Eva Ghazaryan
C10564,David,Hovhannisyan,customer564@example.com,Hrazdan,2023-06-01,41.0,David Hovhannisyan
C10565,Lusine,Manukyan,customer565@example.com,Yerevan,2024-03-16,38.0,Lusine Manukyan
C10566,Arsen,Ghazaryan,customer566@example.com,Hrazdan,2023-05-11,19.0,Arsen Ghazaryan
C10567,Eva,Hakobyan,customer567@example.com,Gyumri,2023-02-12,48.0,Eva Hakobyan
C10568,Ani,Hakobyan,customer568@example.com,Etchmiadzin,2023-11-12,,Ani Hakobyan
C10569,Anna,Harutyunyan,customer569@example.com,Gyumri,2024-01-09,50.0,Anna Harutyunyan
C10570,Mikael,Hovhannisyan,customer570@example.com,Abovyan,2025-07-09,47.0,Mikael Hovhannisyan
C10571,Mane,Avetisyan,customer571@example.com,Etchmiadzin,2025-03-26,29.0,Mane Avetisyan
C10572,Suren,Mkrtchyan,customer572@example.com,Yerevan,2025-05-31,61.0,Suren Mkrtchyan
C10573,Gor,Stepanyan,,Yerevan,2023-02-10,29.0,Gor Stepanyan
C10574,Mikael,Sargsyan,customer574@example.com,Kapan,2025-07-09,41.0,Mikael Sargsyan
C10575,Sona,Harutyunyan,customer575@example.com,Yerevan,2024-01-02,41.0,Sona Harutyunyan
C10576,Hayk,Martirosyan,customer576@example.com,Gyumri,2023-08-04,28.0,Hayk Martirosyan
C10577,Suren,Stepanyan,customer577@example.com,Yerevan,2024-11-29,30.0,Suren Stepanyan
C10578,Sona,Hovhannisyan,customer578@example.com,Gyumri,2023-09-13,,Sona Hovhannisyan
C10579,Arman,Harutyunyan,customer579@example.com,Dilijan,2024-11-13,,Arman Harutyunyan
C10580,Sona,Karapetyan,customer580@example.com,Yerevan,2023-04-16,27.0,Sona Karapetyan
C10581,Karen,Sargsyan,customer581@example.com,Yerevan,2023-12-29,25.0,Karen Sargsyan
C10582,Narek,Ghazaryan,customer582@example.com,Abovyan,2025-03-09,37.0,Narek Ghazaryan
C10583,David,Petrosyan,customer583@example.com,Etchmiadzin,2024-07-27,25.0,David Petrosyan
C10584,Arman,Martirosyan,customer584@example.com,Yerevan,2025-06-24,26.0,Arman Martirosyan
C10585,Lusine,Grigoryan,customer585@example.com,Yerevan,2025-06-14,24.0,Lusine Grigoryan
C10586,David,Vardanyan,customer586@example.com,Artashat,2024-02-21,31.0,David Vardanyan
C10587,Ani,Harutyunyan,customer587@example.com,Abovyan,2024-09-27,45.0,Ani Harutyunyan
C10588,Nare,Hakobyan,customer588@example.com,Yerevan,2025-02-06,19.0,Nare Hakobyan
C10589,Tatev,Mkrtchyan,customer589@example.com,Yerevan,2023-06-08,60.0,Tatev Mkrtchyan
C10590,Mikael,Petrosyan,customer590@example.com,Gyumri,2025-08-05,25.0,Mikael Petrosyan
C10591,Tatev,Harutyunyan,customer591@example.com,Yerevan,2023-08-31,30.0,Tatev Harutyunyan
C10592,Arsen,Harutyunyan,customer592@example.com,Yerevan,2025-06-04,38.0,Arsen Harutyunyan
C10593,Anna,Manukyan,customer593@example.com,Armavir,2023-06-16,64.0,Anna Manukyan
C10594,Hayk,Stepanyan,customer594@example.com,Yerevan,2025-03-30,45.0,Hayk Stepanyan
C10595,Karen,Manukyan,,Hrazdan,2025-04-10,52.0,Karen Manukyan
C10596,Saro,Petrosyan,customer596@example.com,Yerevan,2023-07-01,40.0,Saro Petrosyan
C10597,Narek,Avetisyan,customer597@example.com,Hrazdan,2025-06-21,63.0,Narek Avetisyan
C10598,Eva,Ghazaryan,customer598@example.com,Hrazdan,2024-02-27,32.0,Eva Ghazaryan
C10599,Mariam,Manukyan,customer599@example.com,Yerevan,2023-01-26,19.0,Mariam Manukyan
C10600,Gor,Hakobyan,customer600@example.com,Gyumri,2023-07-03,29.0,Gor Hakobyan
C10601,Karen,Martirosyan,customer601@example.com,Yerevan,2025-01-24,53.0,Karen Martirosyan
C10602,Tatev,Grigoryan,customer602@example.com,Kapan,2025-08-04,20.0,Tatev Grigoryan
C10603,Narek,Stepanyan,customer603@example.com,Armavir,2023-12-07,22.0,Narek Stepanyan
C10604,Ani,Sargsyan,customer604@example.com,Yerevan,2025-03-12,20.0,Ani Sargsyan
C10605,Ani,Grigoryan,customer605@example.com,Yerevan,2024-02-26,64.0,Ani Grigoryan
C10606,Karen,Grigoryan,customer606@example.com,Yerevan,2025-04-01,36.0,Karen Grigoryan
C10607,Eva,Sargsyan,,Hrazdan,2024-11-16,19.0,Eva Sargsyan
C10608,Lusine,Manukyan,customer608@example.com,Yerevan,2025-06-03,61.0,Lusine Manukyan
C10609,Mane,Petrosyan,customer609@example.com,Yerevan,2025-01-22,54.0,Mane Petrosyan
C10610,Lusine,Sargsyan,customer610@example.com,Yerevan,2025-04-10,34.0,Lusine Sargsyan
C10611,Tatev,Ghazaryan,customer611@example.com,Yerevan,2023-09-12,31.0,Tatev Ghazaryan
C10612,Ani,Ghazaryan,customer612@example.com,Hrazdan,2023-10-01,45.0,Ani Ghazaryan
C10613,Mariam,Hovhannisyan,customer613@example.com,Yerevan,2023-06-13,44.0,Mariam Hovhannisyan
C10614,David,Karapetyan,customer614@example.com,Abovyan,2025-03-17,27.0,David Karapetyan
C10615,Anna,Avetisyan,customer615@example.com,Yerevan,2024-12-19,20.0,Anna Avetisyan
C10616,Ani,Martirosyan,customer616@example.com,Yerevan,2023-04-21,53.0,Ani Martirosyan
C10617,Mikael,Mkrtchyan,customer617@example.com,Vanadzor,2024-01-27,55.0,Mikael Mkrtchyan
C10618,Hayk,Manukyan,customer618@example.com,Dilijan,2025-06-12,42.0,Hayk Manukyan
C10619,Lusine,Stepanyan,customer619@example.com,Etchmiadzin,2023-02-09,39.0,Lusine Stepanyan
C10620,Narek,Avetisyan,customer620@example.com,Yerevan,2025-05-29,65.0,Narek Avetisyan
C10621,Narek,Sargsyan,customer621@example.com,Yerevan,2024-04-26,56.0,Narek Sargsyan
C10622,Hayk,Karapetyan,customer622@example.com,Kapan,2023-08-16,64.0,Hayk Karapetyan
C10623,Anna,Mkrtchyan,customer623@example.com,Yerevan,2023-07-24,,Anna Mkrtchyan
C10624,Narek,Stepanyan,customer624@example.com,Yerevan,2025-04-16,38.0,Narek Stepanyan
C10625,Narek,Martirosyan,customer625@example.com,Kapan,2025-07-29,47.0,Narek Martirosyan
C10626,Gor,Vardanyan,customer626@example.com,Etchmiadzin,2024-04-16,45.0,Gor Vardanyan
C10627,Gor,Martirosyan,customer627@example.com,Dilijan,2023-12-25,48.0,Gor Martirosyan
C10628,Saro,Manukyan,customer628@example.com,Armavir,2023-11-09,43.0,Saro Manukyan
C10629,Lusine,Sargsyan,customer629@example.com,Kapan,2025-04-20,60.0,Lusine Sargsyan
C10630,Arsen,Vardanyan,customer630@example.com,Yerevan,2025-03-25,39.0,Arsen Vardanyan
C10631,David,Avetisyan,customer631@example.com,Yerevan,2025-06-11,38.0,David Avetisyan
C10632,Arsen,Petrosyan,customer632@example.com,Vanadzor,2023-08-22,18.0,Arsen Petrosyan
C10633,Ani,Avetisyan,customer633@example.com,Gyumri,2023-08-17,54.0,Ani Avetisyan
C10634,Saro,Avetisyan,customer634@example.com,Gyumri,2023-01-25,30.0,Saro Avetisyan
C10635,Tatev,Martirosyan,customer635@example.com,Yerevan,2024-11-06,38.0,Tatev Martirosyan
C10636,Tatev,Petrosyan,customer636@example.com,Yerevan,2023-07-17,63.0,Tatev Petrosyan
C10637,Arman,Petrosyan,customer637@example.com,Vanadzor,2024-02-13,26.0,Arman Petrosyan
C10638,Ani,Manukyan,customer638@example.com,Yerevan,2023-12-03,34.0,Ani Manukyan
C10639,Lusine,Stepanyan,customer639@example.com,Yerevan,2023-10-13,64.0,Lusine Stepanyan
C10640,Sona,Mkrtchyan,customer640@example.com,Gyumri,2025-06-04,38.0,Sona Mkrtchyan
C10641,Mariam,Harutyunyan,customer641@example.com,Hrazdan,2023-03-13,48.0,Mariam Harutyunyan
C10642,Sona,Grigoryan,customer642@example.com,Yerevan,2025-03-02,56.0,Sona Grigoryan
C10643,Lilit,Stepanyan,,Gyumri,2023-10-13,39.0,Lilit Stepanyan
C10644,Mariam,Grigoryan,customer644@example.com,Hrazdan,2023-12-26,29.0,Mariam Grigoryan
C10645,Anna,Martirosyan,customer645@example.com,Yerevan,2024-10-18,23.0,Anna Martirosyan
C10646,Karen,Harutyunyan,customer646@example.com,Yerevan,2024-06-05,33.0,Karen Harutyunyan
C10647,Suren,Mkrtchyan,customer647@example.com,Yerevan,2024-02-14,43.0,Suren Mkrtchyan
C10648,Ani,Harutyunyan,customer648@example.com,Yerevan,2024-11-26,22.0,Ani Harutyunyan
C10649,Suren,Manukyan,customer649@example.com,Artashat,2025-05-13,26.0,Suren Manukyan
C10650,Narek,Avetisyan,customer650@example.com,Yerevan,2024-07-03,63.0,Narek Avetisyan
C10651,Lusine,Martirosyan,customer651@example.com,Abovyan,2023-12-06,57.0,Lusine Martirosyan
C10652,Mikael,Petrosyan,customer652@example.com,Yerevan,2023-01-29,31.0,Mikael Petrosyan
C10653,Eva,Ghazaryan,customer653@example.com,Yerevan,2023-04-29,61.0,Eva Ghazaryan
C10654,Eva,Martirosyan,customer654@example.com,Vanadzor,2025-06-17,59.0,Eva Martirosyan
C10655,Narek,Grigoryan,customer655@example.com,Yerevan,2023-09-25,47.0,Narek Grigoryan
C10656,Arsen,Vardanyan,customer656@example.com,Gyumri,2023-07-02,43.0,Arsen Vardanyan
C10657,Mariam,Mkrtchyan,customer657@example.com,Yerevan,2024-08-17,62.0,Mariam Mkrtchyan
C10658,Mane,Harutyunyan,customer658@example.com,Yerevan,2023-09-29,46.0,Mane Harutyunyan
C10659,Saro,Mkrtchyan,customer659@example.com,Vanadzor,2023-02-09,36.0,Saro Mkrtchyan
C10660,Lilit,Stepanyan,,Yerevan,2023-04-22,64.0,Lilit Stepanyan
C10661,Hayk,Manukyan,customer661@example.com,Armavir,2024-09-02,25.0,Hayk Manukyan
C10662,Mariam,Martirosyan,customer662@example.com,Vanadzor,2024-03-20,40.0,Mariam Martirosyan
C10663,Hayk,Stepanyan,customer663@example.com,Yerevan,2023-12-20,59.0,Hayk Stepanyan
C10664,Karen,Vardanyan,customer664@example.com,Yerevan,2025-01-16,52.0,Karen Vardanyan
C10665,Mariam,Sargsyan,customer665@example.com,Gyumri,2025-03-16,48.0,Mariam Sargsyan
C10666,Karen,Martirosyan,customer666@example.com,Hrazdan,2023-11-18,52.0,Karen Martirosyan
C10667,Eva,Stepanyan,customer667@example.com,Yerevan,2024-03-22,49.0,Eva Stepanyan
C10668,Saro,Petrosyan,customer668@example.com,Etchmiadzin,2024-09-12,22.0,Saro Petrosyan
C10669,Mariam,Martirosyan,customer669@example.com,Yerevan,2024-06-07,33.0,Mariam Martirosyan
C10670,Nare,Karapetyan,customer670@example.com,Etchmiadzin,2023-04-29,34.0,Nare Karapetyan
C10671,Hayk,Manukyan,customer671@example.com,Yerevan,2024-01-30,49.0,Hayk Manukyan
C10672,Ani,Hakobyan,customer672@example.com,Kapan,2025-07-10,55.0,Ani Hakobyan
C10673,Eva,Manukyan,customer673@example.com,Gyumri,2024-08-13,49.0,Eva Manukyan
C10674,Gor,Harutyunyan,customer674@example.com,Yerevan,2023-07-14,37.0,Gor Harutyunyan
C10675,Saro,Ghazaryan,customer675@example.com,Yerevan,2023-09-18,65.0,Saro Ghazaryan
C10676,Lusine,Hakobyan,customer676@example.com,Yerevan,2023-02-15,19.0,Lusine Hakobyan
C10677,Narek,Vardanyan,customer677@example.com,Dilijan,2024-12-26,37.0,Narek Vardanyan
C10678,Arman,Harutyunyan,customer678@example.com,Yerevan,2024-03-22,64.0,Arman Harutyunyan
C10679,Gor,Harutyunyan,customer679@example.com,Yerevan,2023-01-02,35.0,Gor Harutyunyan
C10680,Lusine,Petrosyan,customer680@example.com,Vanadzor,2024-06-16,18.0,Lusine Petrosyan
C10681,Gor,Vardanyan,customer681@example.com,Gyumri,2025-08-05,46.0,Gor Vardanyan
C10682,Lusine,Petrosyan,customer682@example.com,Gyumri,2025-04-05,46.0,Lusine Petrosyan
C10683,Nare,Vardanyan,,Abovyan,2024-07-05,36.0,Nare Vardanyan
C10684,Narek,Hovhannisyan,customer684@example.com,Yerevan,2024-12-04,61.0,Narek Hovhannisyan
C10685,Mariam,Avetisyan,customer685@example.com,Armavir,2025-01-06,57.0,Mariam Avetisyan
C10686,Hayk,Grigoryan,customer686@example.com,Yerevan,2025-01-29,,Hayk Grigoryan
C10687,Mariam,Vardanyan,customer687@example.com,Yerevan,2025-01-24,61.0,Mariam Vardanyan
C10688,Tatev,Avetisyan,customer688@example.com,Hrazdan,2024-11-17,56.0,Tatev Avetisyan
C10689,Mane,Avetisyan,customer689@example.com,Abovyan,2023-07-21,63.0,Mane Avetisyan
C10690,Mane,Ghazaryan,,Yerevan,2024-01-08,25.0,Mane Ghazaryan
C10691,Mikael,Grigoryan,customer691@example.com,Vanadzor,2024-03-17,41.0,Mikael Grigoryan
C10692,Mane,Sargsyan,customer692@example.com,Yerevan,2023-03-13,37.0,Mane Sargsyan
C10693,Saro,Hakobyan,customer693@example.com,Yerevan,2024-11-11,31.0,Saro Hakobyan
C10694,Eva,Mkrtchyan,customer694@example.com,Armavir,2025-07-31,22.0,Eva Mkrtchyan
C10695,Mikael,Avetisyan,customer695@example.com,Yerevan,2023-12-05,58.0,Mikael Avetisyan
C10696,Mane,Ghazaryan,customer696@example.com,Yerevan,2024-09-30,57.0,Mane Ghazaryan
C10697,Mikael,Hovhannisyan,,Etchmiadzin,2023-11-18,51.0,Mikael Hovhannisyan
C10698,Sona,Vardanyan,customer698@example.com,Dilijan,2024-11-10,33.0,Sona Vardanyan
C10699,Arman,Martirosyan,customer699@example.com,Gyumri,2025-05-18,62.0,Arman Martirosyan
C10700,Sona,Martirosyan,customer700@example.com,Gyumri,2023-05-08,24.0,Sona Martirosyan
C10701,Arman,Harutyunyan,customer701@example.com,Vanadzor,2025-01-07,33.0,Arman Harutyunyan
C10702,Anna,Grigoryan,customer702@example.com,Artashat,2025-07-10,24.0,Anna Grigoryan
C10703,Anna,Harutyunyan,customer703@example.com,Kapan,2023-11-04,-5.0,Anna Harutyunyan
C10704,Karen,Vardanyan,customer704@example.com,Yerevan,2024-06-03,31.0,Karen Vardanyan
C10705,Saro,Ghazaryan,customer705@example.com,Yerevan,2023-11-13,31.0,Saro Ghazaryan
C10706,Saro,Karapetyan,customer706@example.com,Gyumri,2024-11-13,61.0,Saro Karapetyan
C10707,Narek,Karapetyan,customer707@example.com,Etchmiadzin,2024-02-23,50.0,Narek Karapetyan
C10708,Karen,Hovhannisyan,customer708@example.com,Vanadzor,2023-12-01,50.0,Karen Hovhannisyan
C10709,Gor,Stepanyan,customer709@example.com,Abovyan,2024-02-17,61.0,Gor Stepanyan
C10710,Hayk,Mkrtchyan,customer710@example.com,Dilijan,2024-12-14,37.0,Hayk Mkrtchyan
C10711,Ani,Petrosyan,customer711@example.com,Yerevan,2023-10-30,64.0,Ani Petrosyan
C10712,Narek,Vardanyan,customer712@example.com,Yerevan,2024-07-21,53.0,Narek Vardanyan
C10713,David,Petrosyan,customer713@example.com,Yerevan,2023-05-11,24.0,David Petrosyan
C10714,Suren,Grigoryan,customer714@example.com,Yerevan,2023-07-16,49.0,Suren Grigoryan
C10715,Arsen,Grigoryan,customer715@example.com,Yerevan,2024-03-06,65.0,Arsen Grigoryan
C10716,Mariam,Avetisyan,customer716@example.com,Yerevan,2024-11-11,20.0,Mariam Avetisyan
C10717,Lusine,Karapetyan,customer717@example.com,Abovyan,2024-01-24,56.0,Lusine Karapetyan
C10718,Arsen,Avetisyan,customer718@example.com,Armavir,2024-11-24,46.0,Arsen Avetisyan
C10719,Tatev,Petrosyan,customer719@example.com,Gyumri,2025-02-05,41.0,Tatev Petrosyan
C10720,David,Stepanyan,customer720@example.com,Gyumri,2025-07-13,39.0,David Stepanyan
C10721,Eva,Hakobyan,customer721@example.com,Yerevan,2023-06-28,23.0,Eva Hakobyan
C10722,Eva,Hakobyan,customer722@example.com,Hrazdan,2024-09-22,65.0,Eva Hakobyan
C10723,Mane,Grigoryan,customer723@example.com,Hrazdan,2024-08-05,41.0,Mane Grigoryan
C10724,Mikael,Stepanyan,customer724@example.com,Vanadzor,2023-11-05,57.0,Mikael Stepanyan
C10725,Lusine,Harutyunyan,customer725@example.com,Yerevan,2024-02-20,40.0,Lusine Harutyunyan
C10726,Arman,Petrosyan,customer726@example.com,Yerevan,2024-07-15,55.0,Arman Petrosyan
C10727,Ani,Hakobyan,customer727@example.com,Yerevan,2025-05-03,27.0,Ani Hakobyan
C10728,Sona,Stepanyan,customer728@example.com,Vanadzor,2023-01-01,33.0,Sona Stepanyan
C10729,Lusine,Stepanyan,customer729@example.com,Vagharshapat,2023-11-08,28.0,Lusine Stepanyan
C10730,Anna,Petrosyan,customer730@example.com,Kapan,2023-10-21,49.0,Anna Petrosyan
C10731,Nare,Manukyan,customer731@example.com,Gyumri,2023-08-04,62.0,Nare Manukyan
C10732,Eva,Stepanyan,customer732@example.com,Etchmiadzin,2024-03-16,23.0,Eva Stepanyan
C10733,Eva,Stepanyan,customer733@example.com,Artashat,2025-03-15,41.0,Eva Stepanyan
C10734,Arsen,Martirosyan,customer734@example.com,Yerevan,2024-08-16,50.0,Arsen Martirosyan
C10735,Arsen,Karapetyan,customer735@example.com,Yerevan,2024-09-13,29.0,Arsen Karapetyan
C10736,Mariam,Avetisyan,customer736@example.com,Artashat,2024-11-01,44.0,Mariam Avetisyan
C10737,Tatev,Petrosyan,customer737@example.com,Yerevan,2023-11-26,55.0,Tatev Petrosyan
C10738,Arsen,Martirosyan,customer738@example.com,Armavir,2024-04-21,35.0,Arsen Martirosyan
C10739,Saro,Stepanyan,customer739@example.com,Dilijan,2024-03-28,62.0,Saro Stepanyan
C10740,Lilit,Manukyan,customer740@example.com,Abovyan,2024-03-28,56.0,Lilit Manukyan
C10741,Anna,Avetisyan,customer741@example.com,Etchmiadzin,2024-11-22,30.0,Anna Avetisyan
C10742,Eva,Petrosyan,customer742@example.com,Hrazdan,2023-08-07,57.0,Eva Petrosyan
C10743,Arsen,Grigoryan,customer743@example.com,Abovyan,2024-06-07,47.0,Arsen Grigoryan
C10744,Mane,Martirosyan,customer744@example.com,Yerevan,2024-04-29,58.0,Mane Martirosyan
C10745,Eva,Avetisyan,customer745@example.com,Yerevan,2025-03-23,30.0,Eva Avetisyan
C10746,Tatev,Petrosyan,customer746@example.com,Yerevan,2025-07-11,51.0,Tatev Petrosyan
C10747,Karen,Martirosyan,customer747@example.com,Abovyan,2025-03-26,53.0,Karen Martirosyan
C10748,Hayk,Manukyan,customer748@example.com,Yerevan,2025-01-23,47.0,Hayk Manukyan
C10749,Anna,Petrosyan,customer749@example.com,Yerevan,2023-06-23,42.0,Anna Petrosyan
C10750,Saro,Petrosyan,customer750@example.com,Yerevan,2024-11-05,19.0,Saro Petrosyan
C10751,Eva,Vardanyan,,Hrazdan,2023-03-28,53.0,Eva Vardanyan
C10752,Narek,Petrosyan,customer752@example.com,Dilijan,2023-10-18,35.0,Narek Petrosyan
C10753,Gor,Hovhannisyan,customer753@example.com,Dilijan,2024-06-11,22.0,Gor Hovhannisyan
C10754,Lilit,Mkrtchyan,customer754@example.com,Gyumri,2024-11-10,36.0,Lilit Mkrtchyan
C10755,Lusine,Hovhannisyan,customer755@example.com,Kapan,2024-10-10,59.0,Lusine Hovhannisyan
C10756,Lilit,Stepanyan,customer756@example.com,Hrazdan,2024-09-26,35.0,Lilit Stepanyan
C10757,Suren,Grigoryan,customer757@example.com,Gyumri,2023-12-10,49.0,Suren Grigoryan
C10758,Lusine,Stepanyan,customer758@example.com,Vanadzor,2023-04-06,38.0,Lusine Stepanyan
C10759,Tatev,Manukyan,customer759@example.com,Yerevan,2025-04-18,27.0,Tatev Manukyan
C10760,Nare,Hovhannisyan,customer760@example.com,Artashat,2025-02-08,54.0,Nare Hovhannisyan
C10761,Arman,Avetisyan,customer761@example.com,Yerevan,2023-08-29,39.0,Arman Avetisyan
C10762,Gor,Ghazaryan,,Yerevan,2024-11-19,30.0,Gor Ghazaryan
C10763,Anna,Mkrtchyan,customer763@example.com,Abovyan,2023-11-14,34.0,Anna Mkrtchyan
C10764,David,Harutyunyan,customer764@example.com,Yerevan,2023-08-19,26.0,David Harutyunyan
C10765,Tatev,Ghazaryan,customer765@example.com,Yerevan,2025-04-05,41.0,Tatev Ghazaryan
C10766,Karen,Mkrtchyan,customer766@example.com,Vanadzor,2023-07-23,61.0,Karen Mkrtchyan
C10767,Eva,Karapetyan,customer767@example.com,Yerevan,2023-05-31,31.0,Eva Karapetyan
C10768,Arman,Karapetyan,customer768@example.com,Hrazdan,2023-01-26,63.0,Arman Karapetyan
C10769,Eva,Petrosyan,customer769@example.com,Gyumri,2023-02-17,25.0,Eva Petrosyan
C10770,Mariam,Stepanyan,customer770@example.com,Vanadzor,2023-09-08,,Mariam Stepanyan
C10771,Eva,Mkrtchyan,customer771@example.com,Vanadzor,2024-05-01,36.0,Eva Mkrtchyan
C10772,Sona,Harutyunyan,customer772@example.com,Gyumri,2024-09-17,45.0,Sona Harutyunyan
C10773,Sona,Mkrtchyan,customer773@example.com,Vanadzor,2025-05-20,63.0,Sona Mkrtchyan
C10774,Lusine,Grigoryan,customer774@example.com,Abovyan,2025-02-25,58.0,Lusine Grigoryan
C10775,Suren,Ghazaryan,customer775@example.com,Hrazdan,2023-03-16,47.0,Suren Ghazaryan
C10776,Saro,Grigoryan,customer776@example.com,Hrazdan,2024-04-11,24.0,Saro Grigoryan
C10777,Gor,Harutyunyan,customer777@example.com,Kapan,2024-02-29,43.0,Gor Harutyunyan
C10778,David,Mkrtchyan,customer778@example.com,Yerevan,2025-06-26,57.0,David Mkrtchyan
C10779,Narek,Martirosyan,customer779@example.com,Yerevan,2024-10-06,63.0,Narek Martirosyan
C10780,Hayk,Vardanyan,customer780@example.com,Artashat,2024-08-12,63.0,Hayk Vardanyan
C10781,Nare,Stepanyan,customer781@example.com,Yerevan,2023-07-19,28.0,Nare Stepanyan
C10782,Mariam,Grigoryan,customer782@example.com,Yerevan,2025-01-05,31.0,Mariam Grigoryan
C10783,Tatev,Grigoryan,customer783@example.com,Gyumri,2024-12-14,,Tatev Grigoryan
C10784,Hayk,Hakobyan,customer784@example.com,Yerevan,2024-01-29,25.0,Hayk Hakobyan
C10785,Narek,Mkrtchyan,customer785@example.com,Yerevan,2024-05-21,20.0,Narek Mkrtchyan
C10786,Ani,Stepanyan,customer786@example.com,Dilijan,2024-02-14,45.0,Ani Stepanyan
C10787,Hayk,Grigoryan,customer787@example.com,Gyumri,2023-09-07,46.0,Hayk Grigoryan
C10788,Hayk,Hovhannisyan,customer788@example.com,Yerevan,2023-06-01,40.0,Hayk Hovhannisyan
C10789,Mikael,Manukyan,customer789@example.com,Dilijan,2024-11-02,35.0,Mikael Manukyan
C10790,Arman,Vardanyan,customer790@example.com,Dilijan,2024-12-05,52.0,Arman Vardanyan
C10791,Mane,Vardanyan,customer791@example.com,Yerevan,2023-01-06,30.0,Mane Vardanyan
C10792,David,Mkrtchyan,customer792@example.com,Yerevan,2025-07-03,29.0,David Mkrtchyan
C10793,Anna,Karapetyan,customer793@example.com,Kapan,2025-02-07,64.0,Anna Karapetyan
C10794,Saro,Hakobyan,customer794@example.com,Hrazdan,2025-05-31,22.0,Saro Hakobyan
C10795,Sona,Grigoryan,customer795@example.com,Abovyan,2025-02-27,56.0,Sona Grigoryan
C10796,Narek,Hakobyan,customer796@example.com,Armavir,2025-06-25,28.0,Narek Hakobyan
C10797,Arman,Karapetyan,customer797@example.com,Abovyan,2023-04-20,28.0,Arman Karapetyan
C10798,Hayk,Harutyunyan,customer798@example.com,Yerevan,2025-03-08,64.0,Hayk Harutyunyan
C10799,Mariam,Harutyunyan,customer799@example.com,Abovyan,2024-03-11,59.0,Mariam Harutyunyan
C10800,Nare,Ghazaryan,customer800@example.com,Yerevan,2023-08-13,64.0,Nare Ghazaryan
C10801,Mane,Mkrtchyan,customer801@example.com,Hrazdan,2023-06-30,48.0,Mane Mkrtchyan
C10802,Arman,Karapetyan,customer802@example.com,Vanadzor,2025-04-03,48.0,Arman Karapetyan
C10803,Eva,Sargsyan,customer803@example.com,Yerevan,2024-12-13,30.0,Eva Sargsyan
C10804,Hayk,Ghazaryan,customer804@example.com,Gyumri,2024-06-14,31.0,Hayk Ghazaryan
C10805,Lusine,Sargsyan,customer805@example.com,Yerevan,2024-04-20,62.0,Lusine Sargsyan
C10806,Hayk,Mkrtchyan,customer806@example.com,Yerevan,2023-02-21,59.0,Hayk Mkrtchyan
C10807,Saro,Petrosyan,customer807@example.com,Vanadzor,2024-07-24,42.0,Saro Petrosyan
C10808,Mariam,Stepanyan,customer808@example.com,Yerevan,2023-09-13,50.0,Mariam Stepanyan
C10809,Eva,Hakobyan,customer809@example.com,Etchmiadzin,2025-07-28,50.0,Eva Hakobyan
C10810,Mane,Hakobyan,customer810@example.com,Yerevan,2025-05-18,32.0,Mane Hakobyan
C10811,Sona,Stepanyan,customer811@example.com,Abovyan,2023-05-05,33.0,Sona Stepanyan
C10812,Saro,Stepanyan,customer812@example.com,Etchmiadzin,2024-04-12,61.0,Saro Stepanyan
C10813,Tatev,Harutyunyan,customer813@example.com,Abovyan,2023-05-17,55.0,Tatev Harutyunyan
C10814,Suren,Sargsyan,customer814@example.com,Gyumri,2025-03-31,23.0,Suren Sargsyan
C10815,Narek,Stepanyan,customer815@example.com,Artashat,2024-04-20,61.0,Narek Stepanyan
C10816,Hayk,Hovhannisyan,customer816@example.com,Yerevan,2024-11-14,42.0,Hayk Hovhannisyan
C10817,Arman,Avetisyan,customer817@example.com,Yerevan,2024-06-27,32.0,Arman Avetisyan
C10818,Saro,Stepanyan,customer818@example.com,Yerevan,2024-07-26,21.0,Saro Stepanyan
C10819,Nare,Grigoryan,customer819@example.com,Yerevan,2024-09-01,21.0,Nare Grigoryan
C10820,Ani,Grigoryan,customer820@example.com,Artashat,2023-11-21,47.0,Ani Grigoryan
C10821,Nare,Grigoryan,customer821@example.com,Yerevan,2025-02-12,51.0,Nare Grigoryan
C10822,Lusine,Harutyunyan,customer822@example.com,Etchmiadzin,2025-07-01,44.0,Lusine Harutyunyan
C10823,Suren,Vardanyan,customer823@example.com,Etchmiadzin,2024-03-29,48.0,Suren Vardanyan
C10824,Eva,Karapetyan,customer824@example.com,Yerevan,2024-09-19,49.0,Eva Karapetyan
C10825,Ani,Hovhannisyan,customer825@example.com,Vanadzor,2025-04-14,61.0,Ani Hovhannisyan
C10826,Arsen,Martirosyan,customer826@example.com,Yerevan,2025-01-06,-5.0,Arsen Martirosyan
C10827,Hayk,Vardanyan,customer827@example.com,Gyumri,2025-07-02,26.0,Hayk Vardanyan
C10828,Narek,Sargsyan,customer828@example.com,Yerevan,2024-05-31,58.0,Narek Sargsyan
C10829,Mane,Hovhannisyan,customer829@example.com,Artashat,2024-03-12,25.0,Mane Hovhannisyan
C10830,Arman,Ghazaryan,customer830@example.com,Dilijan,2025-04-30,31.0,Arman Ghazaryan
C10831,Tatev,Sargsyan,customer831@example.com,Yerevan,2025-07-17,50.0,Tatev Sargsyan
C10832,Mane,Hovhannisyan,customer832@example.com,Yerevan,2024-07-15,40.0,Mane Hovhannisyan
C10833,Anna,Avetisyan,customer833@example.com,Hrazdan,2024-04-01,38.0,Anna Avetisyan
C10834,Ani,Hovhannisyan,customer834@example.com,Yerevan,2025-07-07,29.0,Ani Hovhannisyan
C10835,Hayk,Hovhannisyan,customer835@example.com,Armavir,2023-06-12,19.0,Hayk Hovhannisyan
C10836,Karen,Vardanyan,customer836@example.com,Vanadzor,2025-01-31,30.0,Karen Vardanyan
C10837,Gor,Hovhannisyan,customer837@example.com,Yerevan,2025-06-01,21.0,Gor Hovhannisyan
C10838,Narek,Hakobyan,customer838@example.com,Kapan,2024-05-01,37.0,Narek Hakobyan
C10839,Gor,Vardanyan,customer839@example.com,Gyumri,2024-04-05,65.0,Gor Vardanyan
C10840,Suren,Petrosyan,customer840@example.com,Armavir,2023-09-23,31.0,Suren Petrosyan
C10841,Mariam,Mkrtchyan,customer841@example.com,Artashat,2025-02-08,47.0,Mariam Mkrtchyan
C10842,Tatev,Ghazaryan,customer842@example.com,Yerevan,2023-09-11,46.0,Tatev Ghazaryan
C10843,Sona,Ghazaryan,customer843@example.com,Yerevan,2025-05-10,-5.0,Sona Ghazaryan
C10844,Mariam,Hakobyan,customer844@example.com,Dilijan,2024-10-14,29.0,Mariam Hakobyan
C10845,Nare,Stepanyan,customer845@example.com,Armavir,2023-10-11,58.0,Nare Stepanyan
C10846,Ani,Karapetyan,,Yerevan,2025-02-23,55.0,Ani Karapetyan
C10847,Narek,Mkrtchyan,customer847@example.com,Kapan,2025-03-07,43.0,Narek Mkrtchyan
C10848,David,Sargsyan,customer848@example.com,Gyumri,2024-06-17,19.0,David Sargsyan
C10849,Lusine,Karapetyan,customer849@example.com,Yerevan,2024-05-11,57.0,Lusine Karapetyan
C10850,David,Mkrtchyan,customer850@example.com,Armavir,2024-10-03,31.0,David Mkrtchyan
C10851,Mane,Avetisyan,customer851@example.com,Yerevan,2023-09-02,23.0,Mane Avetisyan
C10852,Eva,Avetisyan,customer852@example.com,Artashat,2023-10-09,59.0,Eva Avetisyan
C10853,Hayk,Manukyan,customer853@example.com,Yerevan,2024-03-26,57.0,Hayk Manukyan
C10854,Anna,Stepanyan,customer854@example.com,Vanadzor,2023-03-21,48.0,Anna Stepanyan
C10855,Lusine,Vardanyan,customer855@example.com,Yerevan,2024-12-31,34.0,Lusine Vardanyan
C10856,Narek,Martirosyan,customer856@example.com,Gyumri,2023-10-20,42.0,Narek Martirosyan
C10857,Suren,Avetisyan,customer857@example.com,Abovyan,2023-08-29,49.0,Suren Avetisyan
C10858,Karen,Sargsyan,customer858@example.com,Yerevan,2023-10-06,29.0,Karen Sargsyan
C10859,Arsen,Petrosyan,customer859@example.com,Gyumri,2023-12-10,30.0,Arsen Petrosyan
C10860,Mane,Grigoryan,customer860@example.com,Gyumri,2023-11-24,,Mane Grigoryan
C10861,David,Manukyan,customer861@example.com,Yerevan,2025-07-03,61.0,David Manukyan
C10862,Mariam,Grigoryan,customer862@example.com,Vagharshapat,2024-07-07,65.0,Mariam Grigoryan
C10863,Suren,Ghazaryan,customer863@example.com,Yerevan,2023-03-24,42.0,Suren Ghazaryan
C10864,Anna,Stepanyan,customer864@example.com,Vanadzor,2023-05-22,48.0,Anna Stepanyan
C10865,Anna,Hovhannisyan,customer865@example.com,Gyumri,2023-06-04,54.0,Anna Hovhannisyan
C10866,Ani,Martirosyan,customer866@example.com,Gyumri,2023-08-25,42.0,Ani Martirosyan
C10867,Sona,Ghazaryan,customer867@example.com,Yerevan,2024-01-28,33.0,Sona Ghazaryan
C10868,Sona,Mkrtchyan,customer868@example.com,Yerevan,2024-12-11,55.0,Sona Mkrtchyan
C10869,Mane,Ghazaryan,customer869@example.com,Gyumri,2023-06-06,60.0,Mane Ghazaryan
C10870,David,Harutyunyan,customer870@example.com,Hrazdan,2024-12-24,40.0,David Harutyunyan
C10871,Narek,Stepanyan,customer871@example.com,Kapan,2023-08-08,31.0,Narek Stepanyan
C10872,Arsen,Avetisyan,customer872@example.com,Gyumri,2023-03-07,23.0,Arsen Avetisyan
C10873,Anna,Petrosyan,customer873@example.com,Yerevan,2024-02-29,42.0,Anna Petrosyan
C10874,Narek,Martirosyan,customer874@example.com,Yerevan,2024-02-22,40.0,Narek Martirosyan
C10875,Narek,Grigoryan,customer875@example.com,Yerevan,2023-12-05,60.0,Narek Grigoryan
C10876,Saro,Manukyan,customer876@example.com,Yerevan,2024-07-09,29.0,Saro Manukyan
C10877,Arsen,Avetisyan,customer877@example.com,Yerevan,2024-04-22,30.0,Arsen Avetisyan
C10878,Arman,Sargsyan,customer878@example.com,Yerevan,2024-03-01,53.0,Arman Sargsyan
C10879,Tatev,Avetisyan,customer879@example.com,Yerevan,2023-03-05,56.0,Tatev Avetisyan
C10880,Gor,Manukyan,customer880@example.com,Yerevan,2023-07-31,51.0,Gor Manukyan
C10881,Karen,Manukyan,customer881@example.com,Yerevan,2025-05-02,23.0,Karen Manukyan
C10882,Sona,Harutyunyan,customer882@example.com,Yerevan,2024-03-06,55.0,Sona Harutyunyan
C10883,Sona,Vardanyan,customer883@example.com,Yerevan,2024-02-03,-5.0,Sona Vardanyan
C10884,Lilit,Avetisyan,customer884@example.com,Yerevan,2025-07-15,25.0,Lilit Avetisyan
C10885,Sona,Ghazaryan,customer885@example.com,Gyumri,2025-02-27,25.0,Sona Ghazaryan
C10886,Arsen,Avetisyan,customer886@example.com,Yerevan,2024-08-21,57.0,Arsen Avetisyan
C10887,Saro,Stepanyan,customer887@example.com,Yerevan,2024-12-13,50.0,Saro Stepanyan
C10888,Hayk,Stepanyan,customer888@example.com,Yerevan,2023-01-21,51.0,Hayk Stepanyan
C10889,Ani,Hovhannisyan,customer889@example.com,Yerevan,2025-05-27,61.0,Ani Hovhannisyan
C10890,Eva,Harutyunyan,customer890@example.com,Yerevan,2025-06-20,32.0,Eva Harutyunyan
C10891,Ani,Karapetyan,customer891@example.com,Gyumri,2025-02-22,53.0,Ani Karapetyan
C10892,Lusine,Karapetyan,customer892@example.com,Abovyan,2024-08-12,52.0,Lusine Karapetyan
C10893,Ani,Hovhannisyan,customer893@example.com,Yerevan,2024-01-25,63.0,Ani Hovhannisyan
C10894,Eva,Mkrtchyan,customer894@example.com,Yerevan,2024-05-03,39.0,Eva Mkrtchyan
C10895,Mariam,Karapetyan,customer895@example.com,Armavir,2023-01-07,40.0,Mariam Karapetyan
C10896,Arsen,Stepanyan,customer896@example.com,Yerevan,2023-12-27,57.0,Arsen Stepanyan
C10897,Sona,Hovhannisyan,customer897@example.com,Yerevan,2023-11-02,62.0,Sona Hovhannisyan
C10898,Sona,Hakobyan,customer898@example.com,Kapan,2025-02-10,39.0,Sona Hakobyan
C10899,Saro,Vardanyan,customer899@example.com,Vagharshapat,2024-02-04,22.0,Saro Vardanyan
C10900,Lilit,Vardanyan,customer900@example.com,Yerevan,2025-05-23,48.0,Lilit Vardanyan
C10901,Saro,Ghazaryan,customer901@example.com,Gyumri,2025-07-02,30.0,Saro Ghazaryan
C10902,Hayk,Avetisyan,customer902@example.com,Yerevan,2025-05-05,45.0,Hayk Avetisyan
C10903,Hayk,Ghazaryan,customer903@example.com,Yerevan,2024-03-05,37.0,Hayk Ghazaryan
C10904,Anna,Hovhannisyan,customer904@example.com,Vanadzor,2024-07-05,50.0,Anna Hovhannisyan
C10905,Lilit,Petrosyan,customer905@example.com,Yerevan,2025-02-04,33.0,Lilit Petrosyan
C10906,Saro,Avetisyan,customer906@example.com,Yerevan,2025-01-22,46.0,Saro Avetisyan
C10907,Sona,Hakobyan,customer907@example.com,Artashat,2024-07-13,40.0,Sona Hakobyan
C10908,Gor,Hakobyan,customer908@example.com,Artashat,2025-03-30,41.0,Gor Hakobyan
C10909,Nare,Ghazaryan,customer909@example.com,Yerevan,2024-09-09,,Nare Ghazaryan
C10910,Eva,Grigoryan,customer910@example.com,Vanadzor,2025-07-08,24.0,Eva Grigoryan
C10911,Eva,Avetisyan,customer911@example.com,Gyumri,2023-08-14,55.0,Eva Avetisyan
C10912,Ani,Martirosyan,customer912@example.com,Armavir,2024-05-14,54.0,Ani Martirosyan
C10913,Nare,Hakobyan,customer913@example.com,Yerevan,2023-08-13,21.0,Nare Hakobyan
C10914,Lilit,Vardanyan,customer914@example.com,Yerevan,2023-10-07,51.0,Lilit Vardanyan
C10915,Arman,Petrosyan,customer915@example.com,Yerevan,2024-03-22,59.0,Arman Petrosyan
C10916,Hayk,Vardanyan,customer916@example.com,Yerevan,2024-05-12,39.0,Hayk Vardanyan
C10917,Ani,Harutyunyan,customer917@example.com,Yerevan,2023-01-30,22.0,Ani Harutyunyan
C10918,Narek,Mkrtchyan,customer918@example.com,Etchmiadzin,2024-02-03,59.0,Narek Mkrtchyan
C10919,Ani,Grigoryan,customer919@example.com,Abovyan,2023-12-11,40.0,Ani Grigoryan
C10920,Arman,Harutyunyan,customer920@example.com,Yerevan,2024-11-15,32.0,Arman Harutyunyan
C10921,Mariam,Grigoryan,customer921@example.com,Gyumri,2024-11-26,48.0,Mariam Grigoryan
C10922,Gor,Vardanyan,customer922@example.com,Yerevan,2025-03-28,26.0,Gor Vardanyan
C10923,Narek,Stepanyan,customer923@example.com,Armavir,2024-02-19,60.0,Narek Stepanyan
C10924,Gor,Petrosyan,customer924@example.com,Artashat,2025-01-11,42.0,Gor Petrosyan
C10925,Ani,Vardanyan,customer925@example.com,Dilijan,2023-06-19,42.0,Ani Vardanyan
C10926,Hayk,Stepanyan,customer926@example.com,Kapan,2025-05-10,38.0,Hayk Stepanyan
C10927,Tatev,Ghazaryan,customer927@example.com,Yerevan,2024-04-23,26.0,Tatev Ghazaryan
C10928,Eva,Manukyan,customer928@example.com,Yerevan,2025-07-30,65.0,Eva Manukyan
C10929,Arman,Avetisyan,customer929@example.com,Vanadzor,2023-05-11,55.0,Arman Avetisyan
C10930,Tatev,Vardanyan,customer930@example.com,Armavir,2024-09-29,39.0,Tatev Vardanyan
C10931,Nare,Stepanyan,customer931@example.com,Yerevan,2024-06-30,60.0,Nare Stepanyan
C10932,Eva,Hovhannisyan,customer932@example.com,Yerevan,2023-01-28,40.0,Eva Hovhannisyan
C10933,Sona,Sargsyan,customer933@example.com,Etchmiadzin,2025-07-17,21.0,Sona Sargsyan
C10934,Narek,Martirosyan,customer934@example.com,Yerevan,2024-02-08,46.0,Narek Martirosyan
C10935,Eva,Harutyunyan,customer935@example.com,Yerevan,2024-08-29,32.0,Eva Harutyunyan
C10936,Arman,Avetisyan,customer936@example.com,Abovyan,2024-07-31,18.0,Arman Avetisyan
C10937,Suren,Martirosyan,,Yerevan,2024-11-09,47.0,Suren Martirosyan
C10938,Tatev,Manukyan,customer938@example.com,Yerevan,2023-01-28,46.0,Tatev Manukyan
C10939,Mariam,Sargsyan,customer939@example.com,Etchmiadzin,2023-03-27,37.0,Mariam Sargsyan
C10940,Saro,Martirosyan,customer940@example.com,Vanadzor,2024-10-20,,Saro Martirosyan
C10941,Saro,Martirosyan,customer941@example.com,Dilijan,2024-03-14,58.0,Saro Martirosyan
C10942,Arman,Harutyunyan,,Yerevan,2023-05-19,61.0,Arman Harutyunyan
C10943,Arman,Karapetyan,customer943@example.com,Yerevan,2025-06-06,53.0,Arman Karapetyan
C10944,Mane,Sargsyan,customer944@example.com,Hrazdan,2024-04-17,39.0,Mane Sargsyan
C10945,Narek,Avetisyan,customer945@example.com,Gyumri,2023-07-06,30.0,Narek Avetisyan
C10946,Nare,Manukyan,customer946@example.com,Yerevan,2023-02-21,24.0,Nare Manukyan
C10947,Mane,Sargsyan,customer947@example.com,Vagharshapat,2023-09-24,25.0,Mane Sargsyan
C10948,Gor,Ghazaryan,customer948@example.com,Yerevan,2024-01-24,45.0,Gor Ghazaryan
C10949,Sona,Petrosyan,customer949@example.com,Yerevan,2023-12-02,62.0,Sona Petrosyan
C10950,Hayk,Ghazaryan,customer950@example.com,Yerevan,2023-08-05,60.0,Hayk Ghazaryan
C10951,Hayk,Karapetyan,customer951@example.com,Yerevan,2024-04-10,26.0,Hayk Karapetyan
C10952,Sona,Petrosyan,customer952@example.com,Yerevan,2023-12-01,42.0,Sona Petrosyan
C10953,Eva,Manukyan,customer953@example.com,Gyumri,2023-12-12,33.0,Eva Manukyan
C10954,Arsen,Harutyunyan,,Abovyan,2025-02-18,27.0,Arsen Harutyunyan
C10955,Mane,Harutyunyan,customer955@example.com,Armavir,2025-06-19,28.0,Mane Harutyunyan
C10956,Suren,Stepanyan,customer956@example.com,Yerevan,2024-01-24,48.0,Suren Stepanyan
C10957,Tatev,Manukyan,customer957@example.com,Yerevan,2023-10-12,29.0,Tatev Manukyan
C10958,Sona,Grigoryan,customer958@example.com,Yerevan,2025-02-09,48.0,Sona Grigoryan
C10959,Karen,Manukyan,customer959@example.com,Yerevan,2025-05-01,31.0,Karen Manukyan
C10960,Ani,Ghazaryan,customer960@example.com,Abovyan,2024-03-07,61.0,Ani Ghazaryan
C10961,Eva,Karapetyan,customer961@example.com,Hrazdan,2023-09-16,49.0,Eva Karapetyan
C10962,Sona,Vardanyan,customer962@example.com,Etchmiadzin,2025-05-04,34.0,Sona Vardanyan
C10963,Mane,Hakobyan,customer963@example.com,Yerevan,2023-03-25,52.0,Mane Hakobyan
C10964,Suren,Harutyunyan,customer964@example.com,Yerevan,2024-04-26,18.0,Suren Harutyunyan
C10965,Suren,Mkrtchyan,customer965@example.com,Gyumri,2023-01-20,46.0,Suren Mkrtchyan
C10966,Arman,Karapetyan,customer966@example.com,Yerevan,2025-02-06,21.0,Arman Karapetyan
C10967,Mikael,Vardanyan,customer967@example.com,Vanadzor,2024-07-06,40.0,Mikael Vardanyan
C10968,Arman,Hovhannisyan,customer968@example.com,Dilijan,2023-02-23,45.0,Arman Hovhannisyan
C10969,Narek,Karapetyan,customer969@example.com,Yerevan,2023-12-25,33.0,Narek Karapetyan
C10970,Narek,Karapetyan,customer970@example.com,Hrazdan,2023-08-18,29.0,Narek Karapetyan
C10971,Sona,Stepanyan,customer971@example.com,Gyumri,2024-10-27,38.0,Sona Stepanyan
C10972,Gor,Martirosyan,customer972@example.com,Yerevan,2023-03-12,62.0,Gor Martirosyan
C10973,Lusine,Karapetyan,customer973@example.com,Vanadzor,2025-03-10,34.0,Lusine Karapetyan
C10974,David,Stepanyan,customer974@example.com,Yerevan,2024-10-29,57.0,David Stepanyan
C10975,Saro,Harutyunyan,customer975@example.com,Yerevan,2023-02-11,30.0,Saro Harutyunyan
C10976,Arsen,Hakobyan,customer976@example.com,Vanadzor,2025-02-11,49.0,Arsen Hakobyan
C10977,Sona,Hakobyan,customer977@example.com,Kapan,2023-02-01,54.0,Sona Hakobyan
C10978,David,Karapetyan,customer978@example.com,Yerevan,2023-09-11,32.0,David Karapetyan
C10979,Mane,Hovhannisyan,customer979@example.com,Yerevan,2023-07-24,29.0,Mane Hovhannisyan
C10980,Ani,Petrosyan,customer980@example.com,Armavir,2025-05-09,32.0,Ani Petrosyan
C10981,Arsen,Harutyunyan,customer981@example.com,Vagharshapat,2023-01-21,51.0,Arsen Harutyunyan
C10982,Narek,Stepanyan,customer982@example.com,Hrazdan,2024-09-28,23.0,Narek Stepanyan
C10983,Arsen,Harutyunyan,customer983@example.com,Yerevan,2023-06-06,34.0,Arsen Harutyunyan
C10984,Arman,Hovhannisyan,customer984@example.com,Armavir,2023-09-02,65.0,Arman Hovhannisyan
C10985,Ani,Sargsyan,customer985@example.com,Yerevan,2023-05-10,37.0,Ani Sargsyan
C10986,Saro,Ghazaryan,customer986@example.com,Vanadzor,2024-04-29,26.0,Saro Ghazaryan
C10987,Sona,Hovhannisyan,customer987@example.com,Yerevan,2024-11-16,22.0,Sona Hovhannisyan
C10988,Eva,Stepanyan,customer988@example.com,Abovyan,2023-04-28,40.0,Eva Stepanyan
C10989,Eva,Hovhannisyan,customer989@example.com,Yerevan,2024-07-31,50.0,Eva Hovhannisyan
C10990,David,Stepanyan,customer990@example.com,Yerevan,2023-08-12,55.0,David Stepanyan
C10991,David,Avetisyan,customer991@example.com,Yerevan,2024-04-21,31.0,David Avetisyan
C10992,Gor,Grigoryan,customer992@example.com,Yerevan,2024-12-17,34.0,Gor Grigoryan
C10993,Nare,Stepanyan,customer993@example.com,Vanadzor,2023-09-20,36.0,Nare Stepanyan
C10994,David,Hovhannisyan,customer994@example.com,Armavir,2025-02-24,50.0,David Hovhannisyan
C10995,Anna,Grigoryan,customer995@example.com,Artashat,2024-01-13,18.0,Anna Grigoryan
C10996,Nare,Stepanyan,customer996@example.com,Yerevan,2023-06-21,30.0,Nare Stepanyan
C10997,Mane,Stepanyan,customer997@example.com,Hrazdan,2024-09-12,63.0,Mane Stepanyan
C10998,Hayk,Petrosyan,customer998@example.com,Abovyan,2024-09-13,44.0,Hayk Petrosyan
C10999,Mariam,Grigoryan,customer999@example.com,Yerevan,2025-02-04,23.0,Mariam Grigoryan
C11000,Lilit,Sargsyan,customer1000@example.com,Yerevan,2025-01-05,23.0,Lilit Sargsyan
C11001,Karen,Hovhannisyan,customer1001@example.com,Abovyan,2023-04-28,50.0,Karen Hovhannisyan
C11002,Mariam,Hovhannisyan,customer1002@example.com,Artashat,2025-03-07,47.0,Mariam Hovhannisyan
C11003,Lusine,Manukyan,customer1003@example.com,Vanadzor,2025-04-18,63.0,Lusine Manukyan
C11004,Mane,Grigoryan,customer1004@example.com,Yerevan,2023-06-17,52.0,Mane Grigoryan
C11005,Suren,Harutyunyan,customer1005@example.com,Gyumri,2023-11-15,40.0,Suren Harutyunyan
C11006,Saro,Hovhannisyan,customer1006@example.com,Yerevan,2023-04-21,27.0,Saro Hovhannisyan
C11007,Lilit,Vardanyan,customer1007@example.com,Hrazdan,2024-08-15,36.0,Lilit Vardanyan
C11008,Nare,Ghazaryan,customer1008@example.com,Hrazdan,2023-01-27,45.0,Nare Ghazaryan
C11009,Hayk,Manukyan,customer1009@example.com,Yerevan,2023-11-16,40.0,Hayk Manukyan
C11010,Ani,Grigoryan,customer1010@example.com,Armavir,2024-08-12,21.0,Ani Grigoryan
C11011,Lusine,Harutyunyan,customer1011@example.com,Yerevan,2024-11-24,37.0,Lusine Harutyunyan
C11012,Mane,Harutyunyan,,Dilijan,2025-07-18,36.0,Mane Harutyunyan
C11013,Karen,Vardanyan,customer1013@example.com,Yerevan,2024-01-20,59.0,Karen Vardanyan
C11014,Lusine,Karapetyan,customer1014@example.com,Yerevan,2024-02-11,44.0,Lusine Karapetyan
C11015,Lilit,Hakobyan,customer1015@example.com,Yerevan,2025-01-02,51.0,Lilit Hakobyan
C11016,Lusine,Petrosyan,customer1016@example.com,Yerevan,2023-07-23,21.0,Lusine Petrosyan
C11017,Nare,Sargsyan,customer1017@example.com,Yerevan,2023-03-19,55.0,Nare Sargsyan
C11018,David,Martirosyan,customer1018@example.com,Vanadzor,2024-08-29,24.0,David Martirosyan
C11019,Lusine,Hovhannisyan,customer1019@example.com,Vanadzor,2024-12-08,65.0,Lusine Hovhannisyan
C11020,Nare,Avetisyan,customer1020@example.com,Hrazdan,2025-04-30,24.0,Nare Avetisyan
C11021,Sona,Grigoryan,customer1021@example.com,Yerevan,2024-10-04,43.0,Sona Grigoryan
C11022,Lusine,Grigoryan,customer1022@example.com,Gyumri,2023-09-06,43.0,Lusine Grigoryan
C11023,Lilit,Manukyan,customer1023@example.com,Yerevan,2023-04-15,36.0,Lilit Manukyan
C11024,Ani,Manukyan,customer1024@example.com,Abovyan,2024-12-14,26.0,Ani Manukyan
C11025,Tatev,Stepanyan,customer1025@example.com,Yerevan,2025-03-02,37.0,Tatev Stepanyan
C11026,Saro,Avetisyan,customer1026@example.com,Armavir,2023-11-05,59.0,Saro Avetisyan
C11027,Saro,Grigoryan,customer1027@example.com,Abovyan,2025-05-20,62.0,Saro Grigoryan
C11028,Lusine,Mkrtchyan,customer1028@example.com,Gyumri,2024-12-01,33.0,Lusine Mkrtchyan
C11029,Tatev,Sargsyan,customer1029@example.com,Yerevan,2024-09-06,34.0,Tatev Sargsyan
C11030,Mikael,Stepanyan,,Yerevan,2025-04-04,39.0,Mikael Stepanyan
C11031,Sona,Stepanyan,customer1031@example.com,Yerevan,2023-05-04,30.0,Sona Stepanyan
C11032,Saro,Grigoryan,customer1032@example.com,Kapan,2025-03-26,29.0,Saro Grigoryan
C11033,Karen,Hovhannisyan,customer1033@example.com,Armavir,2024-08-02,27.0,Karen Hovhannisyan
C11034,Ani,Hakobyan,customer1034@example.com,Yerevan,2025-03-12,18.0,Ani Hakobyan
C11035,Arsen,Avetisyan,customer1035@example.com,Vanadzor,2023-02-12,49.0,Arsen Avetisyan
C11036,Saro,Stepanyan,customer1036@example.com,Hrazdan,2023-12-22,47.0,Saro Stepanyan
C11037,Eva,Hovhannisyan,customer1037@example.com,Vanadzor,2024-06-29,25.0,Eva Hovhannisyan
C11038,Karen,Mkrtchyan,customer1038@example.com,Yerevan,2024-03-14,38.0,Karen Mkrtchyan
C11039,Mariam,Sargsyan,customer1039@example.com,Yerevan,2024-11-08,39.0,Mariam Sargsyan
C11040,Lusine,Grigoryan,customer1040@example.com,Yerevan,2024-01-15,35.0,Lusine Grigoryan
C11041,Karen,Martirosyan,customer1041@example.com,Kapan,2023-03-12,19.0,Karen Martirosyan
C11042,Hayk,Karapetyan,customer1042@example.com,Gyumri,2024-06-02,65.0,Hayk Karapetyan
C11043,Saro,Hovhannisyan,customer1043@example.com,Gyumri,2024-10-25,61.0,Saro Hovhannisyan
C11044,Arman,Vardanyan,customer1044@example.com,Artashat,2023-12-16,26.0,Arman Vardanyan
C11045,Ani,Hakobyan,customer1045@example.com,Vanadzor,2023-01-13,20.0,Ani Hakobyan
C11046,Sona,Martirosyan,customer1046@example.com,Armavir,2025-05-19,43.0,Sona Martirosyan
C11047,Lilit,Ghazaryan,customer1047@example.com,Gyumri,2024-03-06,38.0,Lilit Ghazaryan
C11048,Anna,Manukyan,customer1048@example.com,Yerevan,2025-04-22,47.0,Anna Manukyan
C11049,Gor,Hovhannisyan,customer1049@example.com,Artashat,2024-05-16,45.0,Gor Hovhannisyan
C11050,Gor,Manukyan,customer1050@example.com,Gyumri,2023-04-19,53.0,Gor Manukyan
C11051,Saro,Grigoryan,,Yerevan,2024-03-19,43.0,Saro Grigoryan
C11052,Arsen,Manukyan,customer1052@example.com,Yerevan,2024-01-06,51.0,Arsen Manukyan
C11053,Mariam,Ghazaryan,customer1053@example.com,Yerevan,2024-10-12,25.0,Mariam Ghazaryan
C11054,Ani,Hakobyan,customer1054@example.com,Gyumri,2025-07-01,27.0,Ani Hakobyan
C11055,Karen,Sargsyan,customer1055@example.com,Kapan,2025-04-28,65.0,Karen Sargsyan
C11056,Lilit,Harutyunyan,customer1056@example.com,Artashat,2024-04-15,60.0,Lilit Harutyunyan
C11057,Sona,Petrosyan,customer1057@example.com,Artashat,2024-12-25,31.0,Sona Petrosyan
C11058,Ani,Avetisyan,customer1058@example.com,Yerevan,2023-06-06,57.0,Ani Avetisyan
C11059,Anna,Sargsyan,customer1059@example.com,Yerevan,2024-03-21,32.0,Anna Sargsyan
C11060,Sona,Harutyunyan,customer1060@example.com,Yerevan,2023-06-30,34.0,Sona Harutyunyan
C11061,Eva,Mkrtchyan,customer1061@example.com,Kapan,2025-01-21,35.0,Eva Mkrtchyan
C11062,Narek,Vardanyan,customer1062@example.com,Yerevan,2024-06-18,49.0,Narek Vardanyan
C11063,Anna,Hovhannisyan,customer1063@example.com,Vanadzor,2024-10-28,55.0,Anna Hovhannisyan
C11064,Saro,Hovhannisyan,customer1064@example.com,Hrazdan,2023-10-04,40.0,Saro Hovhannisyan
C11065,Ani,Stepanyan,customer1065@example.com,Yerevan,2024-09-22,63.0,Ani Stepanyan
C11066,Eva,Hakobyan,customer1066@example.com,Yerevan,2025-04-07,40.0,Eva Hakobyan
C11067,Sona,Hovhannisyan,customer1067@example.com,Dilijan,2025-07-30,52.0,Sona Hovhannisyan
C11068,Mariam,Martirosyan,customer1068@example.com,Dilijan,2024-07-05,56.0,Mariam Martirosyan
C11069,Anna,Harutyunyan,customer1069@example.com,Yerevan,2025-03-04,32.0,Anna Harutyunyan
C11070,Arsen,Hakobyan,customer1070@example.com,Gyumri,2024-05-10,41.0,Arsen Hakobyan
C11071,Arsen,Karapetyan,customer1071@example.com,Dilijan,2024-04-21,45.0,Arsen Karapetyan
C11072,Mane,Martirosyan,customer1072@example.com,Yerevan,2024-03-22,33.0,Mane Martirosyan
C11073,Mikael,Hovhannisyan,customer1073@example.com,Yerevan,2025-04-25,33.0,Mikael Hovhannisyan
C11074,Arman,Manukyan,customer1074@example.com,Yerevan,2025-01-18,57.0,Arman Manukyan
C11075,Nare,Ghazaryan,customer1075@example.com,Gyumri,2024-08-29,56.0,Nare Ghazaryan
C11076,Narek,Manukyan,customer1076@example.com,Yerevan,2023-10-02,,Narek Manukyan
C11077,Arsen,Martirosyan,customer1077@example.com,Yerevan,2023-11-27,19.0,Arsen Martirosyan
C11078,Mikael,Mkrtchyan,customer1078@example.com,Yerevan,2025-05-22,30.0,Mikael Mkrtchyan
C11079,Karen,Hovhannisyan,customer1079@example.com,Gyumri,2023-09-09,61.0,Karen Hovhannisyan
C11080,Lilit,Mkrtchyan,customer1080@example.com,Dilijan,2025-04-30,64.0,Lilit Mkrtchyan
C11081,Gor,Mkrtchyan,customer1081@example.com,Etchmiadzin,2023-03-30,26.0,Gor Mkrtchyan
C11082,Lilit,Harutyunyan,customer1082@example.com,Kapan,2023-10-13,51.0,Lilit Harutyunyan
C11083,Ani,Avetisyan,customer1083@example.com,Vanadzor,2025-06-21,34.0,Ani Avetisyan
C11084,Saro,Harutyunyan,customer1084@example.com,Yerevan,2024-04-06,44.0,Saro Harutyunyan
C11085,Mikael,Grigoryan,,Yerevan,2023-09-07,46.0,Mikael Grigoryan
C11086,Saro,Petrosyan,customer1086@example.com,Artashat,2025-02-07,54.0,Saro Petrosyan
C11087,Arman,Martirosyan,customer1087@example.com,Yerevan,2024-04-20,60.0,Arman Martirosyan
C11088,Karen,Sargsyan,customer1088@example.com,Yerevan,2024-08-06,39.0,Karen Sargsyan
C11089,Mariam,Petrosyan,customer1089@example.com,Abovyan,2024-09-16,41.0,Mariam Petrosyan
C11090,Ani,Karapetyan,customer1090@example.com,Yerevan,2024-11-15,24.0,Ani Karapetyan
C11091,Eva,Ghazaryan,customer1091@example.com,Yerevan,2024-01-24,51.0,Eva Ghazaryan
C11092,Narek,Harutyunyan,customer1092@example.com,Dilijan,2023-12-11,65.0,Narek Harutyunyan
C11093,Nare,Harutyunyan,customer1093@example.com,Kapan,2023-01-30,29.0,Nare Harutyunyan
C11094,Mane,Hakobyan,customer1094@example.com,Yerevan,2024-05-21,40.0,Mane Hakobyan
C11095,Gor,Petrosyan,customer1095@example.com,Dilijan,2025-05-21,32.0,Gor Petrosyan
C11096,Mariam,Stepanyan,customer1096@example.com,Abovyan,2023-11-29,50.0,Mariam Stepanyan
C11097,Anna,Vardanyan,customer1097@example.com,Hrazdan,2023-07-06,30.0,Anna Vardanyan
C11098,Suren,Vardanyan,customer1098@example.com,Yerevan,2024-05-14,40.0,Suren Vardanyan
C11099,Nare,Hakobyan,customer1099@example.com,Yerevan,2023-08-06,55.0,Nare Hakobyan
C11100,Narek,Sargsyan,customer1100@example.com,Vanadzor,2023-12-30,49.0,Narek Sargsyan
C11101,Narek,Hakobyan,customer1101@example.com,Armavir,2025-03-27,62.0,Narek Hakobyan
C11102,Hayk,Petrosyan,customer1102@example.com,Vanadzor,2023-09-22,52.0,Hayk Petrosyan
C11103,David,Martirosyan,customer1103@example.com,Yerevan,2023-12-15,18.0,David Martirosyan
C11104,Mariam,Hovhannisyan,customer1104@example.com,Yerevan,2023-10-14,,Mariam Hovhannisyan
C11105,Suren,Hovhannisyan,,Kapan,2025-06-20,62.0,Suren Hovhannisyan
C11106,Anna,Ghazaryan,customer1106@example.com,Yerevan,2024-09-02,22.0,Anna Ghazaryan
C11107,Nare,Karapetyan,customer1107@example.com,Gyumri,2024-12-19,30.0,Nare Karapetyan
C11108,Suren,Harutyunyan,customer1108@example.com,Yerevan,2025-06-20,22.0,Suren Harutyunyan
C11109,Lusine,Sargsyan,customer1109@example.com,Yerevan,2023-10-10,49.0,Lusine Sargsyan
C11110,Gor,Vardanyan,customer1110@example.com,Abovyan,2024-07-23,38.0,Gor Vardanyan
C11111,Arsen,Harutyunyan,customer1111@example.com,Abovyan,2023-01-11,41.0,Arsen Harutyunyan
C11112,Lusine,Grigoryan,customer1112@example.com,Yerevan,2024-06-13,35.0,Lusine Grigoryan
C11113,Karen,Ghazaryan,customer1113@example.com,Yerevan,2023-07-15,38.0,Karen Ghazaryan
C11114,Saro,Karapetyan,customer1114@example.com,Etchmiadzin,2023-03-29,27.0,Saro Karapetyan
C11115,Lusine,Avetisyan,customer1115@example.com,Yerevan,2023-09-05,41.0,Lusine Avetisyan
C11116,Arsen,Vardanyan,customer1116@example.com,Gyumri,2025-01-07,57.0,Arsen Vardanyan
C11117,David,Stepanyan,customer1117@example.com,Dilijan,2024-02-21,64.0,David Stepanyan
C11118,Sona,Stepanyan,customer1118@example.com,Yerevan,2024-05-15,38.0,Sona Stepanyan
C11119,Mariam,Hakobyan,customer1119@example.com,Artashat,2024-07-22,42.0,Mariam Hakobyan
C11120,Tatev,Manukyan,customer1120@example.com,Yerevan,2025-02-15,40.0,Tatev Manukyan
C11121,Lilit,Petrosyan,customer1121@example.com,Vanadzor,2023-09-04,39.0,Lilit Petrosyan
C11122,David,Harutyunyan,customer1122@example.com,Yerevan,2024-12-08,21.0,David Harutyunyan
C11123,Mane,Hakobyan,customer1123@example.com,Dilijan,2024-05-02,51.0,Mane Hakobyan
C11124,Arsen,Sargsyan,customer1124@example.com,Yerevan,2024-10-23,23.0,Arsen Sargsyan
C11125,Arman,Harutyunyan,customer1125@example.com,Yerevan,2024-12-29,45.0,Arman Harutyunyan
C11126,Tatev,Avetisyan,customer1126@example.com,Dilijan,2024-05-17,48.0,Tatev Avetisyan
C11127,Mariam,Hovhannisyan,customer1127@example.com,Gyumri,2024-04-03,52.0,Mariam Hovhannisyan
C11128,Narek,Karapetyan,customer1128@example.com,Gyumri,2025-03-22,56.0,Narek Karapetyan
C11129,Mane,Ghazaryan,customer1129@example.com,Yerevan,2023-01-18,59.0,Mane Ghazaryan
C11130,Hayk,Karapetyan,customer1130@example.com,Abovyan,2023-04-06,40.0,Hayk Karapetyan
C11131,Karen,Hovhannisyan,customer1131@example.com,Yerevan,2023-10-29,23.0,Karen Hovhannisyan
C11132,Gor,Harutyunyan,customer1132@example.com,Yerevan,2023-08-15,33.0,Gor Harutyunyan
C11133,Arman,Sargsyan,customer1133@example.com,Vanadzor,2024-02-19,19.0,Arman Sargsyan
C11134,David,Karapetyan,customer1134@example.com,Yerevan,2024-12-09,41.0,David Karapetyan
C11135,Hayk,Stepanyan,customer1135@example.com,Artashat,2023-09-07,34.0,Hayk Stepanyan
C11136,Mariam,Karapetyan,customer1136@example.com,Armavir,2023-11-10,62.0,Mariam Karapetyan
C11137,Lusine,Avetisyan,customer1137@example.com,Hrazdan,2024-11-10,18.0,Lusine Avetisyan
C11138,Narek,Vardanyan,customer1138@example.com,Etchmiadzin,2024-08-18,23.0,Narek Vardanyan
C11139,Hayk,Petrosyan,customer1139@example.com,Abovyan,2024-01-13,22.0,Hayk Petrosyan
C11140,Suren,Sargsyan,customer1140@example.com,Yerevan,2024-04-29,62.0,Suren Sargsyan
C11141,Gor,Sargsyan,customer1141@example.com,Hrazdan,2024-07-20,46.0,Gor Sargsyan
C11142,Hayk,Martirosyan,customer1142@example.com,Yerevan,2024-06-27,29.0,Hayk Martirosyan
C11143,Sona,Vardanyan,customer1143@example.com,Yerevan,2023-12-19,56.0,Sona Vardanyan
C11144,Mariam,Vardanyan,customer1144@example.com,Vagharshapat,2024-03-11,64.0,Mariam Vardanyan
C11145,Suren,Hovhannisyan,customer1145@example.com,Gyumri,2025-02-02,20.0,Suren Hovhannisyan
C11146,Tatev,Martirosyan,customer1146@example.com,Kapan,2024-07-17,65.0,Tatev Martirosyan
C11147,Lilit,Stepanyan,customer1147@example.com,Yerevan,2023-12-05,18.0,Lilit Stepanyan
C11148,Gor,Hovhannisyan,customer1148@example.com,Vanadzor,2023-12-27,44.0,Gor Hovhannisyan
C11149,Tatev,Karapetyan,customer1149@example.com,Yerevan,2024-12-20,65.0,Tatev Karapetyan
C11150,Lusine,Hovhannisyan,customer1150@example.com,Abovyan,2024-04-09,41.0,Lusine Hovhannisyan
C11151,Arsen,Manukyan,customer1151@example.com,Hrazdan,2023-10-05,61.0,Arsen Manukyan
C11152,Mariam,Martirosyan,customer1152@example.com,Vanadzor,2023-11-10,36.0,Mariam Martirosyan
C11153,Mane,Karapetyan,customer1153@example.com,Yerevan,2023-09-15,25.0,Mane Karapetyan
C11154,Ani,Mkrtchyan,customer1154@example.com,Yerevan,2023-08-25,61.0,Ani Mkrtchyan
C11155,Saro,Grigoryan,customer1155@example.com,Yerevan,2023-05-04,64.0,Saro Grigoryan
C11156,Arman,Grigoryan,customer1156@example.com,Vanadzor,2025-01-08,19.0,Arman Grigoryan
C11157,Saro,Sargsyan,customer1157@example.com,Artashat,2023-07-17,47.0,Saro Sargsyan
C11158,Mane,Manukyan,customer1158@example.com,Yerevan,2023-11-20,,Mane Manukyan
C11159,Sona,Avetisyan,customer1159@example.com,Hrazdan,2023-05-03,56.0,Sona Avetisyan
C11160,Mane,Petrosyan,customer1160@example.com,Kapan,2025-01-30,62.0,Mane Petrosyan
C11161,Arman,Martirosyan,customer1161@example.com,Gyumri,2024-07-02,49.0,Arman Martirosyan
C11162,Lusine,Mkrtchyan,customer1162@example.com,Abovyan,2025-02-19,18.0,Lusine Mkrtchyan
C11163,Lilit,Karapetyan,customer1163@example.com,Etchmiadzin,2024-12-07,55.0,Lilit Karapetyan
C11164,Sona,Manukyan,customer1164@example.com,Yerevan,2023-07-09,30.0,Sona Manukyan
C11165,Anna,Vardanyan,customer1165@example.com,Yerevan,2023-07-16,28.0,Anna Vardanyan
C11166,Mariam,Vardanyan,customer1166@example.com,Yerevan,2023-08-10,27.0,Mariam Vardanyan
C11167,Eva,Sargsyan,customer1167@example.com,Dilijan,2025-01-26,65.0,Eva Sargsyan
C11168,Narek,Ghazaryan,customer1168@example.com,Armavir,2024-05-10,43.0,Narek Ghazaryan
C11169,Ani,Martirosyan,customer1169@example.com,Hrazdan,2023-10-11,37.0,Ani Martirosyan
C11170,Arman,Manukyan,,Yerevan,2025-01-11,34.0,Arman Manukyan
C11171,Eva,Martirosyan,customer1171@example.com,Yerevan,2024-08-26,34.0,Eva Martirosyan
C11172,Nare,Ghazaryan,customer1172@example.com,Yerevan,2025-02-17,21.0,Nare Ghazaryan
C11173,Saro,Petrosyan,customer1173@example.com,Yerevan,2024-06-21,22.0,Saro Petrosyan
C11174,Anna,Petrosyan,customer1174@example.com,Vanadzor,2024-09-03,40.0,Anna Petrosyan
C11175,Nare,Avetisyan,customer1175@example.com,Dilijan,2023-10-17,63.0,Nare Avetisyan
C11176,Mane,Vardanyan,customer1176@example.com,Armavir,2023-04-13,27.0,Mane Vardanyan
C11177,Lusine,Stepanyan,customer1177@example.com,Abovyan,2025-05-02,63.0,Lusine Stepanyan
C11178,Tatev,Grigoryan,customer1178@example.com,Yerevan,2023-07-18,45.0,Tatev Grigoryan
C11179,Mane,Vardanyan,customer1179@example.com,Yerevan,2023-10-31,50.0,Mane Vardanyan
C11180,Mariam,Hovhannisyan,customer1180@example.com,Yerevan,2023-08-21,60.0,Mariam Hovhannisyan
C11181,David,Hakobyan,customer1181@example.com,Hrazdan,2024-01-05,43.0,David Hakobyan
C11182,Mariam,Hakobyan,customer1182@example.com,Etchmiadzin,2023-07-03,65.0,Mariam Hakobyan
C11183,David,Martirosyan,customer1183@example.com,Yerevan,2023-11-06,46.0,David Martirosyan
C11184,David,Ghazaryan,customer1184@example.com,Yerevan,2023-01-15,44.0,David Ghazaryan
C11185,Sona,Avetisyan,customer1185@example.com,Yerevan,2024-12-26,35.0,Sona Avetisyan
C11186,Lusine,Hakobyan,customer1186@example.com,Yerevan,2024-06-30,57.0,Lusine Hakobyan
C11187,Ani,Hovhannisyan,customer1187@example.com,Gyumri,2023-05-10,27.0,Ani Hovhannisyan
C11188,Mane,Sargsyan,customer1188@example.com,Yerevan,2023-10-08,59.0,Mane Sargsyan
C11189,Sona,Hakobyan,customer1189@example.com,Gyumri,2023-02-16,22.0,Sona Hakobyan
C11190,Gor,Harutyunyan,customer1190@example.com,Kapan,2023-02-25,27.0,Gor Harutyunyan
C11191,Lilit,Karapetyan,customer1191@example.com,Vanadzor,2024-07-20,38.0,Lilit Karapetyan
C11192,Anna,Avetisyan,customer1192@example.com,Yerevan,2023-10-27,41.0,Anna Avetisyan
C11193,Anna,Sargsyan,customer1193@example.com,Yerevan,2024-12-15,55.0,Anna Sargsyan
C11194,Karen,Manukyan,customer1194@example.com,Gyumri,2023-05-10,20.0,Karen Manukyan
C11195,Narek,Sargsyan,customer1195@example.com,Yerevan,2024-10-15,57.0,Narek Sargsyan
C11196,Suren,Grigoryan,customer1196@example.com,Yerevan,2025-06-08,48.0,Suren Grigoryan
C11197,Suren,Manukyan,customer1197@example.com,Gyumri,2025-02-09,58.0,Suren Manukyan
C11198,Saro,Vardanyan,customer1198@example.com,Vanadzor,2024-05-17,54.0,Saro Vardanyan
C11199,Hayk,Mkrtchyan,customer1199@example.com,Etchmiadzin,2023-04-16,19.0,Hayk Mkrtchyan
C11200,Mariam,Karapetyan,customer1200@example.com,Yerevan,2025-06-12,19.0,Mariam Karapetyan
C11201,Suren,Karapetyan,customer1201@example.com,Etchmiadzin,2023-01-13,56.0,Suren Karapetyan
C11202,Saro,Karapetyan,customer1202@example.com,Yerevan,2024-08-10,59.0,Saro Karapetyan
C11203,Narek,Ghazaryan,customer1203@example.com,Yerevan,2023-10-19,61.0,Narek Ghazaryan
C11204,Suren,Karapetyan,customer1204@example.com,Vanadzor,2024-04-25,51.0,Suren Karapetyan
C11205,Lusine,Martirosyan,customer1205@example.com,Vanadzor,2024-05-05,59.0,Lusine Martirosyan
C11206,Lusine,Karapetyan,customer1206@example.com,Artashat,2024-03-27,37.0,Lusine Karapetyan
C11207,Gor,Hovhannisyan,customer1207@example.com,Hrazdan,2023-12-15,,Gor Hovhannisyan
C11208,Lusine,Vardanyan,customer1208@example.com,Armavir,2023-07-08,21.0,Lusine Vardanyan
C11209,Eva,Karapetyan,customer1209@example.com,Armavir,2023-02-22,62.0,Eva Karapetyan
C11210,Suren,Stepanyan,customer1210@example.com,Vanadzor,2023-09-16,-5.0,Suren Stepanyan
C11211,Mikael,Vardanyan,customer1211@example.com,Gyumri,2025-06-01,28.0,Mikael Vardanyan
C11212,Saro,Karapetyan,customer1212@example.com,Vanadzor,2024-05-04,59.0,Saro Karapetyan
C11213,Sona,Ghazaryan,customer1213@example.com,Dilijan,2023-04-27,64.0,Sona Ghazaryan
C11214,Lusine,Avetisyan,customer1214@example.com,Etchmiadzin,2025-04-21,22.0,Lusine Avetisyan
C11215,Narek,Martirosyan,customer1215@example.com,Yerevan,2023-03-08,42.0,Narek Martirosyan
C11216,Mikael,Ghazaryan,customer1216@example.com,Vagharshapat,2024-02-15,54.0,Mikael Ghazaryan
C11217,Hayk,Petrosyan,customer1217@example.com,Yerevan,2024-05-18,51.0,Hayk Petrosyan
C11218,Sona,Sargsyan,customer1218@example.com,Yerevan,2023-03-17,26.0,Sona Sargsyan
C11219,Karen,Stepanyan,customer1219@example.com,Yerevan,2024-08-13,23.0,Karen Stepanyan
C11220,Suren,Stepanyan,customer1220@example.com,Abovyan,2024-10-06,35.0,Suren Stepanyan
C11221,Eva,Sargsyan,customer1221@example.com,Armavir,2024-12-03,31.0,Eva Sargsyan
C11222,David,Manukyan,customer1222@example.com,Yerevan,2023-02-24,36.0,David Manukyan
C11223,Tatev,Avetisyan,customer1223@example.com,Yerevan,2023-06-05,31.0,Tatev Avetisyan
C11224,Eva,Harutyunyan,customer1224@example.com,Yerevan,2023-06-02,57.0,Eva Harutyunyan
C11225,Gor,Sargsyan,customer1225@example.com,Abovyan,2025-04-10,34.0,Gor Sargsyan
C11226,Mikael,Hakobyan,customer1226@example.com,Yerevan,2024-07-30,52.0,Mikael Hakobyan
C11227,Lilit,Harutyunyan,customer1227@example.com,Yerevan,2023-11-08,46.0,Lilit Harutyunyan
C11228,Lusine,Karapetyan,customer1228@example.com,Yerevan,2023-03-29,59.0,Lusine Karapetyan
C11229,Lilit,Karapetyan,customer1229@example.com,Gyumri,2023-09-12,34.0,Lilit Karapetyan
C11230,Arsen,Martirosyan,customer1230@example.com,Yerevan,2023-05-02,60.0,Arsen Martirosyan
C11231,Eva,Harutyunyan,customer1231@example.com,Hrazdan,2024-07-25,25.0,Eva Harutyunyan
C11232,Lilit,Hakobyan,customer1232@example.com,Yerevan,2025-02-21,18.0,Lilit Hakobyan
C11233,David,Martirosyan,customer1233@example.com,Abovyan,2024-03-02,62.0,David Martirosyan
C11234,Saro,Hovhannisyan,customer1234@example.com,Yerevan,2024-09-12,53.0,Saro Hovhannisyan
C11235,Mikael,Ghazaryan,customer1235@example.com,Gyumri,2024-09-02,24.0,Mikael Ghazaryan
C11236,Sona,Vardanyan,customer1236@example.com,Yerevan,2025-03-20,63.0,Sona Vardanyan
C11237,Karen,Vardanyan,customer1237@example.com,Hrazdan,2024-09-25,22.0,Karen Vardanyan
C11238,Karen,Manukyan,customer1238@example.com,Artashat,2023-08-20,41.0,Karen Manukyan
C11239,Nare,Harutyunyan,customer1239@example.com,Armavir,2025-03-05,45.0,Nare Harutyunyan
C11240,Lilit,Avetisyan,customer1240@example.com,Vanadzor,2024-06-19,60.0,Lilit Avetisyan
C11241,Anna,Karapetyan,customer1241@example.com,Gyumri,2024-01-25,34.0,Anna Karapetyan
C11242,Karen,Vardanyan,customer1242@example.com,Etchmiadzin,2024-04-06,54.0,Karen Vardanyan
C11243,Gor,Karapetyan,customer1243@example.com,Abovyan,2025-07-19,37.0,Gor Karapetyan
C11244,Lilit,Grigoryan,customer1244@example.com,Yerevan,2024-03-29,20.0,Lilit Grigoryan
C11245,Lusine,Ghazaryan,customer1245@example.com,Etchmiadzin,2023-11-01,54.0,Lusine Ghazaryan
C11246,Arsen,Ghazaryan,customer1246@example.com,Yerevan,2025-05-30,43.0,Arsen Ghazaryan
C11247,Anna,Vardanyan,customer1247@example.com,Yerevan,2024-08-25,32.0,Anna Vardanyan
C11248,Suren,Martirosyan,customer1248@example.com,Yerevan,2024-03-15,65.0,Suren Martirosyan
C11249,Tatev,Petrosyan,,Yerevan,2023-11-09,25.0,Tatev Petrosyan
C11250,Mariam,Petrosyan,customer1250@example.com,Gyumri,2024-08-05,30.0,Mariam Petrosyan
C11251,Anna,Martirosyan,customer1251@example.com,Yerevan,2024-09-27,65.0,Anna Martirosyan
C11252,Narek,Avetisyan,customer1252@example.com,Yerevan,2023-03-03,20.0,Narek Avetisyan
C11253,Mane,Mkrtchyan,customer1253@example.com,Yerevan,2024-09-16,18.0,Mane Mkrtchyan
C11254,Sona,Martirosyan,customer1254@example.com,Vanadzor,2025-01-27,26.0,Sona Martirosyan
C11255,Suren,Avetisyan,customer1255@example.com,Hrazdan,2023-04-12,48.0,Suren Avetisyan
C11256,Lilit,Manukyan,customer1256@example.com,Yerevan,2025-02-20,58.0,Lilit Manukyan
C11257,Eva,Karapetyan,customer1257@example.com,Yerevan,2023-08-01,43.0,Eva Karapetyan
C11258,Lusine,Hakobyan,customer1258@example.com,Yerevan,2024-10-02,34.0,Lusine Hakobyan
C11259,Arman,Mkrtchyan,customer1259@example.com,Armavir,2023-08-05,51.0,Arman Mkrtchyan
C11260,Tatev,Harutyunyan,customer1260@example.com,Gyumri,2023-09-28,26.0,Tatev Harutyunyan
C11261,Karen,Stepanyan,customer1261@example.com,Gyumri,2024-11-07,30.0,Karen Stepanyan
C11262,Ani,Mkrtchyan,customer1262@example.com,Yerevan,2023-03-25,22.0,Ani Mkrtchyan
C11263,Mikael,Hakobyan,customer1263@example.com,Hrazdan,2023-06-10,58.0,Mikael Hakobyan
C11264,Tatev,Grigoryan,customer1264@example.com,Gyumri,2023-09-03,30.0,Tatev Grigoryan
C11265,Gor,Ghazaryan,customer1265@example.com,Yerevan,2023-06-27,18.0,Gor Ghazaryan
C11266,Suren,Karapetyan,customer1266@example.com,Yerevan,2024-07-19,42.0,Suren Karapetyan
C11267,Mariam,Petrosyan,customer1267@example.com,Yerevan,2023-03-18,64.0,Mariam Petrosyan
C11268,Anna,Avetisyan,customer1268@example.com,Kapan,2023-06-10,21.0,Anna Avetisyan
C11269,Gor,Martirosyan,customer1269@example.com,Kapan,2023-01-03,53.0,Gor Martirosyan
C11270,Mariam,Martirosyan,customer1270@example.com,Vanadzor,2024-02-23,27.0,Mariam Martirosyan
C11271,Tatev,Stepanyan,customer1271@example.com,Hrazdan,2024-04-06,45.0,Tatev Stepanyan
C11272,Tatev,Petrosyan,customer1272@example.com,Yerevan,2024-12-06,23.0,Tatev Petrosyan
C11273,Karen,Mkrtchyan,customer1273@example.com,Vanadzor,2024-08-31,44.0,Karen Mkrtchyan
C11274,Anna,Karapetyan,customer1274@example.com,Abovyan,2024-04-26,29.0,Anna Karapetyan
C11275,Lilit,Sargsyan,customer1275@example.com,Yerevan,2023-10-26,65.0,Lilit Sargsyan
C11276,Arsen,Avetisyan,customer1276@example.com,Armavir,2023-02-03,20.0,Arsen Avetisyan
C11277,Nare,Hovhannisyan,customer1277@example.com,Yerevan,2023-08-26,63.0,Nare Hovhannisyan
C11278,Lusine,Manukyan,customer1278@example.com,Yerevan,2023-10-23,50.0,Lusine Manukyan
C11279,Suren,Hakobyan,customer1279@example.com,Vanadzor,2024-12-24,27.0,Suren Hakobyan
C11280,Mikael,Stepanyan,customer1280@example.com,Vanadzor,2023-10-17,48.0,Mikael Stepanyan
C11281,Suren,Mkrtchyan,customer1281@example.com,Abovyan,2024-12-20,32.0,Suren Mkrtchyan
C11282,Eva,Ghazaryan,customer1282@example.com,Yerevan,2025-05-30,24.0,Eva Ghazaryan
C11283,Gor,Ghazaryan,customer1283@example.com,Kapan,2024-04-09,-5.0,Gor Ghazaryan
C11284,Lilit,Harutyunyan,customer1284@example.com,Gyumri,2023-03-14,31.0,Lilit Harutyunyan
C11285,Nare,Grigoryan,customer1285@example.com,Gyumri,2024-12-04,65.0,Nare Grigoryan
C11286,Narek,Ghazaryan,customer1286@example.com,Dilijan,2023-08-28,31.0,Narek Ghazaryan
C11287,Ani,Martirosyan,customer1287@example.com,Hrazdan,2025-08-04,20.0,Ani Martirosyan
C11288,Lusine,Mkrtchyan,,Yerevan,2023-09-28,63.0,Lusine Mkrtchyan
C11289,Anna,Grigoryan,customer1289@example.com,Hrazdan,2025-03-17,20.0,Anna Grigoryan
C11290,Tatev,Hakobyan,customer1290@example.com,Yerevan,2025-03-21,39.0,Tatev Hakobyan
C11291,Arsen,Martirosyan,customer1291@example.com,Yerevan,2024-10-02,36.0,Arsen Martirosyan
C11292,Karen,Martirosyan,customer1292@example.com,Yerevan,2024-08-26,52.0,Karen Martirosyan
C11293,Arman,Sargsyan,,Dilijan,2024-11-08,29.0,Arman Sargsyan
C11294,Karen,Hovhannisyan,customer1294@example.com,Yerevan,2025-04-03,22.0,Karen Hovhannisyan
C11295,Narek,Mkrtchyan,customer1295@example.com,Abovyan,2023-07-22,27.0,Narek Mkrtchyan
C11296,Mikael,Vardanyan,customer1296@example.com,Yerevan,2024-03-11,58.0,Mikael Vardanyan
C11297,Ani,Karapetyan,customer1297@example.com,Hrazdan,2023-04-28,50.0,Ani Karapetyan
C11298,Arsen,Stepanyan,customer1298@example.com,Gyumri,2024-07-11,30.0,Arsen Stepanyan
C11299,Eva,Stepanyan,,Abovyan,2023-08-19,52.0,Eva Stepanyan
C11300,David,Petrosyan,customer1300@example.com,Yerevan,2024-10-25,49.0,David Petrosyan
C11301,Eva,Petrosyan,customer1301@example.com,Hrazdan,2023-06-02,28.0,Eva Petrosyan
C11302,Lusine,Manukyan,customer1302@example.com,Dilijan,2025-07-19,65.0,Lusine Manukyan
C11303,Arman,Harutyunyan,customer1303@example.com,Abovyan,2023-09-30,55.0,Arman Harutyunyan
C11304,Suren,Grigoryan,customer1304@example.com,Gyumri,2025-04-26,-5.0,Suren Grigoryan
C11305,Narek,Stepanyan,customer1305@example.com,Artashat,2023-05-26,52.0,Narek Stepanyan
C11306,Narek,Mkrtchyan,customer1306@example.com,Yerevan,2023-03-15,36.0,Narek Mkrtchyan
C11307,Mane,Ghazaryan,customer1307@example.com,Hrazdan,2023-03-03,23.0,Mane Ghazaryan
C11308,Hayk,Avetisyan,customer1308@example.com,Armavir,2023-06-19,57.0,Hayk Avetisyan
C11309,Lilit,Vardanyan,customer1309@example.com,Yerevan,2025-03-22,62.0,Lilit Vardanyan
C11310,Arsen,Harutyunyan,,Gyumri,2023-11-11,61.0,Arsen Harutyunyan
C11311,Mane,Sargsyan,customer1311@example.com,Yerevan,2024-09-01,59.0,Mane Sargsyan
C11312,Tatev,Ghazaryan,customer1312@example.com,Vanadzor,2025-02-05,52.0,Tatev Ghazaryan
C11313,Mariam,Martirosyan,customer1313@example.com,Abovyan,2025-04-24,21.0,Mariam Martirosyan
C11314,Lilit,Karapetyan,customer1314@example.com,Yerevan,2024-08-05,50.0,Lilit Karapetyan
C11315,Nare,Mkrtchyan,customer1315@example.com,Gyumri,2025-08-01,30.0,Nare Mkrtchyan
C11316,Arman,Stepanyan,customer1316@example.com,Yerevan,2023-10-23,53.0,Arman Stepanyan
C11317,Sona,Hovhannisyan,customer1317@example.com,Yerevan,2024-03-25,60.0,Sona Hovhannisyan
C11318,Nare,Harutyunyan,customer1318@example.com,Yerevan,2023-05-08,36.0,Nare Harutyunyan
C11319,Saro,Harutyunyan,customer1319@example.com,Armavir,2024-04-24,60.0,Saro Harutyunyan
C11320,Tatev,Karapetyan,customer1320@example.com,Yerevan,2024-12-06,29.0,Tatev Karapetyan
C11321,Arsen,Ghazaryan,customer1321@example.com,Armavir,2023-11-08,28.0,Arsen Ghazaryan
C11322,Gor,Manukyan,customer1322@example.com,Vanadzor,2024-12-17,23.0,Gor Manukyan
C11323,Mane,Vardanyan,customer1323@example.com,Yerevan,2024-02-17,29.0,Mane Vardanyan
C11324,Mariam,Grigoryan,customer1324@example.com,Hrazdan,2023-10-06,44.0,Mariam Grigoryan
C11325,David,Ghazaryan,customer1325@example.com,Gyumri,2024-05-27,-5.0,David Ghazaryan
C11326,Lusine,Grigoryan,customer1326@example.com,Gyumri,2024-07-06,42.0,Lusine Grigoryan
C11327,Anna,Stepanyan,customer1327@example.com,Yerevan,2024-05-20,59.0,Anna Stepanyan
C11328,Hayk,Harutyunyan,customer1328@example.com,Yerevan,2024-03-24,20.0,Hayk Harutyunyan
C11329,Narek,Hakobyan,customer1329@example.com,Yerevan,2023-03-24,20.0,Narek Hakobyan
C11330,Narek,Harutyunyan,customer1330@example.com,Yerevan,2024-09-04,37.0,Narek Harutyunyan
C11331,Eva,Stepanyan,customer1331@example.com,Yerevan,2023-02-10,45.0,Eva Stepanyan
C11332,Lusine,Harutyunyan,customer1332@example.com,Yerevan,2025-06-29,40.0,Lusine Harutyunyan
C11333,David,Karapetyan,customer1333@example.com,Yerevan,2024-03-18,65.0,David Karapetyan
C11334,Anna,Martirosyan,customer1334@example.com,Yerevan,2025-01-22,20.0,Anna Martirosyan
C11335,Nare,Karapetyan,customer1335@example.com,Yerevan,2023-11-27,59.0,Nare Karapetyan
C11336,Lusine,Vardanyan,customer1336@example.com,Yerevan,2024-09-10,41.0,Lusine Vardanyan
C11337,Gor,Mkrtchyan,customer1337@example.com,Dilijan,2023-09-14,60.0,Gor Mkrtchyan
C11338,Anna,Harutyunyan,customer1338@example.com,Yerevan,2023-01-27,57.0,Anna Harutyunyan
C11339,Karen,Vardanyan,customer1339@example.com,Vanadzor,2023-04-04,23.0,Karen Vardanyan
C11340,Karen,Grigoryan,customer1340@example.com,Yerevan,2023-08-23,37.0,Karen Grigoryan
C11341,Lusine,Avetisyan,customer1341@example.com,Artashat,2024-11-21,28.0,Lusine Avetisyan
C11342,Anna,Grigoryan,customer1342@example.com,Yerevan,2025-05-06,49.0,Anna Grigoryan
C11343,Anna,Hovhannisyan,customer1343@example.com,Artashat,2025-05-31,44.0,Anna Hovhannisyan
C11344,Hayk,Ghazaryan,customer1344@example.com,Vanadzor,2024-08-12,38.0,Hayk Ghazaryan
C11345,Tatev,Petrosyan,customer1345@example.com,Yerevan,2024-08-24,61.0,Tatev Petrosyan
C11346,Eva,Hovhannisyan,customer1346@example.com,Armavir,2023-01-22,65.0,Eva Hovhannisyan
C11347,David,Stepanyan,customer1347@example.com,Gyumri,2025-02-22,30.0,David Stepanyan
C11348,Arman,Manukyan,customer1348@example.com,Yerevan,2024-11-19,39.0,Arman Manukyan
C11349,Arsen,Vardanyan,customer1349@example.com,Hrazdan,2025-04-21,52.0,Arsen Vardanyan
C11350,Narek,Sargsyan,customer1350@example.com,Artashat,2023-10-03,64.0,Narek Sargsyan
C11351,Mariam,Mkrtchyan,customer1351@example.com,Gyumri,2024-08-13,39.0,Mariam Mkrtchyan
C11352,Mane,Mkrtchyan,customer1352@example.com,Yerevan,2023-02-11,45.0,Mane Mkrtchyan
C11353,David,Vardanyan,customer1353@example.com,Vagharshapat,2025-02-20,38.0,David Vardanyan
C11354,Anna,Manukyan,customer1354@example.com,Abovyan,2025-02-13,63.0,Anna Manukyan
C11355,David,Avetisyan,customer1355@example.com,Armavir,2023-06-29,35.0,David Avetisyan
C11356,Anna,Sargsyan,customer1356@example.com,Abovyan,2024-04-26,48.0,Anna Sargsyan
C11357,Mariam,Martirosyan,customer1357@example.com,Yerevan,2024-06-15,63.0,Mariam Martirosyan
C11358,Suren,Harutyunyan,customer1358@example.com,Artashat,2024-10-29,54.0,Suren Harutyunyan
C11359,Gor,Sargsyan,,Yerevan,2024-03-28,38.0,Gor Sargsyan
C11360,David,Stepanyan,customer1360@example.com,Yerevan,2025-07-27,31.0,David Stepanyan
C11361,Eva,Stepanyan,customer1361@example.com,Gyumri,2023-10-12,42.0,Eva Stepanyan
C11362,Sona,Avetisyan,customer1362@example.com,Vanadzor,2023-07-05,44.0,Sona Avetisyan
C11363,Narek,Hakobyan,customer1363@example.com,Yerevan,2024-08-22,57.0,Narek Hakobyan
C11364,Mane,Petrosyan,customer1364@example.com,Etchmiadzin,2024-03-22,40.0,Mane Petrosyan
C11365,Mariam,Sargsyan,customer1365@example.com,Yerevan,2024-10-12,48.0,Mariam Sargsyan
C11366,Eva,Sargsyan,customer1366@example.com,Yerevan,2025-04-13,64.0,Eva Sargsyan
C11367,Hayk,Stepanyan,customer1367@example.com,Etchmiadzin,2024-05-18,46.0,Hayk Stepanyan
C11368,Sona,Petrosyan,customer1368@example.com,Yerevan,2023-04-04,64.0,Sona Petrosyan
C11369,Narek,Harutyunyan,customer1369@example.com,Yerevan,2024-04-26,47.0,Narek Harutyunyan
C11370,Mikael,Sargsyan,customer1370@example.com,Yerevan,2023-12-23,43.0,Mikael Sargsyan
C11371,Karen,Petrosyan,customer1371@example.com,Artashat,2024-02-23,37.0,Karen Petrosyan
C11372,Hayk,Petrosyan,,Yerevan,2023-12-08,55.0,Hayk Petrosyan
C11373,Narek,Stepanyan,customer1373@example.com,Yerevan,2023-11-25,36.0,Narek Stepanyan
C11374,Mikael,Petrosyan,customer1374@example.com,Gyumri,2024-11-17,44.0,Mikael Petrosyan
C11375,Tatev,Karapetyan,customer1375@example.com,Gyumri,2023-04-18,42.0,Tatev Karapetyan
C11376,Narek,Avetisyan,customer1376@example.com,Yerevan,2025-05-28,57.0,Narek Avetisyan
C11377,Tatev,Karapetyan,customer1377@example.com,Gyumri,2023-06-14,55.0,Tatev Karapetyan
C11378,Lusine,Hakobyan,customer1378@example.com,Yerevan,2023-12-04,,Lusine Hakobyan
C11379,Karen,Hovhannisyan,customer1379@example.com,Dilijan,2024-02-26,46.0,Karen Hovhannisyan
C11380,Sona,Stepanyan,customer1380@example.com,Yerevan,2024-12-11,32.0,Sona Stepanyan
C11381,Tatev,Martirosyan,customer1381@example.com,Yerevan,2024-05-22,20.0,Tatev Martirosyan
C11382,Saro,Vardanyan,customer1382@example.com,Yerevan,2023-10-23,27.0,Saro Vardanyan
C11383,Anna,Karapetyan,customer1383@example.com,Yerevan,2024-11-09,32.0,Anna Karapetyan
C11384,Sona,Karapetyan,customer1384@example.com,Abovyan,2024-02-15,33.0,Sona Karapetyan
C11385,Mariam,Hovhannisyan,customer1385@example.com,Yerevan,2025-04-13,34.0,Mariam Hovhannisyan
C11386,Sona,Avetisyan,customer1386@example.com,Yerevan,2025-02-17,36.0,Sona Avetisyan
C11387,Tatev,Hovhannisyan,customer1387@example.com,Hrazdan,2024-07-17,28.0,Tatev Hovhannisyan
C11388,Tatev,Stepanyan,customer1388@example.com,Gyumri,2023-02-07,65.0,Tatev Stepanyan
C11389,Ani,Martirosyan,customer1389@example.com,Yerevan,2024-04-10,22.0,Ani Martirosyan
C11390,Hayk,Manukyan,customer1390@example.com,Yerevan,2023-04-01,22.0,Hayk Manukyan
C11391,Saro,Petrosyan,customer1391@example.com,Yerevan,2023-11-19,31.0,Saro Petrosyan
C11392,Mikael,Ghazaryan,customer1392@example.com,Yerevan,2023-09-16,43.0,Mikael Ghazaryan
C11393,Sona,Mkrtchyan,customer1393@example.com,Yerevan,2023-11-28,25.0,Sona Mkrtchyan
C11394,Ani,Stepanyan,customer1394@example.com,Vanadzor,2023-04-29,22.0,Ani Stepanyan
C11395,Mikael,Martirosyan,customer1395@example.com,Armavir,2025-03-02,24.0,Mikael Martirosyan
C11396,David,Hakobyan,customer1396@example.com,Yerevan,2024-02-18,33.0,David Hakobyan
C11397,Tatev,Harutyunyan,customer1397@example.com,Yerevan,2025-06-04,31.0,Tatev Harutyunyan
C11398,Mane,Hakobyan,customer1398@example.com,Yerevan,2024-06-10,54.0,Mane Hakobyan
C11399,Tatev,Petrosyan,customer1399@example.com,Yerevan,2025-04-24,58.0,Tatev Petrosyan
C11400,Gor,Vardanyan,customer1400@example.com,Yerevan,2023-01-02,21.0,Gor Vardanyan
C11401,Arman,Martirosyan,customer1401@example.com,Armavir,2024-11-04,53.0,Arman Martirosyan
C11402,Hayk,Stepanyan,customer1402@example.com,Abovyan,2025-06-09,65.0,Hayk Stepanyan
C11403,Lilit,Hakobyan,customer1403@example.com,Dilijan,2024-07-09,34.0,Lilit Hakobyan
C11404,Narek,Stepanyan,customer1404@example.com,Armavir,2024-04-18,64.0,Narek Stepanyan
C11405,Mane,Vardanyan,customer1405@example.com,Gyumri,2024-02-28,53.0,Mane Vardanyan
C11406,Tatev,Vardanyan,customer1406@example.com,Gyumri,2023-02-25,,Tatev Vardanyan
C11407,Saro,Hakobyan,customer1407@example.com,Yerevan,2023-07-12,,Saro Hakobyan
C11408,Gor,Stepanyan,customer1408@example.com,Gyumri,2024-06-14,-5.0,Gor Stepanyan
C11409,Gor,Hovhannisyan,customer1409@example.com,Armavir,2024-01-06,53.0,Gor Hovhannisyan
C11410,Mane,Manukyan,customer1410@example.com,Yerevan,2024-09-29,55.0,Mane Manukyan
C11411,Lilit,Vardanyan,customer1411@example.com,Kapan,2025-02-13,54.0,Lilit Vardanyan
C11412,Karen,Manukyan,customer1412@example.com,Yerevan,2024-05-25,65.0,Karen Manukyan
C11413,Arman,Martirosyan,customer1413@example.com,Armavir,2024-10-02,65.0,Arman Martirosyan
C11414,Mariam,Petrosyan,customer1414@example.com,Artashat,2024-03-28,27.0,Mariam Petrosyan
C11415,Arsen,Karapetyan,customer1415@example.com,Abovyan,2025-02-17,58.0,Arsen Karapetyan
C11416,Tatev,Grigoryan,customer1416@example.com,Abovyan,2023-02-22,53.0,Tatev Grigoryan
C11417,Suren,Sargsyan,customer1417@example.com,Gyumri,2023-07-28,46.0,Suren Sargsyan
C11418,Lilit,Mkrtchyan,customer1418@example.com,Kapan,2023-10-01,31.0,Lilit Mkrtchyan
C11419,Mariam,Sargsyan,customer1419@example.com,Dilijan,2024-07-16,21.0,Mariam Sargsyan
C11420,Tatev,Avetisyan,customer1420@example.com,Etchmiadzin,2023-05-15,61.0,Tatev Avetisyan
C11421,Arsen,Ghazaryan,customer1421@example.com,Vanadzor,2025-08-07,59.0,Arsen Ghazaryan
C11422,Lusine,Manukyan,customer1422@example.com,Vanadzor,2023-10-22,53.0,Lusine Manukyan
C11423,David,Martirosyan,customer1423@example.com,Kapan,2024-03-24,62.0,David Martirosyan
C11424,Lusine,Sargsyan,customer1424@example.com,Gyumri,2025-06-20,30.0,Lusine Sargsyan
C11425,Sona,Vardanyan,customer1425@example.com,Etchmiadzin,2024-12-16,63.0,Sona Vardanyan
C11426,Mariam,Petrosyan,customer1426@example.com,Gyumri,2024-05-11,35.0,Mariam Petrosyan
C11427,Tatev,Mkrtchyan,customer1427@example.com,Yerevan,2023-05-05,50.0,Tatev Mkrtchyan
C11428,Anna,Sargsyan,customer1428@example.com,Yerevan,2023-01-30,38.0,Anna Sargsyan
C11429,Mikael,Mkrtchyan,customer1429@example.com,Yerevan,2024-10-07,33.0,Mikael Mkrtchyan
C11430,Hayk,Harutyunyan,customer1430@example.com,Yerevan,2024-09-15,32.0,Hayk Harutyunyan
C11431,Saro,Petrosyan,customer1431@example.com,Yerevan,2025-03-29,22.0,Saro Petrosyan
C11432,Lilit,Ghazaryan,customer1432@example.com,Gyumri,2023-09-03,23.0,Lilit Ghazaryan
C11433,Gor,Grigoryan,customer1433@example.com,Yerevan,2024-12-27,55.0,Gor Grigoryan
C11434,David,Hovhannisyan,customer1434@example.com,Yerevan,2023-06-12,20.0,David Hovhannisyan
C11435,Mariam,Hakobyan,customer1435@example.com,Hrazdan,2023-11-15,65.0,Mariam Hakobyan
C11436,Eva,Mkrtchyan,customer1436@example.com,Dilijan,2024-07-18,29.0,Eva Mkrtchyan
C11437,Narek,Ghazaryan,customer1437@example.com,Hrazdan,2023-01-15,53.0,Narek Ghazaryan
C11438,Arman,Petrosyan,customer1438@example.com,Dilijan,2024-07-19,50.0,Arman Petrosyan
C11439,Nare,Stepanyan,customer1439@example.com,Abovyan,2024-02-22,53.0,Nare Stepanyan
C11440,Arman,Vardanyan,customer1440@example.com,Yerevan,2023-04-06,50.0,Arman Vardanyan
C11441,Karen,Mkrtchyan,customer1441@example.com,Abovyan,2023-08-19,48.0,Karen Mkrtchyan
C11442,Arman,Mkrtchyan,customer1442@example.com,Abovyan,2025-05-11,38.0,Arman Mkrtchyan
C11443,Lusine,Karapetyan,customer1443@example.com,Yerevan,2025-07-23,44.0,Lusine Karapetyan
C11444,Suren,Karapetyan,customer1444@example.com,Yerevan,2023-04-27,44.0,Suren Karapetyan
C11445,Lusine,Hovhannisyan,customer1445@example.com,Abovyan,2024-04-17,25.0,Lusine Hovhannisyan
C11446,Gor,Vardanyan,customer1446@example.com,Yerevan,2023-05-01,54.0,Gor Vardanyan
C11447,Ani,Ghazaryan,customer1447@example.com,Vanadzor,2024-10-25,49.0,Ani Ghazaryan
C11448,Karen,Petrosyan,,Yerevan,2025-05-02,43.0,Karen Petrosyan
C11449,Karen,Hovhannisyan,customer1449@example.com,Vanadzor,2023-06-07,19.0,Karen Hovhannisyan
C11450,Arsen,Karapetyan,customer1450@example.com,Gyumri,2024-05-25,29.0,Arsen Karapetyan
C11451,Eva,Avetisyan,customer1451@example.com,Yerevan,2025-01-03,39.0,Eva Avetisyan
C11452,Suren,Vardanyan,customer1452@example.com,Yerevan,2023-10-26,34.0,Suren Vardanyan
C11453,Arman,Grigoryan,customer1453@example.com,Vanadzor,2024-06-05,24.0,Arman Grigoryan
C11454,Anna,Hovhannisyan,customer1454@example.com,Kapan,2024-12-23,60.0,Anna Hovhannisyan
C11455,Nare,Martirosyan,customer1455@example.com,Armavir,2023-10-07,21.0,Nare Martirosyan
C11456,Suren,Hovhannisyan,customer1456@example.com,Gyumri,2024-03-01,54.0,Suren Hovhannisyan
C11457,Lilit,Petrosyan,customer1457@example.com,Hrazdan,2025-05-04,55.0,Lilit Petrosyan
C11458,Mane,Petrosyan,customer1458@example.com,Yerevan,2024-05-09,49.0,Mane Petrosyan
C11459,Ani,Avetisyan,customer1459@example.com,Yerevan,2024-04-28,28.0,Ani Avetisyan
C11460,Hayk,Stepanyan,customer1460@example.com,Yerevan,2023-09-07,18.0,Hayk Stepanyan
C11461,Eva,Manukyan,customer1461@example.com,Vanadzor,2024-04-12,42.0,Eva Manukyan
C11462,Eva,Manukyan,customer1462@example.com,Yerevan,2024-07-18,59.0,Eva Manukyan
C11463,Saro,Karapetyan,customer1463@example.com,Yerevan,2023-05-29,41.0,Saro Karapetyan
C11464,Mane,Martirosyan,customer1464@example.com,Abovyan,2024-01-28,60.0,Mane Martirosyan
C11465,Mariam,Karapetyan,customer1465@example.com,Abovyan,2023-07-15,34.0,Mariam Karapetyan
C11466,Arsen,Harutyunyan,customer1466@example.com,Yerevan,2025-08-01,25.0,Arsen Harutyunyan
C11467,Mariam,Harutyunyan,customer1467@example.com,Yerevan,2024-09-05,62.0,Mariam Harutyunyan
C11468,Arman,Hakobyan,customer1468@example.com,Yerevan,2024-06-04,44.0,Arman Hakobyan
C11469,Lusine,Harutyunyan,customer1469@example.com,Yerevan,2025-02-03,35.0,Lusine Harutyunyan
C11470,Anna,Manukyan,customer1470@example.com,Abovyan,2025-06-19,44.0,Anna Manukyan
C11471,Tatev,Stepanyan,customer1471@example.com,Yerevan,2023-05-20,39.0,Tatev Stepanyan
C11472,David,Grigoryan,customer1472@example.com,Abovyan,2025-06-03,33.0,David Grigoryan
C11473,Lilit,Harutyunyan,customer1473@example.com,Armavir,2023-03-13,19.0,Lilit Harutyunyan
C11474,Eva,Karapetyan,customer1474@example.com,Yerevan,2023-10-10,22.0,Eva Karapetyan
C11475,Mane,Mkrtchyan,customer1475@example.com,Dilijan,2025-03-02,35.0,Mane Mkrtchyan
C11476,Nare,Petrosyan,customer1476@example.com,Yerevan,2025-03-19,20.0,Nare Petrosyan
C11477,Mariam,Grigoryan,customer1477@example.com,Yerevan,2025-05-24,44.0,Mariam Grigoryan
C11478,Eva,Grigoryan,,Yerevan,2024-02-29,34.0,Eva Grigoryan
C11479,Arsen,Hovhannisyan,customer1479@example.com,Yerevan,2023-12-15,33.0,Arsen Hovhannisyan
C11480,Nare,Karapetyan,customer1480@example.com,Yerevan,2025-03-17,23.0,Nare Karapetyan
C11481,Mane,Petrosyan,customer1481@example.com,Yerevan,2024-06-03,24.0,Mane Petrosyan
C11482,Anna,Manukyan,customer1482@example.com,Hrazdan,2023-10-01,-5.0,Anna Manukyan
C11483,Lusine,Grigoryan,customer1483@example.com,Armavir,2025-04-20,55.0,Lusine Grigoryan
C11484,Suren,Hakobyan,customer1484@example.com,Abovyan,2023-01-03,57.0,Suren Hakobyan
C11485,Eva,Karapetyan,customer1485@example.com,Yerevan,2023-10-17,32.0,Eva Karapetyan
C11486,Mikael,Grigoryan,customer1486@example.com,Abovyan,2025-01-13,64.0,Mikael Grigoryan
C11487,Narek,Martirosyan,customer1487@example.com,Vanadzor,2023-11-02,64.0,Narek Martirosyan
C11488,Nare,Ghazaryan,customer1488@example.com,Etchmiadzin,2025-05-07,65.0,Nare Ghazaryan
C11489,Hayk,Hovhannisyan,customer1489@example.com,Vagharshapat,2024-08-24,,Hayk Hovhannisyan
C11490,Saro,Petrosyan,customer1490@example.com,Kapan,2024-08-16,60.0,Saro Petrosyan
C11491,Narek,Harutyunyan,customer1491@example.com,Yerevan,2024-11-06,44.0,Narek Harutyunyan
C11492,Anna,Grigoryan,customer1492@example.com,Abovyan,2024-05-16,46.0,Anna Grigoryan
C11493,Ani,Karapetyan,customer1493@example.com,Yerevan,2025-06-05,54.0,Ani Karapetyan
C11494,Hayk,Harutyunyan,customer1494@example.com,Dilijan,2023-06-02,22.0,Hayk Harutyunyan
C11495,Eva,Ghazaryan,customer1495@example.com,Yerevan,2024-04-02,46.0,Eva Ghazaryan
C11496,Mariam,Hakobyan,customer1496@example.com,Yerevan,2024-07-05,49.0,Mariam Hakobyan
C11497,Anna,Harutyunyan,customer1497@example.com,Yerevan,2024-05-10,23.0,Anna Harutyunyan
C11498,Lusine,Martirosyan,customer1498@example.com,Etchmiadzin,2023-12-20,19.0,Lusine Martirosyan
C11499,Suren,Manukyan,customer1499@example.com,Yerevan,2023-12-07,23.0,Suren Manukyan
C11500,Karen,Grigoryan,customer1500@example.com,Yerevan,2024-07-19,63.0,Karen Grigoryan
C11501,Eva,Sargsyan,customer1501@example.com,Artashat,2025-02-20,60.0,Eva Sargsyan
C11502,Suren,Sargsyan,customer1502@example.com,Armavir,2024-07-10,21.0,Suren Sargsyan
C11503,Mikael,Harutyunyan,customer1503@example.com,Yerevan,2024-01-22,46.0,Mikael Harutyunyan
C11504,Sona,Avetisyan,customer1504@example.com,Yerevan,2024-04-11,42.0,Sona Avetisyan
C11505,Arsen,Petrosyan,customer1505@example.com,Kapan,2023-11-26,26.0,Arsen Petrosyan
C11506,Lusine,Hovhannisyan,customer1506@example.com,Armavir,2025-06-09,20.0,Lusine Hovhannisyan
C11507,Sona,Sargsyan,customer1507@example.com,Gyumri,2023-07-13,43.0,Sona Sargsyan
C11508,Eva,Avetisyan,customer1508@example.com,Vanadzor,2024-12-15,65.0,Eva Avetisyan
C11509,Arsen,Stepanyan,customer1509@example.com,Yerevan,2023-09-02,60.0,Arsen Stepanyan
C11510,Karen,Sargsyan,customer1510@example.com,Etchmiadzin,2024-08-08,44.0,Karen Sargsyan
C11511,Nare,Avetisyan,customer1511@example.com,Vanadzor,2024-01-28,53.0,Nare Avetisyan
C11512,Lilit,Petrosyan,customer1512@example.com,Gyumri,2023-08-28,49.0,Lilit Petrosyan
C11513,Anna,Mkrtchyan,customer1513@example.com,Yerevan,2025-05-26,18.0,Anna Mkrtchyan
C11514,Suren,Sargsyan,customer1514@example.com,Armavir,2025-03-05,33.0,Suren Sargsyan
C11515,Anna,Martirosyan,customer1515@example.com,Vanadzor,2024-02-25,65.0,Anna Martirosyan
C11516,Nare,Ghazaryan,customer1516@example.com,Yerevan,2023-02-14,28.0,Nare Ghazaryan
C11517,Arsen,Vardanyan,customer1517@example.com,Vanadzor,2023-11-22,43.0,Arsen Vardanyan
C11518,Eva,Grigoryan,customer1518@example.com,Abovyan,2025-02-01,57.0,Eva Grigoryan
C11519,Arsen,Avetisyan,customer1519@example.com,Gyumri,2024-04-29,18.0,Arsen Avetisyan
C11520,Lilit,Ghazaryan,customer1520@example.com,Hrazdan,2024-12-23,43.0,Lilit Ghazaryan
C11521,Lusine,Grigoryan,customer1521@example.com,Vanadzor,2025-07-24,45.0,Lusine Grigoryan
C11522,Suren,Vardanyan,customer1522@example.com,Artashat,2025-04-10,26.0,Suren Vardanyan
C11523,Nare,Karapetyan,customer1523@example.com,Yerevan,2024-01-26,61.0,Nare Karapetyan
C11524,Arman,Karapetyan,customer1524@example.com,Yerevan,2024-01-31,39.0,Arman Karapetyan
C11525,David,Hovhannisyan,customer1525@example.com,Yerevan,2024-11-10,25.0,David Hovhannisyan
C11526,Hayk,Ghazaryan,customer1526@example.com,Abovyan,2025-03-22,59.0,Hayk Ghazaryan
C11527,Mikael,Petrosyan,customer1527@example.com,Abovyan,2025-04-20,,Mikael Petrosyan
C11528,Mariam,Avetisyan,customer1528@example.com,Armavir,2024-10-29,56.0,Mariam Avetisyan
C11529,Sona,Hakobyan,customer1529@example.com,Hrazdan,2023-06-05,36.0,Sona Hakobyan
C11530,Mane,Karapetyan,customer1530@example.com,Gyumri,2024-05-22,42.0,Mane Karapetyan
C11531,Tatev,Petrosyan,customer1531@example.com,Dilijan,2023-02-07,55.0,Tatev Petrosyan
C11532,Lusine,Ghazaryan,customer1532@example.com,Yerevan,2023-05-10,38.0,Lusine Ghazaryan
C11533,Sona,Karapetyan,customer1533@example.com,Kapan,2024-05-29,41.0,Sona Karapetyan
C11534,Karen,Karapetyan,customer1534@example.com,Yerevan,2024-08-27,41.0,Karen Karapetyan
C11535,Karen,Hakobyan,customer1535@example.com,Abovyan,2023-12-06,36.0,Karen Hakobyan
C11536,Arsen,Sargsyan,customer1536@example.com,Hrazdan,2025-06-09,64.0,Arsen Sargsyan
C11537,Eva,Harutyunyan,customer1537@example.com,Vanadzor,2023-04-13,19.0,Eva Harutyunyan
C11538,Hayk,Ghazaryan,,Yerevan,2025-06-14,31.0,Hayk Ghazaryan
C11539,Mane,Hovhannisyan,customer1539@example.com,Yerevan,2025-05-15,49.0,Mane Hovhannisyan
C11540,Tatev,Mkrtchyan,customer1540@example.com,Vanadzor,2024-03-26,59.0,Tatev Mkrtchyan
C11541,Ani,Karapetyan,customer1541@example.com,Kapan,2023-04-13,-5.0,Ani Karapetyan
C11542,Hayk,Ghazaryan,customer1542@example.com,Yerevan,2024-06-22,45.0,Hayk Ghazaryan
C11543,David,Karapetyan,customer1543@example.com,Armavir,2025-07-21,65.0,David Karapetyan
C11544,Sona,Martirosyan,customer1544@example.com,Yerevan,2024-04-12,56.0,Sona Martirosyan
C11545,Mane,Vardanyan,customer1545@example.com,Gyumri,2023-01-16,57.0,Mane Vardanyan
C11546,Saro,Stepanyan,customer1546@example.com,Vagharshapat,2025-01-09,59.0,Saro Stepanyan
C11547,David,Mkrtchyan,customer1547@example.com,Vanadzor,2023-05-28,64.0,David Mkrtchyan
C11548,Lusine,Hakobyan,customer1548@example.com,Dilijan,2024-02-24,57.0,Lusine Hakobyan
C11549,Suren,Grigoryan,customer1549@example.com,Abovyan,2025-06-10,30.0,Suren Grigoryan
C11550,Arsen,Avetisyan,customer1550@example.com,Gyumri,2024-11-01,29.0,Arsen Avetisyan
C11551,Eva,Karapetyan,customer1551@example.com,Yerevan,2023-06-08,25.0,Eva Karapetyan
C11552,Mikael,Vardanyan,customer1552@example.com,Yerevan,2023-03-18,32.0,Mikael Vardanyan
C11553,Nare,Harutyunyan,customer1553@example.com,Yerevan,2024-04-25,43.0,Nare Harutyunyan
C11554,Ani,Avetisyan,customer1554@example.com,Hrazdan,2025-03-11,29.0,Ani Avetisyan
C11555,Gor,Mkrtchyan,customer1555@example.com,Yerevan,2023-09-29,60.0,Gor Mkrtchyan
C11556,Sona,Avetisyan,customer1556@example.com,Yerevan,2023-12-13,63.0,Sona Avetisyan
C11557,Karen,Sargsyan,customer1557@example.com,Yerevan,2024-09-30,44.0,Karen Sargsyan
C11558,Ani,Karapetyan,customer1558@example.com,Yerevan,2024-12-10,35.0,Ani Karapetyan
C11559,Mariam,Avetisyan,customer1559@example.com,Yerevan,2024-02-12,62.0,Mariam Avetisyan
C11560,Ani,Grigoryan,customer1560@example.com,Armavir,2024-10-27,53.0,Ani Grigoryan
C11561,Ani,Grigoryan,customer1561@example.com,Etchmiadzin,2023-03-24,44.0,Ani Grigoryan
C11562,David,Karapetyan,customer1562@example.com,Hrazdan,2025-05-22,26.0,David Karapetyan
C11563,Tatev,Manukyan,customer1563@example.com,Vagharshapat,2023-12-03,56.0,Tatev Manukyan
C11564,Ani,Grigoryan,customer1564@example.com,Yerevan,2025-05-22,18.0,Ani Grigoryan
C11565,Tatev,Avetisyan,customer1565@example.com,Armavir,2024-11-21,24.0,Tatev Avetisyan
C11566,Nare,Hovhannisyan,customer1566@example.com,Yerevan,2025-05-29,43.0,Nare Hovhannisyan
C11567,Lilit,Petrosyan,customer1567@example.com,Yerevan,2024-06-30,24.0,Lilit Petrosyan
C11568,Mariam,Grigoryan,customer1568@example.com,Vanadzor,2024-01-25,24.0,Mariam Grigoryan
C11569,Hayk,Ghazaryan,customer1569@example.com,Yerevan,2023-11-21,25.0,Hayk Ghazaryan
C11570,Lilit,Mkrtchyan,customer1570@example.com,Hrazdan,2024-10-03,33.0,Lilit Mkrtchyan
C11571,Arsen,Manukyan,customer1571@example.com,Yerevan,2025-01-05,20.0,Arsen Manukyan
C11572,Karen,Ghazaryan,customer1572@example.com,Etchmiadzin,2025-06-27,62.0,Karen Ghazaryan
C11573,Eva,Avetisyan,customer1573@example.com,Gyumri,2025-02-16,27.0,Eva Avetisyan
C11574,Mariam,Hakobyan,customer1574@example.com,Yerevan,2024-05-14,24.0,Mariam Hakobyan
C11575,Gor,Martirosyan,customer1575@example.com,Hrazdan,2025-06-12,38.0,Gor Martirosyan
C11576,Suren,Hakobyan,customer1576@example.com,Yerevan,2024-07-08,54.0,Suren Hakobyan
C11577,Lusine,Sargsyan,customer1577@example.com,Gyumri,2023-02-06,-5.0,Lusine Sargsyan
C11578,Sona,Ghazaryan,customer1578@example.com,Yerevan,2024-09-24,40.0,Sona Ghazaryan
C11579,Mane,Martirosyan,customer1579@example.com,Vanadzor,2023-03-12,44.0,Mane Martirosyan
C11580,Anna,Sargsyan,customer1580@example.com,Abovyan,2023-08-29,39.0,Anna Sargsyan
C11581,Hayk,Martirosyan,customer1581@example.com,Yerevan,2024-10-08,56.0,Hayk Martirosyan
C11582,David,Martirosyan,customer1582@example.com,Artashat,2024-12-01,44.0,David Martirosyan
C11583,Hayk,Petrosyan,customer1583@example.com,Armavir,2025-08-01,21.0,Hayk Petrosyan
C11584,David,Harutyunyan,customer1584@example.com,Abovyan,2023-10-22,41.0,David Harutyunyan
C11585,Lilit,Mkrtchyan,customer1585@example.com,Hrazdan,2023-08-21,40.0,Lilit Mkrtchyan
C11586,David,Hakobyan,customer1586@example.com,Yerevan,2025-02-03,65.0,David Hakobyan
C11587,Karen,Vardanyan,customer1587@example.com,Abovyan,2023-04-03,36.0,Karen Vardanyan
C11588,Suren,Grigoryan,customer1588@example.com,Yerevan,2024-03-20,59.0,Suren Grigoryan
C11589,Sona,Avetisyan,customer1589@example.com,Yerevan,2023-04-11,20.0,Sona Avetisyan
C11590,Sona,Manukyan,customer1590@example.com,Dilijan,2025-02-17,44.0,Sona Manukyan
C11591,Karen,Mkrtchyan,customer1591@example.com,Vanadzor,2024-10-10,20.0,Karen Mkrtchyan
C11592,Nare,Sargsyan,customer1592@example.com,Yerevan,2024-12-21,45.0,Nare Sargsyan
C11593,Eva,Petrosyan,customer1593@example.com,Yerevan,2025-06-12,34.0,Eva Petrosyan
C11594,Lilit,Sargsyan,customer1594@example.com,Vanadzor,2023-04-13,48.0,Lilit Sargsyan
C11595,Mane,Harutyunyan,customer1595@example.com,Yerevan,2024-03-30,27.0,Mane Harutyunyan
C11596,Nare,Manukyan,customer1596@example.com,Yerevan,2023-06-20,39.0,Nare Manukyan
C11597,Mikael,Vardanyan,customer1597@example.com,Yerevan,2024-12-11,47.0,Mikael Vardanyan
C11598,Arman,Stepanyan,customer1598@example.com,Gyumri,2023-11-03,38.0,Arman Stepanyan
C11599,Hayk,Petrosyan,customer1599@example.com,Vanadzor,2025-07-14,53.0,Hayk Petrosyan
C11600,Anna,Sargsyan,customer1600@example.com,Yerevan,2023-01-30,40.0,Anna Sargsyan
C11601,David,Harutyunyan,customer1601@example.com,Hrazdan,2023-02-17,55.0,David Harutyunyan
C11602,Gor,Stepanyan,customer1602@example.com,Yerevan,2023-11-29,29.0,Gor Stepanyan
C11603,Arsen,Avetisyan,customer1603@example.com,Abovyan,2025-03-26,42.0,Arsen Avetisyan
C11604,Mane,Avetisyan,customer1604@example.com,Dilijan,2023-02-27,37.0,Mane Avetisyan
C11605,Karen,Vardanyan,customer1605@example.com,Abovyan,2023-10-28,59.0,Karen Vardanyan
C11606,Suren,Sargsyan,customer1606@example.com,Armavir,2024-01-03,24.0,Suren Sargsyan
C11607,Suren,Vardanyan,,Artashat,2024-01-19,46.0,Suren Vardanyan
C11608,Tatev,Mkrtchyan,customer1608@example.com,Gyumri,2024-03-17,65.0,Tatev Mkrtchyan
C11609,Tatev,Manukyan,customer1609@example.com,Abovyan,2023-05-30,46.0,Tatev Manukyan
C11610,Saro,Karapetyan,customer1610@example.com,Kapan,2023-09-08,30.0,Saro Karapetyan
C11611,Saro,Mkrtchyan,customer1611@example.com,Yerevan,2024-06-27,20.0,Saro Mkrtchyan
C11612,Arsen,Avetisyan,customer1612@example.com,Yerevan,2024-02-26,19.0,Arsen Avetisyan
C11613,Arman,Manukyan,customer1613@example.com,Artashat,2024-08-02,,Arman Manukyan
C11614,Tatev,Harutyunyan,customer1614@example.com,Hrazdan,2024-11-29,47.0,Tatev Harutyunyan
C11615,Sona,Petrosyan,customer1615@example.com,Yerevan,2025-03-22,55.0,Sona Petrosyan
C11616,Saro,Hovhannisyan,customer1616@example.com,Yerevan,2023-07-04,23.0,Saro Hovhannisyan
C11617,Suren,Ghazaryan,customer1617@example.com,Etchmiadzin,2023-06-24,62.0,Suren Ghazaryan
C11618,Karen,Martirosyan,customer1618@example.com,Gyumri,2023-06-29,24.0,Karen Martirosyan
C11619,Hayk,Sargsyan,customer1619@example.com,Abovyan,2023-03-22,22.0,Hayk Sargsyan
C11620,Karen,Hovhannisyan,customer1620@example.com,Hrazdan,2024-09-16,24.0,Karen Hovhannisyan
C11621,Saro,Hakobyan,customer1621@example.com,Vanadzor,2025-06-10,51.0,Saro Hakobyan
C11622,Narek,Manukyan,customer1622@example.com,Gyumri,2024-01-27,49.0,Narek Manukyan
C11623,David,Ghazaryan,customer1623@example.com,Hrazdan,2024-09-26,30.0,David Ghazaryan
C11624,Anna,Grigoryan,,Hrazdan,2024-11-30,47.0,Anna Grigoryan
C11625,Gor,Harutyunyan,customer1625@example.com,Vanadzor,2023-09-04,42.0,Gor Harutyunyan
C11626,Saro,Karapetyan,customer1626@example.com,Yerevan,2024-05-24,38.0,Saro Karapetyan
C11627,Anna,Martirosyan,customer1627@example.com,Yerevan,2025-07-23,38.0,Anna Martirosyan
C11628,Eva,Grigoryan,customer1628@example.com,Dilijan,2024-08-20,45.0,Eva Grigoryan
C11629,Ani,Karapetyan,customer1629@example.com,Yerevan,2023-05-27,65.0,Ani Karapetyan
C11630,Lilit,Hakobyan,customer1630@example.com,Yerevan,2023-08-26,37.0,Lilit Hakobyan
C11631,Suren,Avetisyan,customer1631@example.com,Gyumri,2024-04-17,51.0,Suren Avetisyan
C11632,Lusine,Mkrtchyan,customer1632@example.com,Kapan,2024-10-15,22.0,Lusine Mkrtchyan
C11633,Nare,Sargsyan,customer1633@example.com,Yerevan,2023-09-18,35.0,Nare Sargsyan
C11634,Narek,Petrosyan,customer1634@example.com,Yerevan,2024-04-15,56.0,Narek Petrosyan
C11635,Arman,Karapetyan,customer1635@example.com,Yerevan,2023-09-19,60.0,Arman Karapetyan
C11636,Suren,Martirosyan,customer1636@example.com,Abovyan,2024-11-13,28.0,Suren Martirosyan
C11637,Nare,Hovhannisyan,customer1637@example.com,Yerevan,2023-01-10,34.0,Nare Hovhannisyan
C11638,Karen,Stepanyan,customer1638@example.com,Yerevan,2025-07-09,65.0,Karen Stepanyan
C11639,Lusine,Manukyan,customer1639@example.com,Yerevan,2025-04-03,62.0,Lusine Manukyan
C11640,Saro,Avetisyan,customer1640@example.com,Armavir,2024-04-21,39.0,Saro Avetisyan
C11641,David,Stepanyan,customer1641@example.com,Yerevan,2025-07-11,54.0,David Stepanyan
C11642,Arman,Manukyan,customer1642@example.com,Yerevan,2023-10-22,37.0,Arman Manukyan
C11643,Mariam,Martirosyan,customer1643@example.com,Gyumri,2024-11-24,65.0,Mariam Martirosyan
C11644,Arman,Manukyan,customer1644@example.com,Dilijan,2024-07-13,65.0,Arman Manukyan
C11645,Mariam,Karapetyan,customer1645@example.com,Vanadzor,2023-06-11,65.0,Mariam Karapetyan
C11646,Eva,Hovhannisyan,customer1646@example.com,Dilijan,2023-03-17,63.0,Eva Hovhannisyan
C11647,Mariam,Stepanyan,customer1647@example.com,Kapan,2024-03-28,23.0,Mariam Stepanyan
C11648,Arman,Harutyunyan,customer1648@example.com,Yerevan,2023-12-20,51.0,Arman Harutyunyan
C11649,Hayk,Stepanyan,customer1649@example.com,Abovyan,2024-08-24,31.0,Hayk Stepanyan
C11650,Lilit,Manukyan,customer1650@example.com,Yerevan,2023-11-03,65.0,Lilit Manukyan
C11651,Gor,Mkrtchyan,customer1651@example.com,Vanadzor,2024-10-16,40.0,Gor Mkrtchyan
C11652,Saro,Hovhannisyan,customer1652@example.com,Yerevan,2024-03-10,37.0,Saro Hovhannisyan
C11653,Saro,Hakobyan,customer1653@example.com,Yerevan,2024-12-07,30.0,Saro Hakobyan
C11654,Suren,Petrosyan,customer1654@example.com,Artashat,2023-09-14,64.0,Suren Petrosyan
C11655,Anna,Karapetyan,customer1655@example.com,Yerevan,2024-04-12,61.0,Anna Karapetyan
C11656,Tatev,Ghazaryan,customer1656@example.com,Armavir,2025-05-15,58.0,Tatev Ghazaryan
C11657,Karen,Grigoryan,customer1657@example.com,Yerevan,2023-11-06,49.0,Karen Grigoryan
C11658,Sona,Vardanyan,customer1658@example.com,Yerevan,2023-07-23,43.0,Sona Vardanyan
C11659,Eva,Hovhannisyan,customer1659@example.com,Kapan,2024-01-29,31.0,Eva Hovhannisyan
C11660,Ani,Ghazaryan,customer1660@example.com,Vanadzor,2025-05-23,53.0,Ani Ghazaryan
C11661,Anna,Ghazaryan,customer1661@example.com,Hrazdan,2024-05-09,25.0,Anna Ghazaryan
C11662,Sona,Ghazaryan,customer1662@example.com,Yerevan,2023-04-20,57.0,Sona Ghazaryan
C11663,Arman,Martirosyan,customer1663@example.com,Gyumri,2023-08-31,39.0,Arman Martirosyan
C11664,Mikael,Avetisyan,customer1664@example.com,Hrazdan,2024-01-26,39.0,Mikael Avetisyan
C11665,Gor,Stepanyan,customer1665@example.com,Vanadzor,2024-08-08,33.0,Gor Stepanyan
C11666,Suren,Hovhannisyan,customer1666@example.com,Gyumri,2024-01-03,44.0,Suren Hovhannisyan
C11667,Arsen,Karapetyan,customer1667@example.com,Artashat,2024-08-11,27.0,Arsen Karapetyan
C11668,Arsen,Stepanyan,customer1668@example.com,Abovyan,2023-10-30,42.0,Arsen Stepanyan
C11669,Mariam,Stepanyan,customer1669@example.com,Armavir,2024-12-17,,Mariam Stepanyan
C11670,Narek,Harutyunyan,customer1670@example.com,Hrazdan,2023-10-30,38.0,Narek Harutyunyan
C11671,Narek,Ghazaryan,customer1671@example.com,Hrazdan,2023-01-23,44.0,Narek Ghazaryan
C11672,Hayk,Avetisyan,customer1672@example.com,Yerevan,2025-04-29,34.0,Hayk Avetisyan
C11673,Tatev,Vardanyan,customer1673@example.com,Yerevan,2024-11-05,50.0,Tatev Vardanyan
C11674,David,Mkrtchyan,customer1674@example.com,Kapan,2024-02-10,48.0,David Mkrtchyan
C11675,Eva,Martirosyan,customer1675@example.com,Yerevan,2023-10-09,59.0,Eva Martirosyan
C11676,Arsen,Avetisyan,customer1676@example.com,Yerevan,2023-01-09,43.0,Arsen Avetisyan
C11677,Lilit,Manukyan,customer1677@example.com,Yerevan,2024-08-02,38.0,Lilit Manukyan
C11678,Nare,Karapetyan,customer1678@example.com,Yerevan,2025-06-04,53.0,Nare Karapetyan
C11679,Mariam,Hakobyan,customer1679@example.com,Artashat,2024-12-03,18.0,Mariam Hakobyan
C11680,Lilit,Martirosyan,customer1680@example.com,Kapan,2025-03-07,21.0,Lilit Martirosyan
C11681,Hayk,Sargsyan,customer1681@example.com,Gyumri,2025-02-01,21.0,Hayk Sargsyan
C11682,Lusine,Mkrtchyan,customer1682@example.com,Yerevan,2023-02-20,43.0,Lusine Mkrtchyan
C11683,Mariam,Ghazaryan,customer1683@example.com,Hrazdan,2025-07-21,21.0,Mariam Ghazaryan
C11684,Anna,Petrosyan,customer1684@example.com,Vanadzor,2024-09-12,,Anna Petrosyan
C11685,Narek,Martirosyan,customer1685@example.com,Dilijan,2025-02-02,47.0,Narek Martirosyan
C11686,Narek,Harutyunyan,customer1686@example.com,Vanadzor,2024-05-23,62.0,Narek Harutyunyan
C11687,Ani,Karapetyan,customer1687@example.com,Yerevan,2025-05-02,21.0,Ani Karapetyan
C11688,Sona,Manukyan,customer1688@example.com,Gyumri,2025-07-14,22.0,Sona Manukyan
C11689,Suren,Petrosyan,customer1689@example.com,Dilijan,2025-07-13,62.0,Suren Petrosyan
C11690,Arman,Petrosyan,customer1690@example.com,Abovyan,2023-10-21,40.0,Arman Petrosyan
C11691,Tatev,Mkrtchyan,customer1691@example.com,Abovyan,2025-03-05,33.0,Tatev Mkrtchyan
C11692,Eva,Avetisyan,customer1692@example.com,Yerevan,2025-03-29,39.0,Eva Avetisyan
C11693,Mane,Harutyunyan,customer1693@example.com,Hrazdan,2023-08-24,54.0,Mane Harutyunyan
C11694,Gor,Avetisyan,customer1694@example.com,Hrazdan,2024-09-13,25.0,Gor Avetisyan
C11695,Anna,Manukyan,customer1695@example.com,Yerevan,2025-04-01,65.0,Anna Manukyan
C11696,Arsen,Petrosyan,,Gyumri,2023-12-27,50.0,Arsen Petrosyan
C11697,Mikael,Harutyunyan,customer1697@example.com,Yerevan,2023-08-13,55.0,Mikael Harutyunyan
C11698,Gor,Harutyunyan,customer1698@example.com,Yerevan,2024-10-13,60.0,Gor Harutyunyan
C11699,Gor,Grigoryan,customer1699@example.com,Yerevan,2023-07-14,33.0,Gor Grigoryan
C11700,Suren,Stepanyan,customer1700@example.com,Yerevan,2024-09-27,22.0,Suren Stepanyan
C11701,David,Karapetyan,,Vanadzor,2023-09-14,33.0,David Karapetyan
C11702,Ani,Vardanyan,customer1702@example.com,Yerevan,2024-11-25,24.0,Ani Vardanyan
C11703,Narek,Petrosyan,customer1703@example.com,Yerevan,2025-02-12,18.0,Narek Petrosyan
C11704,Nare,Petrosyan,customer1704@example.com,Armavir,2025-01-08,26.0,Nare Petrosyan
C11705,Sona,Harutyunyan,customer1705@example.com,Vanadzor,2025-02-24,35.0,Sona Harutyunyan
C11706,Mane,Avetisyan,customer1706@example.com,Vanadzor,2024-11-06,62.0,Mane Avetisyan
C11707,Suren,Stepanyan,customer1707@example.com,Yerevan,2024-11-28,64.0,Suren Stepanyan
C11708,Ani,Petrosyan,customer1708@example.com,Abovyan,2025-05-08,20.0,Ani Petrosyan
C11709,Nare,Harutyunyan,customer1709@example.com,Yerevan,2023-05-21,41.0,Nare Harutyunyan
C11710,Mane,Petrosyan,customer1710@example.com,Etchmiadzin,2024-10-05,45.0,Mane Petrosyan
C11711,Narek,Vardanyan,customer1711@example.com,Yerevan,2023-04-10,27.0,Narek Vardanyan
C11712,Eva,Stepanyan,customer1712@example.com,Abovyan,2025-07-14,26.0,Eva Stepanyan
C11713,Narek,Harutyunyan,customer1713@example.com,Yerevan,2024-10-04,30.0,Narek Harutyunyan
C11714,Suren,Grigoryan,customer1714@example.com,Hrazdan,2024-10-23,65.0,Suren Grigoryan
C11715,Narek,Vardanyan,customer1715@example.com,Gyumri,2023-02-10,-5.0,Narek Vardanyan
C11716,Lusine,Vardanyan,customer1716@example.com,Gyumri,2023-11-13,40.0,Lusine Vardanyan
C11717,Lusine,Karapetyan,customer1717@example.com,Yerevan,2025-03-18,64.0,Lusine Karapetyan
C11718,Suren,Stepanyan,customer1718@example.com,Vanadzor,2024-03-27,34.0,Suren Stepanyan
C11719,Eva,Harutyunyan,customer1719@example.com,Dilijan,2023-02-04,63.0,Eva Harutyunyan
C11720,Eva,Stepanyan,customer1720@example.com,Etchmiadzin,2024-08-16,24.0,Eva Stepanyan
C11721,Hayk,Hovhannisyan,customer1721@example.com,Yerevan,2024-01-09,33.0,Hayk Hovhannisyan
C11722,Suren,Stepanyan,,Yerevan,2025-01-19,57.0,Suren Stepanyan
C11723,Nare,Petrosyan,customer1723@example.com,Artashat,2023-05-15,53.0,Nare Petrosyan
C11724,Karen,Manukyan,customer1724@example.com,Gyumri,2023-04-03,37.0,Karen Manukyan
C11725,Arsen,Karapetyan,customer1725@example.com,Abovyan,2025-07-20,41.0,Arsen Karapetyan
C11726,Mariam,Grigoryan,customer1726@example.com,Armavir,2023-10-30,64.0,Mariam Grigoryan
C11727,David,Ghazaryan,customer1727@example.com,Armavir,2023-12-01,22.0,David Ghazaryan
C11728,Narek,Harutyunyan,customer1728@example.com,Gyumri,2025-02-04,62.0,Narek Harutyunyan
C11729,Nare,Manukyan,customer1729@example.com,Yerevan,2024-03-01,23.0,Nare Manukyan
C11730,Ani,Harutyunyan,customer1730@example.com,Yerevan,2023-06-29,45.0,Ani Harutyunyan
C11731,Anna,Avetisyan,customer1731@example.com,Hrazdan,2023-07-25,22.0,Anna Avetisyan
C11732,Hayk,Petrosyan,,Yerevan,2023-05-16,56.0,Hayk Petrosyan
C11733,Narek,Martirosyan,customer1733@example.com,Yerevan,2025-03-16,55.0,Narek Martirosyan
C11734,Narek,Mkrtchyan,customer1734@example.com,Yerevan,2024-07-06,19.0,Narek Mkrtchyan
C11735,Ani,Hakobyan,customer1735@example.com,Yerevan,2025-06-16,60.0,Ani Hakobyan
C11736,Lusine,Avetisyan,customer1736@example.com,Abovyan,2024-01-10,56.0,Lusine Avetisyan
C11737,Saro,Manukyan,customer1737@example.com,Vanadzor,2024-06-27,38.0,Saro Manukyan
C11738,Arsen,Avetisyan,customer1738@example.com,Gyumri,2024-05-28,57.0,Arsen Avetisyan
C11739,Suren,Sargsyan,customer1739@example.com,Yerevan,2025-07-24,54.0,Suren Sargsyan
C11740,Gor,Harutyunyan,customer1740@example.com,Armavir,2023-10-07,35.0,Gor Harutyunyan
C11741,Nare,Harutyunyan,customer1741@example.com,Yerevan,2025-04-30,65.0,Nare Harutyunyan
C11742,Karen,Hovhannisyan,customer1742@example.com,Hrazdan,2023-06-18,63.0,Karen Hovhannisyan
C11743,Mane,Hakobyan,customer1743@example.com,Armavir,2023-09-21,29.0,Mane Hakobyan
C11744,Mariam,Hakobyan,customer1744@example.com,Yerevan,2025-07-24,,Mariam Hakobyan
C11745,Karen,Sargsyan,customer1745@example.com,Vanadzor,2025-04-24,54.0,Karen Sargsyan
C11746,Lilit,Petrosyan,customer1746@example.com,Artashat,2024-05-08,63.0,Lilit Petrosyan
C11747,Eva,Mkrtchyan,customer1747@example.com,Yerevan,2025-04-05,55.0,Eva Mkrtchyan
C11748,Mane,Vardanyan,customer1748@example.com,Gyumri,2023-10-30,32.0,Mane Vardanyan
C11749,Karen,Vardanyan,customer1749@example.com,Gyumri,2025-02-03,24.0,Karen Vardanyan
C11750,Suren,Stepanyan,customer1750@example.com,Yerevan,2025-06-10,31.0,Suren Stepanyan
C11751,Hayk,Martirosyan,customer1751@example.com,Etchmiadzin,2023-12-13,18.0,Hayk Martirosyan
C11752,Nare,Ghazaryan,customer1752@example.com,Armavir,2025-04-03,55.0,Nare Ghazaryan
C11753,Tatev,Martirosyan,customer1753@example.com,Etchmiadzin,2023-04-28,20.0,Tatev Martirosyan
C11754,Nare,Grigoryan,customer1754@example.com,Yerevan,2024-04-24,54.0,Nare Grigoryan
C11755,Mikael,Hovhannisyan,customer1755@example.com,Yerevan,2023-03-19,61.0,Mikael Hovhannisyan
C11756,Karen,Ghazaryan,customer1756@example.com,Vanadzor,2023-05-25,48.0,Karen Ghazaryan
C11757,Gor,Grigoryan,customer1757@example.com,Yerevan,2025-02-11,60.0,Gor Grigoryan
C11758,Sona,Petrosyan,customer1758@example.com,Abovyan,2023-08-20,30.0,Sona Petrosyan
C11759,Karen,Grigoryan,customer1759@example.com,Gyumri,2025-05-30,65.0,Karen Grigoryan
C11760,Ani,Grigoryan,customer1760@example.com,Abovyan,2024-11-23,35.0,Ani Grigoryan
C11761,Sona,Sargsyan,customer1761@example.com,Vanadzor,2025-01-11,34.0,Sona Sargsyan
C11762,Hayk,Sargsyan,customer1762@example.com,Yerevan,2024-11-21,34.0,Hayk Sargsyan
C11763,Narek,Grigoryan,customer1763@example.com,Yerevan,2024-02-11,28.0,Narek Grigoryan
C11764,Eva,Avetisyan,customer1764@example.com,Yerevan,2025-05-16,37.0,Eva Avetisyan
C11765,Eva,Ghazaryan,,Gyumri,2025-04-03,27.0,Eva Ghazaryan
C11766,Mariam,Karapetyan,customer1766@example.com,Abovyan,2024-07-24,46.0,Mariam Karapetyan
C11767,Ani,Karapetyan,customer1767@example.com,Etchmiadzin,2024-01-10,65.0,Ani Karapetyan
C11768,Mane,Stepanyan,customer1768@example.com,Hrazdan,2023-04-03,51.0,Mane Stepanyan
C11769,Gor,Stepanyan,customer1769@example.com,Dilijan,2025-03-20,34.0,Gor Stepanyan
C11770,Karen,Petrosyan,customer1770@example.com,Yerevan,2024-02-09,59.0,Karen Petrosyan
C11771,Karen,Martirosyan,customer1771@example.com,Yerevan,2023-01-15,30.0,Karen Martirosyan
C11772,Lusine,Hovhannisyan,customer1772@example.com,Yerevan,2023-09-28,61.0,Lusine Hovhannisyan
C11773,Sona,Hakobyan,customer1773@example.com,Hrazdan,2024-07-03,64.0,Sona Hakobyan
C11774,Eva,Petrosyan,customer1774@example.com,Yerevan,2023-05-07,56.0,Eva Petrosyan
C11775,Sona,Grigoryan,customer1775@example.com,Vagharshapat,2024-04-10,44.0,Sona Grigoryan
C11776,Lusine,Sargsyan,customer1776@example.com,Gyumri,2024-01-13,43.0,Lusine Sargsyan
C11777,Suren,Stepanyan,customer1777@example.com,Artashat,2024-11-19,45.0,Suren Stepanyan
C11778,Sona,Harutyunyan,customer1778@example.com,Artashat,2025-02-05,30.0,Sona Harutyunyan
C11779,Arsen,Avetisyan,customer1779@example.com,Yerevan,2024-11-19,29.0,Arsen Avetisyan
C11780,Arman,Vardanyan,customer1780@example.com,Gyumri,2023-09-26,61.0,Arman Vardanyan
C11781,Ani,Manukyan,customer1781@example.com,Vanadzor,2024-08-21,45.0,Ani Manukyan
C11782,Ani,Vardanyan,customer1782@example.com,Yerevan,2024-01-26,19.0,Ani Vardanyan
C11783,Saro,Sargsyan,customer1783@example.com,Yerevan,2025-04-22,54.0,Saro Sargsyan
C11784,Mikael,Karapetyan,customer1784@example.com,Abovyan,2024-10-15,51.0,Mikael Karapetyan
C11785,Arsen,Hovhannisyan,customer1785@example.com,Yerevan,2024-01-16,40.0,Arsen Hovhannisyan
C11786,Mikael,Ghazaryan,customer1786@example.com,Vanadzor,2023-04-21,62.0,Mikael Ghazaryan
C11787,Narek,Vardanyan,customer1787@example.com,Abovyan,2024-11-22,46.0,Narek Vardanyan
C11788,David,Sargsyan,customer1788@example.com,Yerevan,2023-08-28,52.0,David Sargsyan
C11789,Mariam,Stepanyan,customer1789@example.com,Gyumri,2024-04-27,28.0,Mariam Stepanyan
C11790,Karen,Avetisyan,customer1790@example.com,Yerevan,2023-01-26,65.0,Karen Avetisyan
C11791,Hayk,Ghazaryan,customer1791@example.com,Hrazdan,2024-09-26,50.0,Hayk Ghazaryan
C11792,David,Stepanyan,customer1792@example.com,Yerevan,2025-06-24,28.0,David Stepanyan
C11793,Ani,Hakobyan,customer1793@example.com,Armavir,2024-07-28,26.0,Ani Hakobyan
C11794,David,Grigoryan,customer1794@example.com,Yerevan,2023-12-02,31.0,David Grigoryan
C11795,Mikael,Harutyunyan,customer1795@example.com,Yerevan,2025-07-26,26.0,Mikael Harutyunyan
C11796,Tatev,Karapetyan,customer1796@example.com,Yerevan,2024-09-16,56.0,Tatev Karapetyan
C11797,David,Karapetyan,customer1797@example.com,Yerevan,2023-08-15,65.0,David Karapetyan
C11798,Tatev,Hovhannisyan,customer1798@example.com,Yerevan,2024-10-25,20.0,Tatev Hovhannisyan
C11799,David,Mkrtchyan,customer1799@example.com,Vanadzor,2023-03-06,46.0,David Mkrtchyan
C11800,Mane,Martirosyan,customer1800@example.com,Gyumri,2024-10-12,36.0,Mane Martirosyan
C11801,Arman,Stepanyan,customer1801@example.com,Yerevan,2025-04-23,53.0,Arman Stepanyan
C11802,Mariam,Hakobyan,customer1802@example.com,Yerevan,2024-04-20,49.0,Mariam Hakobyan
C11803,Hayk,Karapetyan,customer1803@example.com,Hrazdan,2025-07-20,24.0,Hayk Karapetyan
C11804,Arsen,Martirosyan,customer1804@example.com,Vanadzor,2024-12-18,45.0,Arsen Martirosyan
C11805,Arman,Karapetyan,customer1805@example.com,Yerevan,2023-11-06,61.0,Arman Karapetyan
C11806,Hayk,Ghazaryan,customer1806@example.com,Etchmiadzin,2024-10-26,,Hayk Ghazaryan
C11807,Saro,Grigoryan,customer1807@example.com,Yerevan,2024-02-23,22.0,Saro Grigoryan
C11808,Hayk,Martirosyan,customer1808@example.com,Etchmiadzin,2023-04-30,40.0,Hayk Martirosyan
C11809,Mariam,Avetisyan,customer1809@example.com,Yerevan,2023-05-24,39.0,Mariam Avetisyan
C11810,Karen,Stepanyan,customer1810@example.com,Yerevan,2023-02-16,43.0,Karen Stepanyan
C11811,Tatev,Mkrtchyan,customer1811@example.com,Artashat,2023-02-08,59.0,Tatev Mkrtchyan
C11812,David,Grigoryan,customer1812@example.com,Yerevan,2023-11-08,29.0,David Grigoryan
C11813,Saro,Vardanyan,customer1813@example.com,Etchmiadzin,2024-05-19,57.0,Saro Vardanyan
C11814,Tatev,Avetisyan,customer1814@example.com,Yerevan,2023-04-29,36.0,Tatev Avetisyan
C11815,Mane,Harutyunyan,customer1815@example.com,Abovyan,2023-04-10,64.0,Mane Harutyunyan
C11816,Ani,Hakobyan,customer1816@example.com,Armavir,2023-08-29,18.0,Ani Hakobyan
C11817,Lilit,Hakobyan,customer1817@example.com,Yerevan,2025-06-27,20.0,Lilit Hakobyan
C11818,Eva,Manukyan,customer1818@example.com,Kapan,2024-07-04,44.0,Eva Manukyan
C11819,Ani,Manukyan,customer1819@example.com,Vanadzor,2023-05-19,35.0,Ani Manukyan
C11820,Suren,Stepanyan,customer1820@example.com,Vanadzor,2024-02-02,47.0,Suren Stepanyan
C11821,Lilit,Martirosyan,customer1821@example.com,Gyumri,2024-04-09,19.0,Lilit Martirosyan
C11822,Eva,Ghazaryan,customer1822@example.com,Armavir,2024-01-15,22.0,Eva Ghazaryan
C11823,Saro,Hakobyan,customer1823@example.com,Yerevan,2024-11-17,46.0,Saro Hakobyan
C11824,Ani,Hovhannisyan,customer1824@example.com,Yerevan,2025-01-30,50.0,Ani Hovhannisyan
C11825,Lusine,Vardanyan,customer1825@example.com,Armavir,2024-12-14,59.0,Lusine Vardanyan
C11826,Lusine,Stepanyan,customer1826@example.com,Hrazdan,2024-07-07,37.0,Lusine Stepanyan
C11827,Anna,Martirosyan,customer1827@example.com,Yerevan,2024-03-05,47.0,Anna Martirosyan
C11828,Suren,Manukyan,customer1828@example.com,Gyumri,2024-08-24,59.0,Suren Manukyan
C11829,Hayk,Vardanyan,customer1829@example.com,Gyumri,2025-01-30,22.0,Hayk Vardanyan
C11830,Mane,Harutyunyan,customer1830@example.com,Yerevan,2025-01-14,38.0,Mane Harutyunyan
C11831,Anna,Karapetyan,customer1831@example.com,Yerevan,2023-06-08,32.0,Anna Karapetyan
C11832,Sona,Avetisyan,customer1832@example.com,Abovyan,2025-06-25,37.0,Sona Avetisyan
C11833,Arsen,Stepanyan,customer1833@example.com,Yerevan,2024-02-29,25.0,Arsen Stepanyan
C11834,Arsen,Vardanyan,customer1834@example.com,Etchmiadzin,2024-11-01,48.0,Arsen Vardanyan
C11835,Gor,Ghazaryan,customer1835@example.com,Etchmiadzin,2023-04-12,29.0,Gor Ghazaryan
C11836,Mariam,Sargsyan,customer1836@example.com,Yerevan,2025-05-03,38.0,Mariam Sargsyan
C11837,Arsen,Stepanyan,customer1837@example.com,Yerevan,2024-05-16,47.0,Arsen Stepanyan
C11838,David,Martirosyan,customer1838@example.com,Yerevan,2024-09-22,44.0,David Martirosyan
C11839,Anna,Harutyunyan,customer1839@example.com,Gyumri,2024-02-22,61.0,Anna Harutyunyan
C11840,Sona,Avetisyan,customer1840@example.com,Hrazdan,2023-10-14,43.0,Sona Avetisyan
C11841,Mikael,Hakobyan,customer1841@example.com,Yerevan,2023-02-03,50.0,Mikael Hakobyan
C11842,Mariam,Karapetyan,customer1842@example.com,Vanadzor,2024-12-07,43.0,Mariam Karapetyan
C11843,Hayk,Avetisyan,customer1843@example.com,Yerevan,2024-01-15,43.0,Hayk Avetisyan
C11844,Suren,Mkrtchyan,customer1844@example.com,Yerevan,2023-08-11,53.0,Suren Mkrtchyan
C11845,Narek,Manukyan,customer1845@example.com,Yerevan,2024-03-30,57.0,Narek Manukyan
C11846,Mariam,Avetisyan,customer1846@example.com,Yerevan,2024-03-31,,Mariam Avetisyan
C11847,Mikael,Sargsyan,customer1847@example.com,Yerevan,2023-08-30,32.0,Mikael Sargsyan
C11848,Narek,Harutyunyan,customer1848@example.com,Yerevan,2025-05-25,18.0,Narek Harutyunyan
C11849,Eva,Karapetyan,customer1849@example.com,Kapan,2024-01-07,28.0,Eva Karapetyan
C11850,Suren,Hovhannisyan,customer1850@example.com,Etchmiadzin,2023-04-12,,Suren Hovhannisyan
C11851,Arman,Grigoryan,customer1851@example.com,Yerevan,2024-12-03,18.0,Arman Grigoryan
C11852,Eva,Avetisyan,customer1852@example.com,Yerevan,2024-01-12,48.0,Eva Avetisyan
C11853,Mane,Hovhannisyan,customer1853@example.com,Yerevan,2024-07-11,61.0,Mane Hovhannisyan
C11854,Mikael,Hovhannisyan,customer1854@example.com,Yerevan,2025-07-12,33.0,Mikael Hovhannisyan
C11855,Hayk,Petrosyan,customer1855@example.com,Gyumri,2024-10-22,39.0,Hayk Petrosyan
C11856,Arsen,Sargsyan,customer1856@example.com,Yerevan,2024-01-03,59.0,Arsen Sargsyan
C11857,Karen,Sargsyan,customer1857@example.com,Yerevan,2023-03-04,35.0,Karen Sargsyan
C11858,Suren,Petrosyan,customer1858@example.com,Yerevan,2024-02-12,-5.0,Suren Petrosyan
C11859,Mane,Mkrtchyan,customer1859@example.com,Yerevan,2023-10-10,34.0,Mane Mkrtchyan
C11860,Tatev,Grigoryan,customer1860@example.com,Yerevan,2023-07-14,47.0,Tatev Grigoryan
C11861,Mane,Manukyan,customer1861@example.com,Abovyan,2023-05-06,-5.0,Mane Manukyan
C11862,Mikael,Harutyunyan,customer1862@example.com,Yerevan,2025-05-18,52.0,Mikael Harutyunyan
C11863,Eva,Karapetyan,customer1863@example.com,Gyumri,2025-04-23,38.0,Eva Karapetyan
C11864,Eva,Harutyunyan,customer1864@example.com,Vanadzor,2024-04-10,33.0,Eva Harutyunyan
C11865,Arman,Grigoryan,customer1865@example.com,Armavir,2023-04-04,23.0,Arman Grigoryan
C11866,Mane,Harutyunyan,,Armavir,2024-11-09,20.0,Mane Harutyunyan
C11867,Saro,Petrosyan,customer1867@example.com,Hrazdan,2023-08-06,58.0,Saro Petrosyan
C11868,Eva,Sargsyan,customer1868@example.com,Yerevan,2024-10-19,60.0,Eva Sargsyan
C11869,Arman,Harutyunyan,customer1869@example.com,Vanadzor,2024-10-16,38.0,Arman Harutyunyan
C11870,Tatev,Martirosyan,customer1870@example.com,Etchmiadzin,2024-09-03,-5.0,Tatev Martirosyan
C11871,Saro,Hovhannisyan,customer1871@example.com,Yerevan,2023-01-22,35.0,Saro Hovhannisyan
C11872,Mariam,Stepanyan,customer1872@example.com,Gyumri,2023-02-21,41.0,Mariam Stepanyan
C11873,Arsen,Hovhannisyan,customer1873@example.com,Kapan,2025-03-16,44.0,Arsen Hovhannisyan
C11874,Arman,Avetisyan,customer1874@example.com,Gyumri,2023-12-08,21.0,Arman Avetisyan
C11875,Mikael,Grigoryan,customer1875@example.com,Yerevan,2023-09-07,39.0,Mikael Grigoryan
C11876,Nare,Mkrtchyan,customer1876@example.com,Yerevan,2023-05-09,41.0,Nare Mkrtchyan
C11877,Arsen,Ghazaryan,customer1877@example.com,Yerevan,2025-03-16,57.0,Arsen Ghazaryan
C11878,Eva,Ghazaryan,customer1878@example.com,Yerevan,2024-08-01,62.0,Eva Ghazaryan
C11879,Anna,Martirosyan,customer1879@example.com,Abovyan,2023-07-30,27.0,Anna Martirosyan
C11880,Sona,Vardanyan,customer1880@example.com,Abovyan,2023-03-12,,Sona Vardanyan
C11881,Mikael,Petrosyan,customer1881@example.com,Yerevan,2025-04-29,57.0,Mikael Petrosyan
C11882,Gor,Hakobyan,customer1882@example.com,Armavir,2025-02-22,23.0,Gor Hakobyan
C11883,Arman,Petrosyan,customer1883@example.com,Yerevan,2024-07-21,65.0,Arman Petrosyan
C11884,Karen,Hovhannisyan,customer1884@example.com,Yerevan,2023-08-01,35.0,Karen Hovhannisyan
C11885,Mariam,Mkrtchyan,customer1885@example.com,Hrazdan,2024-08-23,34.0,Mariam Mkrtchyan
C11886,Lusine,Mkrtchyan,customer1886@example.com,Etchmiadzin,2023-08-10,55.0,Lusine Mkrtchyan
C11887,Tatev,Martirosyan,customer1887@example.com,Vanadzor,2025-04-12,62.0,Tatev Martirosyan
C11888,Arman,Avetisyan,customer1888@example.com,Kapan,2025-06-09,40.0,Arman Avetisyan
C11889,Mane,Grigoryan,customer1889@example.com,Hrazdan,2023-08-27,63.0,Mane Grigoryan
C11890,Lilit,Stepanyan,customer1890@example.com,Armavir,2023-12-03,47.0,Lilit Stepanyan
C11891,Suren,Manukyan,customer1891@example.com,Yerevan,2025-03-03,38.0,Suren Manukyan
C11892,Gor,Sargsyan,customer1892@example.com,Hrazdan,2023-06-01,27.0,Gor Sargsyan
C11893,Lilit,Martirosyan,customer1893@example.com,Dilijan,2025-03-18,60.0,Lilit Martirosyan
C11894,Tatev,Vardanyan,customer1894@example.com,Hrazdan,2025-07-11,30.0,Tatev Vardanyan
C11895,Lilit,Mkrtchyan,customer1895@example.com,Yerevan,2024-09-02,29.0,Lilit Mkrtchyan
C11896,Lusine,Ghazaryan,customer1896@example.com,Gyumri,2023-01-03,26.0,Lusine Ghazaryan
C11897,Gor,Hakobyan,customer1897@example.com,Vanadzor,2023-10-11,21.0,Gor Hakobyan
C11898,Gor,Stepanyan,customer1898@example.com,Yerevan,2025-05-29,56.0,Gor Stepanyan
C11899,Arman,Karapetyan,customer1899@example.com,Dilijan,2023-05-29,41.0,Arman Karapetyan
C11900,Nare,Mkrtchyan,customer1900@example.com,Yerevan,2023-05-14,51.0,Nare Mkrtchyan
C11901,Arman,Avetisyan,customer1901@example.com,Yerevan,2024-07-07,56.0,Arman Avetisyan
C11902,Lilit,Vardanyan,customer1902@example.com,Armavir,2023-09-14,58.0,Lilit Vardanyan
C11903,Ani,Avetisyan,customer1903@example.com,Gyumri,2025-03-28,22.0,Ani Avetisyan
C11904,Suren,Mkrtchyan,customer1904@example.com,Yerevan,2023-06-28,32.0,Suren Mkrtchyan
C11905,Tatev,Vardanyan,customer1905@example.com,Vanadzor,2023-04-23,21.0,Tatev Vardanyan
C11906,Gor,Avetisyan,customer1906@example.com,Vanadzor,2024-11-07,56.0,Gor Avetisyan
C11907,Eva,Vardanyan,customer1907@example.com,Yerevan,2025-06-06,25.0,Eva Vardanyan
C11908,Tatev,Martirosyan,customer1908@example.com,Dilijan,2023-01-27,62.0,Tatev Martirosyan
C11909,David,Mkrtchyan,customer1909@example.com,Gyumri,2023-05-15,41.0,David Mkrtchyan
C11910,David,Mkrtchyan,customer1910@example.com,Vanadzor,2023-01-16,45.0,David Mkrtchyan
C11911,Eva,Vardanyan,customer1911@example.com,Gyumri,2024-01-02,60.0,Eva Vardanyan
C11912,Gor,Grigoryan,customer1912@example.com,Vanadzor,2025-03-19,44.0,Gor Grigoryan
C11913,Gor,Sargsyan,customer1913@example.com,Yerevan,2025-03-18,18.0,Gor Sargsyan
C11914,Sona,Hakobyan,customer1914@example.com,Yerevan,2023-09-01,51.0,Sona Hakobyan
C11915,Mikael,Avetisyan,customer1915@example.com,Gyumri,2024-08-25,34.0,Mikael Avetisyan
C11916,Lusine,Grigoryan,customer1916@example.com,Vagharshapat,2023-11-28,54.0,Lusine Grigoryan
C11917,Narek,Hovhannisyan,customer1917@example.com,Yerevan,2023-01-17,55.0,Narek Hovhannisyan
C11918,Arman,Hovhannisyan,customer1918@example.com,Vanadzor,2023-06-28,43.0,Arman Hovhannisyan
C11919,Karen,Manukyan,customer1919@example.com,Etchmiadzin,2023-09-29,41.0,Karen Manukyan
C11920,Saro,Manukyan,customer1920@example.com,Yerevan,2023-02-23,56.0,Saro Manukyan
C11921,Arman,Harutyunyan,customer1921@example.com,Yerevan,2023-05-10,38.0,Arman Harutyunyan
C11922,Lilit,Stepanyan,customer1922@example.com,Yerevan,2025-01-29,47.0,Lilit Stepanyan
C11923,Gor,Martirosyan,customer1923@example.com,Vanadzor,2024-03-07,64.0,Gor Martirosyan
C11924,Karen,Martirosyan,customer1924@example.com,Yerevan,2024-06-22,65.0,Karen Martirosyan
C11925,Saro,Petrosyan,customer1925@example.com,Yerevan,2023-04-27,30.0,Saro Petrosyan
C11926,Arman,Vardanyan,customer1926@example.com,Vanadzor,2025-02-02,54.0,Arman Vardanyan
C11927,Gor,Hakobyan,customer1927@example.com,Vanadzor,2023-03-07,20.0,Gor Hakobyan
C11928,Ani,Ghazaryan,customer1928@example.com,Yerevan,2024-05-02,49.0,Ani Ghazaryan
C11929,Karen,Mkrtchyan,customer1929@example.com,Yerevan,2024-04-04,52.0,Karen Mkrtchyan
C11930,Narek,Avetisyan,customer1930@example.com,Etchmiadzin,2025-03-07,36.0,Narek Avetisyan
C11931,Eva,Hakobyan,customer1931@example.com,Artashat,2024-01-06,31.0,Eva Hakobyan
C11932,Lusine,Harutyunyan,customer1932@example.com,Kapan,2024-06-09,65.0,Lusine Harutyunyan
C11933,Anna,Hovhannisyan,customer1933@example.com,Vanadzor,2024-08-30,39.0,Anna Hovhannisyan
C11934,Suren,Hovhannisyan,customer1934@example.com,Yerevan,2023-04-22,34.0,Suren Hovhannisyan
C11935,Mariam,Petrosyan,,Yerevan,2024-04-07,21.0,Mariam Petrosyan
C11936,Ani,Grigoryan,customer1936@example.com,Yerevan,2024-05-30,62.0,Ani Grigoryan
C11937,Lusine,Hakobyan,customer1937@example.com,Yerevan,2023-08-15,57.0,Lusine Hakobyan
C11938,Mikael,Grigoryan,customer1938@example.com,Abovyan,2024-09-21,36.0,Mikael Grigoryan
C11939,Narek,Manukyan,customer1939@example.com,Yerevan,2023-02-14,54.0,Narek Manukyan
C11940,Eva,Hovhannisyan,customer1940@example.com,Yerevan,2025-01-14,19.0,Eva Hovhannisyan
C11941,Anna,Avetisyan,customer1941@example.com,Dilijan,2025-03-13,32.0,Anna Avetisyan
C11942,Lilit,Harutyunyan,customer1942@example.com,Yerevan,2025-07-19,19.0,Lilit Harutyunyan
C11943,Mane,Mkrtchyan,customer1943@example.com,Yerevan,2025-06-06,28.0,Mane Mkrtchyan
C11944,Gor,Ghazaryan,customer1944@example.com,Yerevan,2024-11-05,62.0,Gor Ghazaryan
C11945,David,Hovhannisyan,customer1945@example.com,Vanadzor,2024-06-17,40.0,David Hovhannisyan
C11946,Arsen,Avetisyan,customer1946@example.com,Vanadzor,2023-11-05,27.0,Arsen Avetisyan
C11947,Tatev,Ghazaryan,customer1947@example.com,Yerevan,2024-04-14,20.0,Tatev Ghazaryan
C11948,Mariam,Ghazaryan,customer1948@example.com,Gyumri,2024-10-20,22.0,Mariam Ghazaryan
C11949,Anna,Stepanyan,customer1949@example.com,Etchmiadzin,2023-02-01,20.0,Anna Stepanyan
C11950,Lilit,Sargsyan,customer1950@example.com,Etchmiadzin,2023-03-04,55.0,Lilit Sargsyan
C11951,Karen,Martirosyan,customer1951@example.com,Artashat,2024-05-05,,Karen Martirosyan
C11952,Anna,Harutyunyan,customer1952@example.com,Etchmiadzin,2025-05-17,59.0,Anna Harutyunyan
C11953,Gor,Hakobyan,customer1953@example.com,Vanadzor,2024-02-16,36.0,Gor Hakobyan
C11954,Lilit,Avetisyan,customer1954@example.com,Yerevan,2024-03-12,,Lilit Avetisyan
C11955,David,Hovhannisyan,customer1955@example.com,Yerevan,2024-12-03,52.0,David Hovhannisyan
C11956,Lusine,Hovhannisyan,customer1956@example.com,Yerevan,2023-04-21,41.0,Lusine Hovhannisyan
C11957,Mane,Hovhannisyan,customer1957@example.com,Abovyan,2024-05-17,41.0,Mane Hovhannisyan
C11958,Lilit,Karapetyan,customer1958@example.com,Vagharshapat,2024-12-30,34.0,Lilit Karapetyan
C11959,Arsen,Martirosyan,customer1959@example.com,Gyumri,2025-07-20,57.0,Arsen Martirosyan
C11960,Saro,Martirosyan,customer1960@example.com,Yerevan,2024-03-30,,Saro Martirosyan
C11961,Arman,Vardanyan,customer1961@example.com,Gyumri,2023-03-17,19.0,Arman Vardanyan
C11962,Hayk,Karapetyan,customer1962@example.com,Artashat,2025-07-09,61.0,Hayk Karapetyan
C11963,Gor,Ghazaryan,customer1963@example.com,Vanadzor,2023-03-24,40.0,Gor Ghazaryan
C11964,Lilit,Ghazaryan,customer1964@example.com,Etchmiadzin,2023-11-26,23.0,Lilit Ghazaryan
C11965,Tatev,Stepanyan,customer1965@example.com,Etchmiadzin,2024-09-14,19.0,Tatev Stepanyan
C11966,Arsen,Vardanyan,customer1966@example.com,Artashat,2023-06-01,38.0,Arsen Vardanyan
C11967,Arman,Hovhannisyan,customer1967@example.com,Etchmiadzin,2023-03-09,52.0,Arman Hovhannisyan
C11968,Sona,Petrosyan,customer1968@example.com,Hrazdan,2023-05-10,46.0,Sona Petrosyan
C11969,Narek,Stepanyan,customer1969@example.com,Yerevan,2023-10-09,24.0,Narek Stepanyan
C11970,Ani,Petrosyan,customer1970@example.com,Yerevan,2024-10-01,46.0,Ani Petrosyan
C11971,Arman,Karapetyan,customer1971@example.com,Gyumri,2024-10-10,54.0,Arman Karapetyan
C11972,Anna,Sargsyan,customer1972@example.com,Yerevan,2024-08-22,40.0,Anna Sargsyan
C11973,David,Manukyan,customer1973@example.com,Dilijan,2024-07-15,50.0,David Manukyan
C11974,Sona,Karapetyan,customer1974@example.com,Yerevan,2024-12-30,25.0,Sona Karapetyan
C11975,Ani,Manukyan,customer1975@example.com,Kapan,2023-11-29,,Ani Manukyan
C11976,Hayk,Avetisyan,customer1976@example.com,Yerevan,2024-01-26,63.0,Hayk Avetisyan
C11977,David,Sargsyan,customer1977@example.com,Yerevan,2024-09-03,65.0,David Sargsyan
C11978,Lilit,Ghazaryan,customer1978@example.com,Artashat,2024-06-27,27.0,Lilit Ghazaryan
C11979,Arman,Harutyunyan,customer1979@example.com,Yerevan,2023-10-29,32.0,Arman Harutyunyan
C11980,Tatev,Stepanyan,,Yerevan,2024-04-09,41.0,Tatev Stepanyan
C11981,Lusine,Ghazaryan,customer1981@example.com,Yerevan,2024-06-01,43.0,Lusine Ghazaryan
C11982,Mariam,Manukyan,customer1982@example.com,Abovyan,2024-09-11,64.0,Mariam Manukyan
C11983,Narek,Vardanyan,customer1983@example.com,Yerevan,2024-03-16,59.0,Narek Vardanyan
C11984,Suren,Martirosyan,customer1984@example.com,Vanadzor,2023-04-12,56.0,Suren Martirosyan
C11985,Sona,Vardanyan,customer1985@example.com,Vanadzor,2025-03-23,20.0,Sona Vardanyan
C11986,Hayk,Avetisyan,customer1986@example.com,Hrazdan,2024-12-19,19.0,Hayk Avetisyan
C11987,Sona,Martirosyan,customer1987@example.com,Hrazdan,2023-04-28,23.0,Sona Martirosyan
C11988,Karen,Stepanyan,customer1988@example.com,Gyumri,2025-05-23,38.0,Karen Stepanyan
C11989,Anna,Sargsyan,customer1989@example.com,Yerevan,2024-11-01,26.0,Anna Sargsyan
C11990,Suren,Ghazaryan,customer1990@example.com,Kapan,2024-10-28,27.0,Suren Ghazaryan
C11991,Anna,Stepanyan,customer1991@example.com,Yerevan,2025-06-17,53.0,Anna Stepanyan
C11992,Hayk,Manukyan,customer1992@example.com,Gyumri,2025-02-26,20.0,Hayk Manukyan
C11993,Mariam,Stepanyan,customer1993@example.com,Yerevan,2024-07-18,58.0,Mariam Stepanyan
C11994,Suren,Grigoryan,customer1994@example.com,Kapan,2025-01-08,41.0,Suren Grigoryan
C11995,Mariam,Sargsyan,customer1995@example.com,Yerevan,2025-06-05,39.0,Mariam Sargsyan
C11996,Hayk,Vardanyan,customer1996@example.com,Yerevan,2023-08-09,31.0,Hayk Vardanyan
C11997,Lusine,Sargsyan,customer1997@example.com,Abovyan,2024-03-16,59.0,Lusine Sargsyan
C11998,Anna,Grigoryan,customer1998@example.com,Vanadzor,2024-04-07,62.0,Anna Grigoryan
C11999,Mariam,Stepanyan,customer1999@example.com,Yerevan,2025-06-28,61.0,Mariam Stepanyan
C12000,Nare,Avetisyan,customer2000@example.com,Gyumri,2023-08-22,44.0,Nare Avetisyan
C12001,Sona,Manukyan,customer2001@example.com,Hrazdan,2024-02-28,50.0,Sona Manukyan
C12002,Suren,Manukyan,customer2002@example.com,Dilijan,2023-12-14,39.0,Suren Manukyan
C12003,Arman,Hovhannisyan,customer2003@example.com,Vanadzor,2025-04-27,-5.0,Arman Hovhannisyan
C12004,Narek,Martirosyan,customer2004@example.com,Yerevan,2024-04-09,-5.0,Narek Martirosyan
C12005,Tatev,Sargsyan,customer2005@example.com,Yerevan,2024-02-13,36.0,Tatev Sargsyan
C12006,Eva,Stepanyan,customer2006@example.com,Armavir,2024-03-01,23.0,Eva Stepanyan
C12007,Mikael,Sargsyan,customer2007@example.com,Vagharshapat,2025-01-17,62.0,Mikael Sargsyan
C12008,Gor,Mkrtchyan,customer2008@example.com,Yerevan,2023-04-08,36.0,Gor Mkrtchyan
C12009,Mikael,Harutyunyan,customer2009@example.com,Yerevan,2023-11-17,30.0,Mikael Harutyunyan
C12010,Suren,Sargsyan,customer2010@example.com,Hrazdan,2024-03-13,43.0,Suren Sargsyan
C12011,Lusine,Hakobyan,customer2011@example.com,Yerevan,2023-11-17,39.0,Lusine Hakobyan
C12012,Mikael,Harutyunyan,customer2012@example.com,Yerevan,2024-11-12,38.0,Mikael Harutyunyan
C12013,Suren,Hakobyan,customer2013@example.com,Yerevan,2023-09-19,53.0,Suren Hakobyan
C12014,Sona,Manukyan,customer2014@example.com,Yerevan,2024-01-19,19.0,Sona Manukyan
C12015,Nare,Harutyunyan,customer2015@example.com,Yerevan,2023-06-06,64.0,Nare Harutyunyan
C12016,Anna,Sargsyan,customer2016@example.com,Hrazdan,2024-12-04,61.0,Anna Sargsyan
C12017,Mikael,Vardanyan,customer2017@example.com,Yerevan,2025-08-03,47.0,Mikael Vardanyan
C12018,Tatev,Stepanyan,customer2018@example.com,Yerevan,2024-04-30,44.0,Tatev Stepanyan
C12019,Saro,Grigoryan,customer2019@example.com,Yerevan,2023-03-10,24.0,Saro Grigoryan
C12020,Sona,Martirosyan,customer2020@example.com,Gyumri,2023-04-04,37.0,Sona Martirosyan
C12021,Narek,Hakobyan,customer2021@example.com,Yerevan,2025-05-01,48.0,Narek Hakobyan
C12022,Nare,Stepanyan,,Gyumri,2023-03-29,40.0,Nare Stepanyan
C12023,Sona,Hovhannisyan,customer2023@example.com,Abovyan,2023-04-06,30.0,Sona Hovhannisyan
C12024,Suren,Vardanyan,customer2024@example.com,Yerevan,2024-03-18,34.0,Suren Vardanyan
C12025,Ani,Harutyunyan,customer2025@example.com,Yerevan,2023-04-09,21.0,Ani Harutyunyan
C12026,Nare,Stepanyan,customer2026@example.com,Yerevan,2025-02-01,31.0,Nare Stepanyan
C12027,Hayk,Sargsyan,customer2027@example.com,Gyumri,2025-01-26,37.0,Hayk Sargsyan
C12028,Karen,Harutyunyan,customer2028@example.com,Kapan,2024-01-17,30.0,Karen Harutyunyan
C12029,Sona,Sargsyan,customer2029@example.com,Yerevan,2025-04-11,20.0,Sona Sargsyan
C12030,Lilit,Sargsyan,customer2030@example.com,Artashat,2023-05-14,43.0,Lilit Sargsyan
C12031,Ani,Sargsyan,customer2031@example.com,Yerevan,2024-07-23,43.0,Ani Sargsyan
C12032,Mikael,Mkrtchyan,customer2032@example.com,Kapan,2023-03-03,35.0,Mikael Mkrtchyan
C12033,Suren,Martirosyan,customer2033@example.com,Gyumri,2024-08-23,49.0,Suren Martirosyan
C12034,Hayk,Grigoryan,customer2034@example.com,Abovyan,2024-07-29,31.0,Hayk Grigoryan
C12035,Nare,Grigoryan,customer2035@example.com,Gyumri,2024-07-29,64.0,Nare Grigoryan
C12036,Mariam,Harutyunyan,customer2036@example.com,Gyumri,2023-12-04,20.0,Mariam Harutyunyan
C12037,Arsen,Harutyunyan,customer2037@example.com,Kapan,2024-11-17,18.0,Arsen Harutyunyan
C12038,Arman,Sargsyan,customer2038@example.com,Hrazdan,2023-05-06,43.0,Arman Sargsyan
C12039,Ani,Mkrtchyan,,Gyumri,2024-02-25,41.0,Ani Mkrtchyan
C12040,Karen,Sargsyan,customer2040@example.com,Yerevan,2023-12-29,52.0,Karen Sargsyan
C12041,Tatev,Mkrtchyan,customer2041@example.com,Yerevan,2025-06-13,31.0,Tatev Mkrtchyan
C12042,Mariam,Sargsyan,customer2042@example.com,Etchmiadzin,2024-11-12,20.0,Mariam Sargsyan
C12043,David,Hakobyan,customer2043@example.com,Gyumri,2025-02-07,30.0,David Hakobyan
C12044,Mariam,Hakobyan,customer2044@example.com,Gyumri,2024-03-09,64.0,Mariam Hakobyan
C12045,David,Manukyan,customer2045@example.com,Abovyan,2025-06-07,31.0,David Manukyan
C12046,Ani,Sargsyan,customer2046@example.com,Kapan,2025-07-26,38.0,Ani Sargsyan
C12047,Mane,Martirosyan,customer2047@example.com,Vanadzor,2025-01-08,43.0,Mane Martirosyan
C12048,Anna,Vardanyan,customer2048@example.com,Hrazdan,2023-02-22,20.0,Anna Vardanyan
C12049,Nare,Hovhannisyan,customer2049@example.com,Hrazdan,2023-10-22,57.0,Nare Hovhannisyan
C12050,Arman,Manukyan,customer2050@example.com,Yerevan,2024-09-06,21.0,Arman Manukyan
C12051,Karen,Harutyunyan,customer2051@example.com,Yerevan,2023-11-16,53.0,Karen Harutyunyan
C12052,Hayk,Avetisyan,customer2052@example.com,Etchmiadzin,2023-12-27,60.0,Hayk Avetisyan
C12053,Anna,Sargsyan,customer2053@example.com,Yerevan,2023-04-17,18.0,Anna Sargsyan
C12054,Mane,Stepanyan,customer2054@example.com,Armavir,2024-08-14,57.0,Mane Stepanyan
C12055,Eva,Ghazaryan,customer2055@example.com,Yerevan,2024-06-03,64.0,Eva Ghazaryan
C12056,Narek,Hakobyan,customer2056@example.com,Yerevan,2023-08-06,50.0,Narek Hakobyan
C12057,Nare,Stepanyan,,Artashat,2023-06-08,24.0,Nare Stepanyan
C12058,Gor,Avetisyan,customer2058@example.com,Abovyan,2024-11-03,28.0,Gor Avetisyan
C12059,Suren,Mkrtchyan,customer2059@example.com,Yerevan,2024-05-08,44.0,Suren Mkrtchyan
C12060,Eva,Avetisyan,customer2060@example.com,Hrazdan,2023-08-18,31.0,Eva Avetisyan
C12061,Lusine,Martirosyan,customer2061@example.com,Abovyan,2025-05-17,39.0,Lusine Martirosyan
C12062,Gor,Sargsyan,customer2062@example.com,Gyumri,2023-04-21,33.0,Gor Sargsyan
C12063,Hayk,Grigoryan,customer2063@example.com,Yerevan,2023-12-25,63.0,Hayk Grigoryan
C12064,Karen,Avetisyan,,Etchmiadzin,2025-05-15,29.0,Karen Avetisyan
C12065,Tatev,Vardanyan,customer2065@example.com,Kapan,2024-07-23,63.0,Tatev Vardanyan
C12066,Anna,Grigoryan,customer2066@example.com,Yerevan,2024-01-12,27.0,Anna Grigoryan
C12067,Gor,Mkrtchyan,customer2067@example.com,Kapan,2023-04-28,41.0,Gor Mkrtchyan
C12068,Arsen,Manukyan,customer2068@example.com,Armavir,2025-02-19,63.0,Arsen Manukyan
C12069,Hayk,Stepanyan,customer2069@example.com,Gyumri,2023-10-13,,Hayk Stepanyan
C12070,Anna,Grigoryan,customer2070@example.com,Abovyan,2024-08-10,39.0,Anna Grigoryan
C12071,Mikael,Manukyan,customer2071@example.com,Yerevan,2023-08-20,26.0,Mikael Manukyan
C12072,Lilit,Hakobyan,customer2072@example.com,Yerevan,2025-04-06,,Lilit Hakobyan
C12073,Nare,Hovhannisyan,customer2073@example.com,Hrazdan,2024-03-15,55.0,Nare Hovhannisyan
C12074,Arsen,Sargsyan,customer2074@example.com,Kapan,2025-05-15,57.0,Arsen Sargsyan
C12075,David,Avetisyan,customer2075@example.com,Abovyan,2024-07-28,30.0,David Avetisyan
C12076,Eva,Hakobyan,customer2076@example.com,Gyumri,2025-02-24,54.0,Eva Hakobyan
C12077,Anna,Hakobyan,customer2077@example.com,Yerevan,2025-04-18,23.0,Anna Hakobyan
C12078,Mariam,Ghazaryan,customer2078@example.com,Yerevan,2024-09-28,38.0,Mariam Ghazaryan
C12079,Mariam,Karapetyan,customer2079@example.com,Yerevan,2024-09-20,53.0,Mariam Karapetyan
C12080,Anna,Petrosyan,customer2080@example.com,Yerevan,2024-11-22,24.0,Anna Petrosyan
C12081,Karen,Vardanyan,customer2081@example.com,Vanadzor,2024-10-20,53.0,Karen Vardanyan
C12082,Arsen,Martirosyan,customer2082@example.com,Yerevan,2024-07-24,42.0,Arsen Martirosyan
C12083,Nare,Manukyan,customer2083@example.com,Hrazdan,2023-01-27,28.0,Nare Manukyan
C12084,Karen,Hovhannisyan,customer2084@example.com,Yerevan,2024-09-15,61.0,Karen Hovhannisyan
C12085,Gor,Karapetyan,customer2085@example.com,Vanadzor,2024-11-04,31.0,Gor Karapetyan
C12086,Mariam,Petrosyan,customer2086@example.com,Gyumri,2025-04-29,62.0,Mariam Petrosyan
C12087,Ani,Hovhannisyan,customer2087@example.com,Yerevan,2024-12-11,46.0,Ani Hovhannisyan
C12088,Arman,Martirosyan,customer2088@example.com,Yerevan,2023-10-01,27.0,Arman Martirosyan
C12089,Arsen,Manukyan,customer2089@example.com,Yerevan,2023-01-30,65.0,Arsen Manukyan
C12090,Ani,Sargsyan,customer2090@example.com,Armavir,2023-07-04,22.0,Ani Sargsyan
C12091,Arsen,Martirosyan,customer2091@example.com,Yerevan,2023-10-07,25.0,Arsen Martirosyan
C12092,Mikael,Avetisyan,customer2092@example.com,Hrazdan,2024-12-20,63.0,Mikael Avetisyan
C12093,Arsen,Hakobyan,customer2093@example.com,Dilijan,2025-02-19,22.0,Arsen Hakobyan
C12094,Nare,Ghazaryan,customer2094@example.com,Etchmiadzin,2023-11-13,41.0,Nare Ghazaryan
C12095,Anna,Petrosyan,customer2095@example.com,Yerevan,2025-08-01,57.0,Anna Petrosyan
C12096,Anna,Petrosyan,customer2096@example.com,Armavir,2023-12-14,43.0,Anna Petrosyan
C12097,David,Hovhannisyan,customer2097@example.com,Yerevan,2023-12-26,23.0,David Hovhannisyan
C12098,Hayk,Ghazaryan,customer2098@example.com,Gyumri,2023-01-07,33.0,Hayk Ghazaryan
C12099,Tatev,Petrosyan,customer2099@example.com,Armavir,2023-07-05,53.0,Tatev Petrosyan
C12100,Mariam,Ghazaryan,customer2100@example.com,Abovyan,2025-06-09,29.0,Mariam Ghazaryan
C12101,Sona,Manukyan,customer2101@example.com,Yerevan,2023-05-27,28.0,Sona Manukyan
C12102,Mariam,Avetisyan,customer2102@example.com,Yerevan,2024-08-02,20.0,Mariam Avetisyan
C12103,Arman,Martirosyan,customer2103@example.com,Yerevan,2024-11-04,61.0,Arman Martirosyan
C12104,Eva,Hakobyan,customer2104@example.com,Gyumri,2024-02-15,54.0,Eva Hakobyan
C12105,Arman,Avetisyan,customer2105@example.com,Yerevan,2023-03-13,23.0,Arman Avetisyan
C12106,Tatev,Karapetyan,customer2106@example.com,Dilijan,2023-05-26,36.0,Tatev Karapetyan
C12107,Suren,Sargsyan,customer2107@example.com,Artashat,2025-01-28,35.0,Suren Sargsyan
C12108,Tatev,Ghazaryan,customer2108@example.com,Armavir,2024-10-10,33.0,Tatev Ghazaryan
C12109,Arsen,Grigoryan,customer2109@example.com,Yerevan,2023-02-01,,Arsen Grigoryan
C12110,Nare,Avetisyan,customer2110@example.com,Abovyan,2023-04-04,60.0,Nare Avetisyan
C12111,Karen,Hovhannisyan,customer2111@example.com,Armavir,2025-02-03,54.0,Karen Hovhannisyan
C12112,Hayk,Karapetyan,customer2112@example.com,Kapan,2024-06-27,26.0,Hayk Karapetyan
C12113,Mane,Hakobyan,customer2113@example.com,Yerevan,2023-08-09,20.0,Mane Hakobyan
C12114,Mariam,Hovhannisyan,customer2114@example.com,Yerevan,2024-01-21,25.0,Mariam Hovhannisyan
C12115,Saro,Hovhannisyan,customer2115@example.com,Yerevan,2024-03-05,55.0,Saro Hovhannisyan
C12116,Saro,Stepanyan,,Vanadzor,2024-04-09,21.0,Saro Stepanyan
C12117,Narek,Grigoryan,customer2117@example.com,Abovyan,2023-12-16,29.0,Narek Grigoryan
C12118,Saro,Ghazaryan,customer2118@example.com,Kapan,2023-06-11,61.0,Saro Ghazaryan
C12119,Mariam,Grigoryan,customer2119@example.com,Yerevan,2024-01-14,48.0,Mariam Grigoryan
C12120,Gor,Avetisyan,customer2120@example.com,Yerevan,2023-11-16,42.0,Gor Avetisyan
C12121,Mariam,Hovhannisyan,customer2121@example.com,Yerevan,2025-01-08,33.0,Mariam Hovhannisyan
C12122,Mane,Petrosyan,customer2122@example.com,Yerevan,2023-11-29,59.0,Mane Petrosyan
C12123,Karen,Harutyunyan,customer2123@example.com,Yerevan,2025-03-06,31.0,Karen Harutyunyan
C12124,Eva,Hakobyan,customer2124@example.com,Abovyan,2024-08-04,30.0,Eva Hakobyan
C12125,David,Petrosyan,customer2125@example.com,Gyumri,2024-09-02,58.0,David Petrosyan
C12126,Saro,Hakobyan,customer2126@example.com,Hrazdan,2023-03-28,24.0,Saro Hakobyan
C12127,David,Ghazaryan,customer2127@example.com,Yerevan,2025-06-23,29.0,David Ghazaryan
C12128,Anna,Harutyunyan,customer2128@example.com,Yerevan,2023-02-23,54.0,Anna Harutyunyan
C12129,David,Vardanyan,customer2129@example.com,Gyumri,2023-06-09,-5.0,David Vardanyan
C12130,Arsen,Sargsyan,customer2130@example.com,Armavir,2023-06-11,19.0,Arsen Sargsyan
C12131,Saro,Harutyunyan,customer2131@example.com,Yerevan,2025-02-11,52.0,Saro Harutyunyan
C12132,Lilit,Ghazaryan,customer2132@example.com,Etchmiadzin,2024-09-24,61.0,Lilit Ghazaryan
C12133,Mikael,Mkrtchyan,customer2133@example.com,Yerevan,2023-02-20,20.0,Mikael Mkrtchyan
C12134,Mikael,Stepanyan,customer2134@example.com,Kapan,2024-11-21,,Mikael Stepanyan
C12135,Ani,Avetisyan,customer2135@example.com,Etchmiadzin,2023-03-25,55.0,Ani Avetisyan
C12136,Arman,Ghazaryan,customer2136@example.com,Yerevan,2023-10-06,29.0,Arman Ghazaryan
C12137,Arman,Avetisyan,customer2137@example.com,Abovyan,2024-03-29,36.0,Arman Avetisyan
C12138,Lilit,Karapetyan,customer2138@example.com,Yerevan,2024-11-08,27.0,Lilit Karapetyan
C12139,Sona,Petrosyan,customer2139@example.com,Armavir,2024-03-10,18.0,Sona Petrosyan
C12140,Lusine,Stepanyan,customer2140@example.com,Yerevan,2024-05-12,34.0,Lusine Stepanyan
C12141,Narek,Karapetyan,customer2141@example.com,Gyumri,2024-09-13,33.0,Narek Karapetyan
C12142,Lilit,Mkrtchyan,customer2142@example.com,Abovyan,2024-03-28,26.0,Lilit Mkrtchyan
C12143,Nare,Harutyunyan,customer2143@example.com,Vagharshapat,2024-02-29,26.0,Nare Harutyunyan
C12144,Nare,Avetisyan,customer2144@example.com,Yerevan,2023-10-07,26.0,Nare Avetisyan
C12145,Arman,Manukyan,customer2145@example.com,Abovyan,2023-08-09,29.0,Arman Manukyan
C12146,Hayk,Harutyunyan,customer2146@example.com,Yerevan,2025-02-12,58.0,Hayk Harutyunyan
C12147,Lilit,Stepanyan,customer2147@example.com,Yerevan,2024-06-08,32.0,Lilit Stepanyan
C12148,Karen,Harutyunyan,customer2148@example.com,Abovyan,2023-04-27,19.0,Karen Harutyunyan
C12149,Narek,Mkrtchyan,customer2149@example.com,Yerevan,2023-12-20,28.0,Narek Mkrtchyan
C12150,Nare,Sargsyan,customer2150@example.com,Yerevan,2024-03-16,28.0,Nare Sargsyan
C12151,Anna,Hakobyan,customer2151@example.com,Kapan,2023-04-24,25.0,Anna Hakobyan
C12152,Lilit,Hovhannisyan,customer2152@example.com,Yerevan,2023-10-18,49.0,Lilit Hovhannisyan
C12153,Arsen,Hovhannisyan,customer2153@example.com,Abovyan,2024-11-25,23.0,Arsen Hovhannisyan
C12154,Lilit,Mkrtchyan,,Yerevan,2024-11-25,37.0,Lilit Mkrtchyan
C12155,Narek,Hakobyan,customer2155@example.com,Yerevan,2024-08-30,56.0,Narek Hakobyan
C12156,Narek,Avetisyan,customer2156@example.com,Yerevan,2024-05-13,52.0,Narek Avetisyan
C12157,Mariam,Mkrtchyan,customer2157@example.com,Vanadzor,2024-06-23,25.0,Mariam Mkrtchyan
C12158,Hayk,Hakobyan,customer2158@example.com,Abovyan,2024-11-14,60.0,Hayk Hakobyan
C12159,Eva,Ghazaryan,,Yerevan,2023-11-12,51.0,Eva Ghazaryan
C12160,Gor,Karapetyan,customer2160@example.com,Yerevan,2023-02-16,36.0,Gor Karapetyan
C12161,Lilit,Mkrtchyan,customer2161@example.com,Armavir,2023-08-14,24.0,Lilit Mkrtchyan
C12162,Narek,Ghazaryan,customer2162@example.com,Yerevan,2024-02-09,48.0,Narek Ghazaryan
C12163,Ani,Avetisyan,customer2163@example.com,Armavir,2024-09-05,35.0,Ani Avetisyan
C12164,Tatev,Mkrtchyan,customer2164@example.com,Yerevan,2023-02-26,57.0,Tatev Mkrtchyan
C12165,Karen,Avetisyan,customer2165@example.com,Hrazdan,2023-01-08,31.0,Karen Avetisyan
C12166,Tatev,Mkrtchyan,customer2166@example.com,Yerevan,2023-07-29,56.0,Tatev Mkrtchyan
C12167,Karen,Hakobyan,customer2167@example.com,Kapan,2023-11-05,53.0,Karen Hakobyan
C12168,Narek,Sargsyan,customer2168@example.com,Abovyan,2023-08-05,34.0,Narek Sargsyan
C12169,Tatev,Martirosyan,customer2169@example.com,Yerevan,2025-02-24,54.0,Tatev Martirosyan
C12170,Arman,Ghazaryan,customer2170@example.com,Yerevan,2023-05-21,61.0,Arman Ghazaryan
C12171,Lusine,Hakobyan,customer2171@example.com,Hrazdan,2025-02-21,26.0,Lusine Hakobyan
C12172,Anna,Petrosyan,customer2172@example.com,Vanadzor,2023-09-19,37.0,Anna Petrosyan
C12173,Lusine,Grigoryan,customer2173@example.com,Yerevan,2023-10-24,62.0,Lusine Grigoryan
C12174,Mane,Ghazaryan,customer2174@example.com,Yerevan,2023-12-02,45.0,Mane Ghazaryan
C12175,Nare,Sargsyan,customer2175@example.com,Etchmiadzin,2023-05-03,37.0,Nare Sargsyan
C12176,Arman,Karapetyan,customer2176@example.com,Yerevan,2023-01-08,58.0,Arman Karapetyan
C12177,Mariam,Harutyunyan,customer2177@example.com,Vanadzor,2024-05-24,53.0,Mariam Harutyunyan
C12178,Nare,Hovhannisyan,customer2178@example.com,Gyumri,2025-02-03,44.0,Nare Hovhannisyan
C12179,Mikael,Hakobyan,customer2179@example.com,Kapan,2024-03-16,25.0,Mikael Hakobyan
C12180,Karen,Mkrtchyan,customer2180@example.com,Armavir,2023-06-29,49.0,Karen Mkrtchyan
C12181,Sona,Vardanyan,customer2181@example.com,Dilijan,2023-05-13,18.0,Sona Vardanyan
C12182,Anna,Hakobyan,customer2182@example.com,Yerevan,2024-01-25,,Anna Hakobyan
C12183,David,Stepanyan,customer2183@example.com,Kapan,2024-06-29,26.0,David Stepanyan
C12184,Nare,Ghazaryan,customer2184@example.com,Yerevan,2024-12-21,37.0,Nare Ghazaryan
C12185,Hayk,Manukyan,customer2185@example.com,Vanadzor,2023-08-24,,Hayk Manukyan
C12186,Gor,Ghazaryan,customer2186@example.com,Gyumri,2024-05-27,49.0,Gor Ghazaryan
C12187,Gor,Sargsyan,customer2187@example.com,Yerevan,2024-07-26,19.0,Gor Sargsyan
C12188,Tatev,Stepanyan,customer2188@example.com,Artashat,2025-05-03,49.0,Tatev Stepanyan
C12189,Lusine,Martirosyan,customer2189@example.com,Yerevan,2024-11-15,62.0,Lusine Martirosyan
C12190,David,Karapetyan,customer2190@example.com,Abovyan,2025-04-05,26.0,David Karapetyan
C12191,Lusine,Manukyan,customer2191@example.com,Vagharshapat,2023-12-29,-5.0,Lusine Manukyan
C12192,David,Avetisyan,customer2192@example.com,Etchmiadzin,2023-03-15,37.0,David Avetisyan
C12193,David,Vardanyan,customer2193@example.com,Yerevan,2024-02-11,55.0,David Vardanyan
C12194,Ani,Vardanyan,customer2194@example.com,Yerevan,2025-06-01,18.0,Ani Vardanyan
C12195,Mariam,Manukyan,customer2195@example.com,Etchmiadzin,2025-01-29,22.0,Mariam Manukyan
C12196,Mikael,Hakobyan,customer2196@example.com,Yerevan,2023-02-13,52.0,Mikael Hakobyan
C12197,Ani,Karapetyan,customer2197@example.com,Gyumri,2024-03-22,53.0,Ani Karapetyan
C12198,Gor,Vardanyan,customer2198@example.com,Yerevan,2023-01-20,18.0,Gor Vardanyan
C12199,Karen,Hakobyan,customer2199@example.com,Gyumri,2024-04-15,31.0,Karen Hakobyan
C12200,Sona,Avetisyan,customer2200@example.com,Armavir,2025-08-01,26.0,Sona Avetisyan
C12201,Mane,Ghazaryan,customer2201@example.com,Gyumri,2023-03-21,47.0,Mane Ghazaryan
C12202,Mariam,Harutyunyan,customer2202@example.com,Vanadzor,2025-06-01,41.0,Mariam Harutyunyan
C12203,Sona,Karapetyan,customer2203@example.com,Yerevan,2023-11-17,21.0,Sona Karapetyan
C12204,Sona,Harutyunyan,,Gyumri,2024-08-12,31.0,Sona Harutyunyan
C12205,Lusine,Sargsyan,customer2205@example.com,Yerevan,2024-03-15,42.0,Lusine Sargsyan
C12206,Eva,Stepanyan,customer2206@example.com,Yerevan,2024-08-10,21.0,Eva Stepanyan
C12207,Lusine,Sargsyan,customer2207@example.com,Yerevan,2024-02-19,42.0,Lusine Sargsyan
C12208,Tatev,Harutyunyan,customer2208@example.com,Vanadzor,2024-12-27,27.0,Tatev Harutyunyan
C12209,Saro,Vardanyan,customer2209@example.com,Gyumri,2024-10-17,52.0,Saro Vardanyan
C12210,Narek,Stepanyan,customer2210@example.com,Yerevan,2024-03-03,-5.0,Narek Stepanyan
C12211,Suren,Sargsyan,customer2211@example.com,Yerevan,2023-10-24,59.0,Suren Sargsyan
C12212,Ani,Karapetyan,customer2212@example.com,Yerevan,2023-04-28,30.0,Ani Karapetyan
C12213,Narek,Mkrtchyan,customer2213@example.com,Artashat,2024-02-19,21.0,Narek Mkrtchyan
C12214,Sona,Petrosyan,customer2214@example.com,Gyumri,2023-01-22,60.0,Sona Petrosyan
C12215,Tatev,Stepanyan,customer2215@example.com,Yerevan,2023-11-29,,Tatev Stepanyan
C12216,Sona,Sargsyan,customer2216@example.com,Yerevan,2023-06-25,31.0,Sona Sargsyan
C12217,Mane,Sargsyan,,Dilijan,2025-03-31,35.0,Mane Sargsyan
C12218,Ani,Hakobyan,,Yerevan,2024-09-24,25.0,Ani Hakobyan
C12219,Tatev,Harutyunyan,customer2219@example.com,Etchmiadzin,2024-04-16,49.0,Tatev Harutyunyan
C12220,Saro,Grigoryan,customer2220@example.com,Yerevan,2025-05-01,44.0,Saro Grigoryan
C12221,Anna,Martirosyan,customer2221@example.com,Artashat,2024-12-07,59.0,Anna Martirosyan
C12222,Lusine,Stepanyan,customer2222@example.com,Armavir,2025-07-30,54.0,Lusine Stepanyan
C12223,Narek,Hovhannisyan,customer2223@example.com,Vanadzor,2024-01-06,40.0,Narek Hovhannisyan
C12224,Nare,Hovhannisyan,customer2224@example.com,Yerevan,2023-04-01,24.0,Nare Hovhannisyan
C12225,Sona,Manukyan,customer2225@example.com,Yerevan,2024-03-23,29.0,Sona Manukyan
C12226,Arsen,Sargsyan,customer2226@example.com,Yerevan,2025-05-14,42.0,Arsen Sargsyan
C12227,Arman,Manukyan,customer2227@example.com,Gyumri,2023-04-19,20.0,Arman Manukyan
C12228,Mane,Karapetyan,customer2228@example.com,Yerevan,2023-09-07,43.0,Mane Karapetyan
C12229,Nare,Grigoryan,customer2229@example.com,Yerevan,2024-03-22,21.0,Nare Grigoryan
C12230,Eva,Vardanyan,customer2230@example.com,Vanadzor,2024-08-26,59.0,Eva Vardanyan
C12231,Saro,Martirosyan,customer2231@example.com,Gyumri,2024-02-15,53.0,Saro Martirosyan
C12232,Lilit,Vardanyan,customer2232@example.com,Yerevan,2024-06-20,32.0,Lilit Vardanyan
C12233,Saro,Harutyunyan,customer2233@example.com,Yerevan,2023-03-22,49.0,Saro Harutyunyan
C12234,Saro,Ghazaryan,customer2234@example.com,Dilijan,2024-02-10,46.0,Saro Ghazaryan
C12235,Mane,Petrosyan,customer2235@example.com,Gyumri,2025-06-10,27.0,Mane Petrosyan
C12236,Narek,Stepanyan,customer2236@example.com,Hrazdan,2023-11-14,38.0,Narek Stepanyan
C12237,Narek,Martirosyan,customer2237@example.com,Gyumri,2025-02-02,33.0,Narek Martirosyan
C12238,Sona,Vardanyan,customer2238@example.com,Yerevan,2023-12-14,64.0,Sona Vardanyan
C12239,Gor,Stepanyan,customer2239@example.com,Yerevan,2023-08-15,36.0,Gor Stepanyan
C12240,Hayk,Martirosyan,customer2240@example.com,Yerevan,2023-12-08,46.0,Hayk Martirosyan
C12241,Eva,Vardanyan,customer2241@example.com,Kapan,2025-03-08,35.0,Eva Vardanyan
C12242,Mikael,Ghazaryan,customer2242@example.com,Abovyan,2023-06-22,61.0,Mikael Ghazaryan
C12243,Lusine,Petrosyan,customer2243@example.com,Yerevan,2023-03-20,33.0,Lusine Petrosyan
C12244,Sona,Mkrtchyan,customer2244@example.com,Dilijan,2024-06-06,18.0,Sona Mkrtchyan
C12245,Sona,Harutyunyan,customer2245@example.com,Yerevan,2024-10-10,65.0,Sona Harutyunyan
C12246,David,Ghazaryan,customer2246@example.com,Dilijan,2023-04-27,19.0,David Ghazaryan
C12247,Mariam,Hakobyan,customer2247@example.com,Dilijan,2024-06-27,32.0,Mariam Hakobyan
C12248,Eva,Manukyan,customer2248@example.com,Yerevan,2024-06-06,56.0,Eva Manukyan
C12249,Karen,Stepanyan,customer2249@example.com,Yerevan,2023-07-18,45.0,Karen Stepanyan
C12250,Anna,Hovhannisyan,customer2250@example.com,Gyumri,2025-07-16,18.0,Anna Hovhannisyan
C12251,Lusine,Sargsyan,,Abovyan,2025-03-05,22.0,Lusine Sargsyan
C12252,Arman,Martirosyan,,Gyumri,2023-12-24,59.0,Arman Martirosyan
C12253,Arman,Karapetyan,customer2253@example.com,Dilijan,2023-12-26,39.0,Arman Karapetyan
C12254,Arsen,Hovhannisyan,customer2254@example.com,Hrazdan,2025-01-14,53.0,Arsen Hovhannisyan
C12255,David,Vardanyan,customer2255@example.com,Yerevan,2025-04-18,63.0,David Vardanyan
C12256,David,Hovhannisyan,customer2256@example.com,Yerevan,2024-10-22,30.0,David Hovhannisyan
C12257,Karen,Petrosyan,customer2257@example.com,Abovyan,2025-04-14,18.0,Karen Petrosyan
C12258,Gor,Manukyan,customer2258@example.com,Yerevan,2023-06-01,33.0,Gor Manukyan
C12259,Arman,Grigoryan,customer2259@example.com,Vagharshapat,2023-08-30,58.0,Arman Grigoryan
C12260,Suren,Petrosyan,customer2260@example.com,Yerevan,2023-04-16,39.0,Suren Petrosyan
C12261,Sona,Ghazaryan,customer2261@example.com,Yerevan,2023-05-30,49.0,Sona Ghazaryan
C12262,Mariam,Grigoryan,customer2262@example.com,Yerevan,2023-09-20,33.0,Mariam Grigoryan
C12263,Tatev,Vardanyan,customer2263@example.com,Abovyan,2023-07-22,32.0,Tatev Vardanyan
C12264,Mikael,Harutyunyan,customer2264@example.com,Yerevan,2023-06-27,63.0,Mikael Harutyunyan
C12265,Mariam,Vardanyan,customer2265@example.com,Etchmiadzin,2024-09-08,59.0,Mariam Vardanyan
C12266,Mane,Martirosyan,customer2266@example.com,Gyumri,2023-06-06,29.0,Mane Martirosyan
C12267,Gor,Karapetyan,customer2267@example.com,Etchmiadzin,2025-02-17,18.0,Gor Karapetyan
C12268,Eva,Stepanyan,customer2268@example.com,Vanadzor,2025-02-16,,Eva Stepanyan
C12269,Lusine,Hovhannisyan,customer2269@example.com,Yerevan,2024-11-02,58.0,Lusine Hovhannisyan
C12270,Sona,Sargsyan,,Hrazdan,2023-03-19,45.0,Sona Sargsyan
C12271,Karen,Grigoryan,customer2271@example.com,Yerevan,2023-07-01,24.0,Karen Grigoryan
C12272,David,Manukyan,customer2272@example.com,Gyumri,2025-03-02,26.0,David Manukyan
C12273,Sona,Mkrtchyan,,Yerevan,2024-10-05,39.0,Sona Mkrtchyan
C12274,Arsen,Stepanyan,customer2274@example.com,Hrazdan,2024-05-20,43.0,Arsen Stepanyan
C12275,Karen,Harutyunyan,customer2275@example.com,Armavir,2024-04-20,29.0,Karen Harutyunyan
C12276,Nare,Mkrtchyan,customer2276@example.com,Vanadzor,2025-02-11,24.0,Nare Mkrtchyan
C12277,Nare,Harutyunyan,customer2277@example.com,Gyumri,2024-07-31,63.0,Nare Harutyunyan
C12278,Suren,Hakobyan,customer2278@example.com,Hrazdan,2025-02-17,64.0,Suren Hakobyan
C12279,Saro,Stepanyan,customer2279@example.com,Yerevan,2024-08-16,32.0,Saro Stepanyan
C12280,Arsen,Manukyan,customer2280@example.com,Armavir,2024-04-04,55.0,Arsen Manukyan
C12281,Lusine,Ghazaryan,customer2281@example.com,Yerevan,2024-11-28,38.0,Lusine Ghazaryan
C12282,Anna,Hovhannisyan,customer2282@example.com,Dilijan,2025-08-04,,Anna Hovhannisyan
C12283,Lilit,Mkrtchyan,customer2283@example.com,Hrazdan,2025-06-22,19.0,Lilit Mkrtchyan
C12284,Lusine,Karapetyan,customer2284@example.com,Etchmiadzin,2024-08-01,25.0,Lusine Karapetyan
C12285,Suren,Martirosyan,customer2285@example.com,Abovyan,2024-10-20,62.0,Suren Martirosyan
C12286,David,Petrosyan,customer2286@example.com,Gyumri,2024-10-12,23.0,David Petrosyan
C12287,Eva,Sargsyan,customer2287@example.com,Vanadzor,2024-10-01,54.0,Eva Sargsyan
C12288,Karen,Ghazaryan,customer2288@example.com,Yerevan,2023-11-27,54.0,Karen Ghazaryan
C12289,Tatev,Martirosyan,customer2289@example.com,Vanadzor,2025-06-03,50.0,Tatev Martirosyan
C12290,Sona,Hovhannisyan,customer2290@example.com,Vanadzor,2024-10-04,58.0,Sona Hovhannisyan
C12291,Arsen,Martirosyan,customer2291@example.com,Armavir,2023-11-20,23.0,Arsen Martirosyan
C12292,Sona,Harutyunyan,customer2292@example.com,Gyumri,2023-06-04,43.0,Sona Harutyunyan
C12293,Arsen,Karapetyan,customer2293@example.com,Yerevan,2024-03-26,56.0,Arsen Karapetyan
C12294,Lilit,Hovhannisyan,customer2294@example.com,Yerevan,2023-03-11,58.0,Lilit Hovhannisyan
C12295,Suren,Stepanyan,,Abovyan,2024-04-25,54.0,Suren Stepanyan
C12296,Mane,Harutyunyan,customer2296@example.com,Yerevan,2024-03-28,31.0,Mane Harutyunyan
C12297,Mane,Avetisyan,customer2297@example.com,Yerevan,2024-10-08,54.0,Mane Avetisyan
C12298,Tatev,Grigoryan,customer2298@example.com,Etchmiadzin,2023-11-07,25.0,Tatev Grigoryan
C12299,Karen,Sargsyan,customer2299@example.com,Vanadzor,2025-03-26,56.0,Karen Sargsyan
C12300,Mariam,Vardanyan,customer2300@example.com,Gyumri,2023-10-09,30.0,Mariam Vardanyan
C12301,Eva,Grigoryan,customer2301@example.com,Yerevan,2024-08-28,30.0,Eva Grigoryan
C12302,Nare,Petrosyan,customer2302@example.com,Hrazdan,2023-02-27,57.0,Nare Petrosyan
C12303,Karen,Avetisyan,customer2303@example.com,Yerevan,2023-12-27,60.0,Karen Avetisyan
C12304,Eva,Manukyan,customer2304@example.com,Hrazdan,2024-06-03,45.0,Eva Manukyan
C12305,Saro,Petrosyan,customer2305@example.com,Yerevan,2023-03-17,35.0,Saro Petrosyan
C12306,Suren,Petrosyan,customer2306@example.com,Kapan,2023-11-14,36.0,Suren Petrosyan
C12307,Tatev,Hakobyan,customer2307@example.com,Gyumri,2024-04-17,55.0,Tatev Hakobyan
C12308,Mane,Stepanyan,customer2308@example.com,Yerevan,2024-04-07,49.0,Mane Stepanyan
C12309,Narek,Sargsyan,customer2309@example.com,Vanadzor,2023-02-08,39.0,Narek Sargsyan
C12310,Ani,Harutyunyan,customer2310@example.com,Vanadzor,2023-02-28,19.0,Ani Harutyunyan
C12311,Anna,Karapetyan,customer2311@example.com,Yerevan,2024-01-13,30.0,Anna Karapetyan
C12312,Saro,Stepanyan,customer2312@example.com,Hrazdan,2025-05-01,40.0,Saro Stepanyan
C12313,Lilit,Grigoryan,customer2313@example.com,Yerevan,2023-10-21,42.0,Lilit Grigoryan
C12314,Suren,Petrosyan,customer2314@example.com,Armavir,2023-03-20,45.0,Suren Petrosyan
C12315,Eva,Grigoryan,customer2315@example.com,Etchmiadzin,2024-10-22,28.0,Eva Grigoryan
C12316,Narek,Ghazaryan,customer2316@example.com,Yerevan,2025-06-03,50.0,Narek Ghazaryan
C12317,Eva,Grigoryan,customer2317@example.com,Etchmiadzin,2025-05-25,41.0,Eva Grigoryan
C12318,Sona,Manukyan,customer2318@example.com,Yerevan,2023-04-03,19.0,Sona Manukyan
C12319,Gor,Hovhannisyan,customer2319@example.com,Yerevan,2024-09-21,47.0,Gor Hovhannisyan
C12320,Mikael,Ghazaryan,customer2320@example.com,Dilijan,2024-08-31,-5.0,Mikael Ghazaryan
C12321,Sona,Ghazaryan,customer2321@example.com,Abovyan,2024-06-03,57.0,Sona Ghazaryan
C12322,Ani,Sargsyan,customer2322@example.com,Gyumri,2024-01-29,51.0,Ani Sargsyan
C12323,Suren,Stepanyan,customer2323@example.com,Yerevan,2024-04-18,55.0,Suren Stepanyan
C12324,Narek,Sargsyan,customer2324@example.com,Yerevan,2024-08-17,39.0,Narek Sargsyan
C12325,Anna,Mkrtchyan,customer2325@example.com,Dilijan,2024-07-21,22.0,Anna Mkrtchyan
C12326,Ani,Martirosyan,customer2326@example.com,Yerevan,2025-03-21,65.0,Ani Martirosyan
C12327,Arman,Sargsyan,customer2327@example.com,Yerevan,2025-01-26,57.0,Arman Sargsyan
C12328,Sona,Grigoryan,customer2328@example.com,Gyumri,2025-07-06,33.0,Sona Grigoryan
C12329,Anna,Harutyunyan,customer2329@example.com,Gyumri,2023-02-12,30.0,Anna Harutyunyan
C12330,Gor,Grigoryan,customer2330@example.com,Gyumri,2024-04-05,43.0,Gor Grigoryan
C12331,Mariam,Harutyunyan,customer2331@example.com,Yerevan,2025-07-19,48.0,Mariam Harutyunyan
C12332,Mane,Hovhannisyan,customer2332@example.com,Yerevan,2025-04-09,56.0,Mane Hovhannisyan
C12333,Gor,Stepanyan,customer2333@example.com,Yerevan,2024-08-08,65.0,Gor Stepanyan
C12334,Arsen,Hovhannisyan,customer2334@example.com,Armavir,2024-10-29,40.0,Arsen Hovhannisyan
C12335,Lilit,Stepanyan,customer2335@example.com,Yerevan,2023-07-12,65.0,Lilit Stepanyan
C12336,Mariam,Stepanyan,customer2336@example.com,Hrazdan,2023-11-26,29.0,Mariam Stepanyan
C12337,David,Ghazaryan,customer2337@example.com,Hrazdan,2024-09-11,31.0,David Ghazaryan
C12338,Mikael,Mkrtchyan,customer2338@example.com,Etchmiadzin,2024-05-02,35.0,Mikael Mkrtchyan
C12339,Tatev,Harutyunyan,customer2339@example.com,Armavir,2024-05-28,44.0,Tatev Harutyunyan
C12340,David,Ghazaryan,customer2340@example.com,Yerevan,2023-06-04,45.0,David Ghazaryan
C12341,Nare,Sargsyan,,Yerevan,2023-03-05,35.0,Nare Sargsyan
C12342,Arman,Manukyan,customer2342@example.com,Gyumri,2024-04-06,33.0,Arman Manukyan
C12343,Gor,Stepanyan,customer2343@example.com,Yerevan,2023-04-16,33.0,Gor Stepanyan
C12344,Suren,Harutyunyan,customer2344@example.com,Hrazdan,2025-04-10,30.0,Suren Harutyunyan
C12345,Lusine,Hovhannisyan,customer2345@example.com,Vanadzor,2025-07-09,46.0,Lusine Hovhannisyan
C12346,Arsen,Grigoryan,,Armavir,2025-05-07,26.0,Arsen Grigoryan
C12347,Arsen,Karapetyan,customer2347@example.com,Yerevan,2023-12-18,43.0,Arsen Karapetyan
C12348,Mariam,Sargsyan,,Armavir,2025-01-01,45.0,Mariam Sargsyan
C12349,Nare,Karapetyan,customer2349@example.com,Yerevan,2023-03-28,58.0,Nare Karapetyan
C12350,Mane,Avetisyan,customer2350@example.com,Gyumri,2024-05-31,30.0,Mane Avetisyan
C12351,Mikael,Avetisyan,customer2351@example.com,Yerevan,2024-10-23,53.0,Mikael Avetisyan
C12352,Saro,Grigoryan,customer2352@example.com,Hrazdan,2023-06-26,26.0,Saro Grigoryan
C12353,Hayk,Avetisyan,customer2353@example.com,Yerevan,2023-02-10,64.0,Hayk Avetisyan
C12354,Saro,Martirosyan,customer2354@example.com,Artashat,2023-09-11,31.0,Saro Martirosyan
C12355,Narek,Hovhannisyan,customer2355@example.com,Armavir,2024-12-25,29.0,Narek Hovhannisyan
C12356,Arman,Stepanyan,customer2356@example.com,Armavir,2024-03-24,49.0,Arman Stepanyan
C12357,Eva,Ghazaryan,customer2357@example.com,Yerevan,2024-03-25,55.0,Eva Ghazaryan
C12358,Arman,Mkrtchyan,customer2358@example.com,Kapan,2024-06-20,20.0,Arman Mkrtchyan
C12359,Nare,Sargsyan,customer2359@example.com,Etchmiadzin,2024-06-19,33.0,Nare Sargsyan
C12360,Gor,Karapetyan,customer2360@example.com,Yerevan,2024-09-16,37.0,Gor Karapetyan
C12361,Anna,Grigoryan,customer2361@example.com,Yerevan,2023-06-12,49.0,Anna Grigoryan
C12362,Narek,Martirosyan,customer2362@example.com,Yerevan,2024-01-08,,Narek Martirosyan
C12363,Hayk,Grigoryan,customer2363@example.com,Yerevan,2024-01-17,34.0,Hayk Grigoryan
C12364,Sona,Ghazaryan,customer2364@example.com,Gyumri,2025-07-28,33.0,Sona Ghazaryan
C12365,Lilit,Martirosyan,customer2365@example.com,Dilijan,2023-10-17,55.0,Lilit Martirosyan
C12366,Gor,Vardanyan,customer2366@example.com,Yerevan,2024-02-01,25.0,Gor Vardanyan
C12367,Hayk,Hovhannisyan,customer2367@example.com,Gyumri,2024-02-23,36.0,Hayk Hovhannisyan
C12368,Arsen,Avetisyan,customer2368@example.com,Dilijan,2025-03-04,47.0,Arsen Avetisyan
C12369,Arman,Avetisyan,customer2369@example.com,Yerevan,2023-12-13,51.0,Arman Avetisyan
C12370,Tatev,Hovhannisyan,customer2370@example.com,Kapan,2024-11-26,31.0,Tatev Hovhannisyan
C12371,Nare,Hovhannisyan,customer2371@example.com,Gyumri,2024-09-04,39.0,Nare Hovhannisyan
C12372,Lusine,Harutyunyan,customer2372@example.com,Vanadzor,2023-02-23,61.0,Lusine Harutyunyan
C12373,Lilit,Hakobyan,customer2373@example.com,Yerevan,2025-03-19,34.0,Lilit Hakobyan
C12374,Arman,Hovhannisyan,customer2374@example.com,Vanadzor,2024-10-08,32.0,Arman Hovhannisyan
C12375,Arsen,Grigoryan,customer2375@example.com,Yerevan,2024-10-24,65.0,Arsen Grigoryan
C12376,Anna,Harutyunyan,customer2376@example.com,Hrazdan,2023-12-09,-5.0,Anna Harutyunyan
C12377,Narek,Vardanyan,customer2377@example.com,Yerevan,2023-03-09,30.0,Narek Vardanyan
C12378,Mikael,Sargsyan,customer2378@example.com,Armavir,2023-12-04,38.0,Mikael Sargsyan
C12379,Nare,Harutyunyan,customer2379@example.com,Yerevan,2023-04-07,57.0,Nare Harutyunyan
C12380,Arman,Petrosyan,customer2380@example.com,Yerevan,2024-07-25,50.0,Arman Petrosyan
C12381,Mariam,Avetisyan,customer2381@example.com,Abovyan,2024-11-25,44.0,Mariam Avetisyan
C12382,Karen,Ghazaryan,customer2382@example.com,Yerevan,2024-01-31,52.0,Karen Ghazaryan
C12383,Saro,Petrosyan,customer2383@example.com,Hrazdan,2023-10-18,33.0,Saro Petrosyan
C12384,Saro,Grigoryan,customer2384@example.com,Dilijan,2023-09-16,45.0,Saro Grigoryan
C12385,Lusine,Karapetyan,customer2385@example.com,Etchmiadzin,2025-01-11,51.0,Lusine Karapetyan
C12386,Arsen,Karapetyan,customer2386@example.com,Yerevan,2025-05-22,64.0,Arsen Karapetyan
C12387,Saro,Hovhannisyan,customer2387@example.com,Vanadzor,2024-11-03,,Saro Hovhannisyan
C12388,Tatev,Sargsyan,customer2388@example.com,Abovyan,2025-07-17,58.0,Tatev Sargsyan
C12389,Suren,Harutyunyan,customer2389@example.com,Etchmiadzin,2024-09-09,65.0,Suren Harutyunyan
C12390,Hayk,Karapetyan,customer2390@example.com,Yerevan,2025-06-13,48.0,Hayk Karapetyan
C12391,Arman,Martirosyan,customer2391@example.com,Gyumri,2023-06-03,53.0,Arman Martirosyan
C12392,Saro,Hovhannisyan,customer2392@example.com,Gyumri,2023-12-08,61.0,Saro Hovhannisyan
C12393,Mikael,Martirosyan,customer2393@example.com,Yerevan,2023-03-25,50.0,Mikael Martirosyan
C12394,Tatev,Stepanyan,customer2394@example.com,Yerevan,2024-08-19,50.0,Tatev Stepanyan
C12395,Arman,Sargsyan,customer2395@example.com,Yerevan,2024-11-10,56.0,Arman Sargsyan
C12396,Lusine,Mkrtchyan,customer2396@example.com,Kapan,2023-05-25,35.0,Lusine Mkrtchyan
C12397,Ani,Ghazaryan,customer2397@example.com,Artashat,2025-07-27,40.0,Ani Ghazaryan
C12398,Karen,Avetisyan,customer2398@example.com,Vanadzor,2023-12-25,40.0,Karen Avetisyan
C12399,Nare,Harutyunyan,customer2399@example.com,Yerevan,2023-11-14,,Nare Harutyunyan
C12400,Lusine,Vardanyan,customer2400@example.com,Yerevan,2024-11-02,43.0,Lusine Vardanyan
C12401,Eva,Ghazaryan,customer2401@example.com,Dilijan,2024-12-16,47.0,Eva Ghazaryan
C12402,Mane,Hovhannisyan,customer2402@example.com,Dilijan,2024-11-09,42.0,Mane Hovhannisyan
C12403,Tatev,Grigoryan,customer2403@example.com,Artashat,2024-02-06,62.0,Tatev Grigoryan
C12404,Ani,Manukyan,customer2404@example.com,Etchmiadzin,2023-05-13,33.0,Ani Manukyan
C12405,Lusine,Manukyan,customer2405@example.com,Yerevan,2024-09-01,56.0,Lusine Manukyan
C12406,Hayk,Vardanyan,customer2406@example.com,Etchmiadzin,2024-12-26,65.0,Hayk Vardanyan
C12407,Arman,Manukyan,customer2407@example.com,Yerevan,2023-03-28,62.0,Arman Manukyan
C12408,Nare,Karapetyan,customer2408@example.com,Yerevan,2023-11-14,31.0,Nare Karapetyan
C12409,Mikael,Mkrtchyan,customer2409@example.com,Hrazdan,2024-07-26,34.0,Mikael Mkrtchyan
C12410,Eva,Stepanyan,customer2410@example.com,Yerevan,2024-01-21,29.0,Eva Stepanyan
C12411,Eva,Mkrtchyan,customer2411@example.com,Yerevan,2024-10-20,-5.0,Eva Mkrtchyan
C12412,Hayk,Stepanyan,customer2412@example.com,Yerevan,2025-03-21,49.0,Hayk Stepanyan
C12413,Eva,Harutyunyan,customer2413@example.com,Yerevan,2023-12-03,41.0,Eva Harutyunyan
C12414,Arsen,Harutyunyan,customer2414@example.com,Armavir,2025-04-12,30.0,Arsen Harutyunyan
C12415,Mane,Mkrtchyan,customer2415@example.com,Yerevan,2023-05-11,37.0,Mane Mkrtchyan
C12416,Lilit,Sargsyan,customer2416@example.com,Yerevan,2024-11-17,-5.0,Lilit Sargsyan
C12417,David,Harutyunyan,customer2417@example.com,Yerevan,2024-12-20,21.0,David Harutyunyan
C12418,Mikael,Sargsyan,customer2418@example.com,Yerevan,2025-04-28,51.0,Mikael Sargsyan
C12419,Narek,Hovhannisyan,customer2419@example.com,Yerevan,2025-01-26,45.0,Narek Hovhannisyan
C12420,Nare,Petrosyan,customer2420@example.com,Abovyan,2024-12-02,19.0,Nare Petrosyan
C12421,Gor,Martirosyan,customer2421@example.com,Yerevan,2025-07-23,64.0,Gor Martirosyan
C12422,Karen,Vardanyan,customer2422@example.com,Hrazdan,2024-06-23,47.0,Karen Vardanyan
C12423,Anna,Avetisyan,customer2423@example.com,Dilijan,2023-04-06,43.0,Anna Avetisyan
C12424,Tatev,Hovhannisyan,customer2424@example.com,Abovyan,2024-10-23,64.0,Tatev Hovhannisyan
C12425,Mane,Ghazaryan,customer2425@example.com,Yerevan,2024-11-17,43.0,Mane Ghazaryan
C12426,Lusine,Harutyunyan,customer2426@example.com,Yerevan,2024-03-09,37.0,Lusine Harutyunyan
C12427,Tatev,Mkrtchyan,customer2427@example.com,Armavir,2024-06-04,-5.0,Tatev Mkrtchyan
C12428,Hayk,Martirosyan,,Gyumri,2024-01-06,45.0,Hayk Martirosyan
C12429,Lusine,Stepanyan,customer2429@example.com,Vagharshapat,2023-01-19,37.0,Lusine Stepanyan
C12430,Tatev,Martirosyan,customer2430@example.com,Kapan,2024-01-07,28.0,Tatev Martirosyan
C12431,Saro,Hakobyan,customer2431@example.com,Artashat,2023-11-13,27.0,Saro Hakobyan
C12432,Saro,Ghazaryan,customer2432@example.com,Artashat,2023-07-04,40.0,Saro Ghazaryan
C12433,Gor,Hovhannisyan,customer2433@example.com,Vanadzor,2023-08-08,54.0,Gor Hovhannisyan
C12434,Anna,Mkrtchyan,customer2434@example.com,Yerevan,2023-12-16,58.0,Anna Mkrtchyan
C12435,Arsen,Avetisyan,customer2435@example.com,Dilijan,2025-02-23,36.0,Arsen Avetisyan
C12436,Saro,Mkrtchyan,customer2436@example.com,Gyumri,2024-05-12,62.0,Saro Mkrtchyan
C12437,Narek,Harutyunyan,customer2437@example.com,Yerevan,2023-07-16,35.0,Narek Harutyunyan
C12438,Narek,Stepanyan,customer2438@example.com,Abovyan,2023-08-20,44.0,Narek Stepanyan
C12439,Nare,Grigoryan,customer2439@example.com,Vanadzor,2023-05-21,23.0,Nare Grigoryan
C12440,Lusine,Petrosyan,customer2440@example.com,Armavir,2023-06-08,27.0,Lusine Petrosyan
C12441,Gor,Sargsyan,customer2441@example.com,Abovyan,2023-03-21,19.0,Gor Sargsyan
C12442,Narek,Vardanyan,customer2442@example.com,Yerevan,2023-10-30,41.0,Narek Vardanyan
C12443,Arman,Vardanyan,customer2443@example.com,Dilijan,2025-05-14,55.0,Arman Vardanyan
C12444,Hayk,Grigoryan,customer2444@example.com,Etchmiadzin,2025-03-18,45.0,Hayk Grigoryan
C12445,Arman,Vardanyan,customer2445@example.com,Vanadzor,2023-04-14,45.0,Arman Vardanyan
C12446,Lilit,Ghazaryan,customer2446@example.com,Yerevan,2024-06-03,62.0,Lilit Ghazaryan
C12447,Lilit,Petrosyan,customer2447@example.com,Yerevan,2025-02-28,,Lilit Petrosyan
C12448,Karen,Grigoryan,customer2448@example.com,Abovyan,2024-07-06,19.0,Karen Grigoryan
C12449,Anna,Vardanyan,customer2449@example.com,Yerevan,2025-05-05,63.0,Anna Vardanyan
C12450,Ani,Vardanyan,customer2450@example.com,Yerevan,2025-01-26,22.0,Ani Vardanyan
C12451,Arman,Sargsyan,customer2451@example.com,Hrazdan,2025-06-23,28.0,Arman Sargsyan
C12452,Hayk,Stepanyan,customer2452@example.com,Gyumri,2024-06-23,27.0,Hayk Stepanyan
C12453,David,Stepanyan,customer2453@example.com,Yerevan,2023-02-08,60.0,David Stepanyan
C12454,Arsen,Vardanyan,customer2454@example.com,Yerevan,2024-11-08,19.0,Arsen Vardanyan
C12455,Suren,Karapetyan,,Yerevan,2023-12-11,32.0,Suren Karapetyan
C12456,Nare,Mkrtchyan,customer2456@example.com,Etchmiadzin,2025-06-16,56.0,Nare Mkrtchyan
C12457,Arman,Grigoryan,customer2457@example.com,Yerevan,2025-02-23,58.0,Arman Grigoryan
C12458,Suren,Harutyunyan,customer2458@example.com,Yerevan,2024-09-24,54.0,Suren Harutyunyan
C12459,Gor,Avetisyan,customer2459@example.com,Abovyan,2023-05-15,24.0,Gor Avetisyan
C12460,Lilit,Hovhannisyan,customer2460@example.com,Dilijan,2024-09-03,37.0,Lilit Hovhannisyan
C12461,Anna,Manukyan,customer2461@example.com,Vanadzor,2024-01-21,51.0,Anna Manukyan
C12462,Arsen,Harutyunyan,customer2462@example.com,Yerevan,2023-06-07,52.0,Arsen Harutyunyan
C12463,Gor,Sargsyan,customer2463@example.com,Yerevan,2023-06-16,51.0,Gor Sargsyan
C12464,Mikael,Avetisyan,customer2464@example.com,Kapan,2023-07-05,39.0,Mikael Avetisyan
C12465,Mikael,Harutyunyan,customer2465@example.com,Yerevan,2025-05-01,48.0,Mikael Harutyunyan
C12466,Gor,Martirosyan,customer2466@example.com,Vanadzor,2024-12-10,40.0,Gor Martirosyan
C12467,Tatev,Mkrtchyan,customer2467@example.com,Yerevan,2025-02-28,36.0,Tatev Mkrtchyan
C12468,Hayk,Avetisyan,customer2468@example.com,Yerevan,2024-10-01,21.0,Hayk Avetisyan
C12469,Suren,Martirosyan,customer2469@example.com,Etchmiadzin,2025-04-08,41.0,Suren Martirosyan
C12470,David,Harutyunyan,customer2470@example.com,Hrazdan,2025-07-13,37.0,David Harutyunyan
C12471,Tatev,Petrosyan,customer2471@example.com,Abovyan,2023-06-19,56.0,Tatev Petrosyan
C12472,Arman,Hakobyan,customer2472@example.com,Yerevan,2025-01-08,45.0,Arman Hakobyan
C12473,Mane,Petrosyan,customer2473@example.com,Yerevan,2024-03-24,56.0,Mane Petrosyan
C12474,Nare,Mkrtchyan,customer2474@example.com,Vanadzor,2023-02-14,34.0,Nare Mkrtchyan
C12475,Karen,Avetisyan,customer2475@example.com,Vanadzor,2024-02-25,36.0,Karen Avetisyan
C12476,Mane,Avetisyan,,Yerevan,2024-01-09,65.0,Mane Avetisyan
C12477,Arman,Mkrtchyan,customer2477@example.com,Yerevan,2024-11-23,52.0,Arman Mkrtchyan
C12478,Karen,Martirosyan,customer2478@example.com,Yerevan,2025-01-06,49.0,Karen Martirosyan
C12479,Ani,Stepanyan,customer2479@example.com,Dilijan,2023-09-01,64.0,Ani Stepanyan
C12480,Lilit,Hakobyan,customer2480@example.com,Etchmiadzin,2024-03-30,63.0,Lilit Hakobyan
C12481,Hayk,Harutyunyan,customer2481@example.com,Artashat,2024-09-17,64.0,Hayk Harutyunyan
C12482,Eva,Hovhannisyan,customer2482@example.com,Yerevan,2023-10-19,63.0,Eva Hovhannisyan
C12483,Karen,Sargsyan,customer2483@example.com,Dilijan,2025-02-09,56.0,Karen Sargsyan
C12484,Mane,Petrosyan,customer2484@example.com,Yerevan,2025-02-05,52.0,Mane Petrosyan
C12485,Nare,Petrosyan,customer2485@example.com,Gyumri,2025-03-13,47.0,Nare Petrosyan
C12486,Eva,Ghazaryan,,Etchmiadzin,2024-04-04,34.0,Eva Ghazaryan
C12487,Mikael,Manukyan,customer2487@example.com,Yerevan,2023-08-28,59.0,Mikael Manukyan
C12488,Lilit,Ghazaryan,customer2488@example.com,Yerevan,2024-06-30,64.0,Lilit Ghazaryan
C12489,Gor,Hakobyan,customer2489@example.com,Yerevan,2023-09-02,46.0,Gor Hakobyan
C12490,Suren,Sargsyan,customer2490@example.com,Yerevan,2023-11-13,23.0,Suren Sargsyan
C12491,Arsen,Petrosyan,,Vanadzor,2025-04-08,34.0,Arsen Petrosyan
C12492,Narek,Sargsyan,customer2492@example.com,Abovyan,2025-03-14,34.0,Narek Sargsyan
C12493,Karen,Hovhannisyan,customer2493@example.com,Vagharshapat,2024-04-25,31.0,Karen Hovhannisyan
C12494,Narek,Harutyunyan,customer2494@example.com,Vanadzor,2025-07-14,41.0,Narek Harutyunyan
C12495,Anna,Avetisyan,customer2495@example.com,Abovyan,2025-05-05,54.0,Anna Avetisyan
C12496,Narek,Sargsyan,customer2496@example.com,Yerevan,2023-07-18,57.0,Narek Sargsyan
C12497,Lusine,Petrosyan,customer2497@example.com,Yerevan,2024-01-12,56.0,Lusine Petrosyan
C12498,Saro,Martirosyan,customer2498@example.com,Dilijan,2024-11-25,49.0,Saro Martirosyan
C12499,Saro,Vardanyan,customer2499@example.com,Yerevan,2024-08-07,53.0,Saro Vardanyan
C12500,Suren,Hakobyan,customer2500@example.com,Abovyan,2024-03-27,54.0,Suren Hakobyan
C12501,David,Mkrtchyan,customer2501@example.com,Yerevan,2024-04-17,65.0,David Mkrtchyan
C12502,Ani,Stepanyan,customer2502@example.com,Hrazdan,2025-02-26,31.0,Ani Stepanyan
C12503,Karen,Grigoryan,customer2503@example.com,Abovyan,2023-10-16,44.0,Karen Grigoryan
C12504,Arman,Karapetyan,customer2504@example.com,Yerevan,2025-03-07,36.0,Arman Karapetyan
C12505,Gor,Stepanyan,customer2505@example.com,Yerevan,2024-01-27,48.0,Gor Stepanyan
C12506,Lilit,Karapetyan,customer2506@example.com,Abovyan,2024-05-29,63.0,Lilit Karapetyan
C12507,Ani,Grigoryan,customer2507@example.com,Yerevan,2024-06-24,,Ani Grigoryan
C12508,Lusine,Sargsyan,customer2508@example.com,Yerevan,2024-03-04,55.0,Lusine Sargsyan
C12509,Mariam,Hakobyan,customer2509@example.com,Hrazdan,2023-06-15,34.0,Mariam Hakobyan
C12510,Mane,Sargsyan,customer2510@example.com,Yerevan,2025-04-16,36.0,Mane Sargsyan
C12511,David,Hovhannisyan,customer2511@example.com,Kapan,2023-07-24,61.0,David Hovhannisyan
C12512,Lilit,Hovhannisyan,customer2512@example.com,Gyumri,2025-03-31,21.0,Lilit Hovhannisyan
C12513,Lusine,Hovhannisyan,customer2513@example.com,Yerevan,2024-09-11,65.0,Lusine Hovhannisyan
C12514,Lusine,Vardanyan,customer2514@example.com,Abovyan,2023-05-22,28.0,Lusine Vardanyan
C12515,Mariam,Mkrtchyan,customer2515@example.com,Gyumri,2025-06-12,39.0,Mariam Mkrtchyan
C12516,Hayk,Hakobyan,customer2516@example.com,Yerevan,2023-09-14,21.0,Hayk Hakobyan
C12517,Arsen,Ghazaryan,customer2517@example.com,Yerevan,2023-02-23,34.0,Arsen Ghazaryan
C12518,Hayk,Ghazaryan,customer2518@example.com,Yerevan,2024-10-18,25.0,Hayk Ghazaryan
C12519,Mariam,Stepanyan,customer2519@example.com,Yerevan,2024-05-07,63.0,Mariam Stepanyan
C12520,Ani,Grigoryan,customer2520@example.com,Yerevan,2025-06-14,51.0,Ani Grigoryan
C12521,Gor,Hovhannisyan,customer2521@example.com,Yerevan,2024-01-16,28.0,Gor Hovhannisyan
C12522,Narek,Hovhannisyan,customer2522@example.com,Yerevan,2024-07-21,48.0,Narek Hovhannisyan
C12523,Mariam,Sargsyan,customer2523@example.com,Abovyan,2023-04-16,28.0,Mariam Sargsyan
C12524,Mikael,Manukyan,customer2524@example.com,Abovyan,2024-12-29,55.0,Mikael Manukyan
C12525,Mariam,Petrosyan,customer2525@example.com,Gyumri,2025-05-16,38.0,Mariam Petrosyan
C12526,Gor,Martirosyan,customer2526@example.com,Etchmiadzin,2024-06-12,63.0,Gor Martirosyan
C12527,Mariam,Vardanyan,customer2527@example.com,Kapan,2025-05-21,47.0,Mariam Vardanyan
C12528,Mikael,Avetisyan,customer2528@example.com,Vanadzor,2023-05-08,27.0,Mikael Avetisyan
C12529,Mikael,Martirosyan,customer2529@example.com,Vanadzor,2023-10-19,43.0,Mikael Martirosyan
C12530,Saro,Mkrtchyan,customer2530@example.com,Yerevan,2023-03-27,44.0,Saro Mkrtchyan
C12531,Lilit,Sargsyan,customer2531@example.com,Armavir,2025-02-20,25.0,Lilit Sargsyan
C12532,Suren,Vardanyan,customer2532@example.com,Yerevan,2023-06-14,56.0,Suren Vardanyan
C12533,Eva,Vardanyan,customer2533@example.com,Yerevan,2023-10-07,25.0,Eva Vardanyan
C12534,Sona,Harutyunyan,customer2534@example.com,Hrazdan,2024-04-05,25.0,Sona Harutyunyan
C12535,Hayk,Hovhannisyan,customer2535@example.com,Yerevan,2025-07-16,51.0,Hayk Hovhannisyan
C12536,Gor,Hakobyan,customer2536@example.com,Yerevan,2024-06-09,33.0,Gor Hakobyan
C12537,Anna,Ghazaryan,customer2537@example.com,Vanadzor,2023-05-31,58.0,Anna Ghazaryan
C12538,Saro,Ghazaryan,customer2538@example.com,Vanadzor,2025-04-30,30.0,Saro Ghazaryan
C12539,Lusine,Vardanyan,customer2539@example.com,Hrazdan,2024-03-23,40.0,Lusine Vardanyan
C12540,Lilit,Sargsyan,customer2540@example.com,Etchmiadzin,2023-04-04,29.0,Lilit Sargsyan
C12541,Nare,Hakobyan,customer2541@example.com,Yerevan,2025-07-21,44.0,Nare Hakobyan
C12542,Arman,Avetisyan,customer2542@example.com,Yerevan,2023-08-16,39.0,Arman Avetisyan
C12543,Arsen,Manukyan,customer2543@example.com,Abovyan,2025-04-16,49.0,Arsen Manukyan
C12544,Nare,Martirosyan,customer2544@example.com,Yerevan,2024-04-06,44.0,Nare Martirosyan
C12545,Eva,Stepanyan,customer2545@example.com,Vanadzor,2025-06-24,19.0,Eva Stepanyan
C12546,Sona,Petrosyan,customer2546@example.com,Yerevan,2023-12-24,62.0,Sona Petrosyan
C12547,Eva,Avetisyan,customer2547@example.com,Gyumri,2023-01-28,50.0,Eva Avetisyan
C12548,Nare,Avetisyan,customer2548@example.com,Gyumri,2024-02-29,43.0,Nare Avetisyan
C12549,Arsen,Martirosyan,customer2549@example.com,Vanadzor,2023-02-24,45.0,Arsen Martirosyan
C12550,David,Avetisyan,customer2550@example.com,Gyumri,2024-02-10,36.0,David Avetisyan
C12551,Sona,Stepanyan,,Gyumri,2024-05-29,60.0,Sona Stepanyan
C12552,Lusine,Harutyunyan,customer2552@example.com,Yerevan,2024-01-18,22.0,Lusine Harutyunyan
C12553,Mariam,Harutyunyan,customer2553@example.com,Yerevan,2023-08-30,50.0,Mariam Harutyunyan
C12554,Anna,Ghazaryan,customer2554@example.com,Yerevan,2024-01-31,37.0,Anna Ghazaryan
C12555,Sona,Karapetyan,customer2555@example.com,Yerevan,2023-03-25,47.0,Sona Karapetyan
C12556,Suren,Karapetyan,customer2556@example.com,Yerevan,2024-01-19,62.0,Suren Karapetyan
C12557,Ani,Harutyunyan,customer2557@example.com,Gyumri,2023-08-18,-5.0,Ani Harutyunyan
C12558,Gor,Grigoryan,customer2558@example.com,Yerevan,2023-01-29,55.0,Gor Grigoryan
C12559,Nare,Manukyan,,Abovyan,2023-11-23,34.0,Nare Manukyan
C12560,Anna,Hakobyan,customer2560@example.com,Kapan,2023-04-12,61.0,Anna Hakobyan
C12561,Hayk,Vardanyan,customer2561@example.com,Yerevan,2025-05-09,18.0,Hayk Vardanyan
C12562,Lilit,Manukyan,customer2562@example.com,Yerevan,2025-01-01,20.0,Lilit Manukyan
C12563,Nare,Vardanyan,customer2563@example.com,Yerevan,2024-10-27,63.0,Nare Vardanyan
C12564,Karen,Mkrtchyan,customer2564@example.com,Vanadzor,2023-12-10,43.0,Karen Mkrtchyan
C12565,Mane,Avetisyan,customer2565@example.com,Yerevan,2025-03-21,48.0,Mane Avetisyan
C12566,Saro,Petrosyan,customer2566@example.com,Yerevan,2023-05-30,25.0,Saro Petrosyan
C12567,Narek,Avetisyan,customer2567@example.com,Abovyan,2023-05-21,60.0,Narek Avetisyan
C12568,Saro,Manukyan,customer2568@example.com,Yerevan,2023-02-09,63.0,Saro Manukyan
C12569,Mane,Ghazaryan,customer2569@example.com,Vanadzor,2023-10-21,25.0,Mane Ghazaryan
C12570,Suren,Harutyunyan,customer2570@example.com,Gyumri,2025-07-28,52.0,Suren Harutyunyan
C12571,Gor,Vardanyan,customer2571@example.com,Hrazdan,2025-04-29,56.0,Gor Vardanyan
C12572,Sona,Hovhannisyan,customer2572@example.com,Yerevan,2024-04-28,45.0,Sona Hovhannisyan
C12573,David,Martirosyan,customer2573@example.com,Armavir,2024-12-13,21.0,David Martirosyan
C12574,Arman,Mkrtchyan,customer2574@example.com,Abovyan,2025-05-01,33.0,Arman Mkrtchyan
C12575,Narek,Harutyunyan,customer2575@example.com,Yerevan,2023-05-23,30.0,Narek Harutyunyan
C12576,Sona,Manukyan,customer2576@example.com,Yerevan,2025-02-16,37.0,Sona Manukyan
C12577,David,Ghazaryan,customer2577@example.com,Yerevan,2024-12-23,22.0,David Ghazaryan
C12578,Eva,Martirosyan,customer2578@example.com,Etchmiadzin,2024-04-25,54.0,Eva Martirosyan
C12579,Eva,Stepanyan,customer2579@example.com,Kapan,2024-04-04,37.0,Eva Stepanyan
C12580,Mikael,Petrosyan,customer2580@example.com,Gyumri,2024-09-22,41.0,Mikael Petrosyan
C12581,Arsen,Hovhannisyan,customer2581@example.com,Kapan,2023-01-06,53.0,Arsen Hovhannisyan
C12582,Sona,Vardanyan,customer2582@example.com,Yerevan,2025-07-16,51.0,Sona Vardanyan
C12583,Karen,Manukyan,customer2583@example.com,Yerevan,2023-03-23,62.0,Karen Manukyan
C12584,Gor,Hakobyan,customer2584@example.com,Armavir,2023-01-20,65.0,Gor Hakobyan
C12585,Nare,Sargsyan,customer2585@example.com,Etchmiadzin,2023-09-20,51.0,Nare Sargsyan
C12586,Hayk,Martirosyan,customer2586@example.com,Gyumri,2023-08-09,36.0,Hayk Martirosyan
C12587,Suren,Manukyan,customer2587@example.com,Hrazdan,2025-05-05,34.0,Suren Manukyan
C12588,Mariam,Ghazaryan,,Artashat,2023-06-03,22.0,Mariam Ghazaryan
C12589,Lilit,Harutyunyan,customer2589@example.com,Vagharshapat,2024-07-15,42.0,Lilit Harutyunyan
C12590,Mikael,Hakobyan,customer2590@example.com,Kapan,2025-01-14,35.0,Mikael Hakobyan
C12591,Anna,Grigoryan,customer2591@example.com,Hrazdan,2024-09-15,25.0,Anna Grigoryan
C12592,Tatev,Martirosyan,customer2592@example.com,Yerevan,2024-06-24,44.0,Tatev Martirosyan
C12593,Anna,Hovhannisyan,customer2593@example.com,Kapan,2024-03-09,32.0,Anna Hovhannisyan
C12594,Karen,Hakobyan,customer2594@example.com,Yerevan,2023-04-24,62.0,Karen Hakobyan
C12595,Mane,Ghazaryan,customer2595@example.com,Armavir,2025-03-05,30.0,Mane Ghazaryan
C12596,Sona,Harutyunyan,customer2596@example.com,Gyumri,2023-10-23,33.0,Sona Harutyunyan
C12597,Hayk,Manukyan,customer2597@example.com,Abovyan,2023-09-01,39.0,Hayk Manukyan
C12598,Ani,Avetisyan,customer2598@example.com,Gyumri,2023-11-05,37.0,Ani Avetisyan
C12599,Ani,Petrosyan,customer2599@example.com,Yerevan,2023-05-05,30.0,Ani Petrosyan
C12600,Sona,Ghazaryan,customer2600@example.com,Yerevan,2023-02-18,37.0,Sona Ghazaryan
C12601,Narek,Hovhannisyan,customer2601@example.com,Dilijan,2023-09-02,19.0,Narek Hovhannisyan
C12602,Mikael,Avetisyan,customer2602@example.com,Dilijan,2024-03-05,52.0,Mikael Avetisyan
C12603,Mane,Hovhannisyan,customer2603@example.com,Yerevan,2024-10-16,64.0,Mane Hovhannisyan
C12604,Narek,Sargsyan,customer2604@example.com,Dilijan,2025-03-23,36.0,Narek Sargsyan
C12605,Arman,Hovhannisyan,customer2605@example.com,Kapan,2024-09-29,62.0,Arman Hovhannisyan
C12606,Hayk,Hakobyan,customer2606@example.com,Vanadzor,2024-04-13,54.0,Hayk Hakobyan
C12607,Arsen,Sargsyan,customer2607@example.com,Yerevan,2023-03-06,23.0,Arsen Sargsyan
C12608,Saro,Petrosyan,customer2608@example.com,Armavir,2023-04-24,31.0,Saro Petrosyan
C12609,David,Hakobyan,customer2609@example.com,Vanadzor,2025-05-06,21.0,David Hakobyan
C12610,Suren,Stepanyan,customer2610@example.com,Kapan,2025-07-15,39.0,Suren Stepanyan
C12611,Mane,Karapetyan,customer2611@example.com,Kapan,2024-05-26,-5.0,Mane Karapetyan
C12612,Arsen,Harutyunyan,customer2612@example.com,Kapan,2024-09-03,53.0,Arsen Harutyunyan
C12613,Mikael,Hakobyan,customer2613@example.com,Abovyan,2024-07-02,51.0,Mikael Hakobyan
C12614,Ani,Ghazaryan,customer2614@example.com,Yerevan,2023-01-17,44.0,Ani Ghazaryan
C12615,Tatev,Harutyunyan,customer2615@example.com,Yerevan,2024-10-09,24.0,Tatev Harutyunyan
C12616,Tatev,Avetisyan,customer2616@example.com,Yerevan,2024-06-11,20.0,Tatev Avetisyan
C12617,Mariam,Mkrtchyan,customer2617@example.com,Yerevan,2024-08-11,64.0,Mariam Mkrtchyan
C12618,Arman,Martirosyan,customer2618@example.com,Vanadzor,2023-09-05,50.0,Arman Martirosyan
C12619,Hayk,Mkrtchyan,customer2619@example.com,Abovyan,2025-01-05,19.0,Hayk Mkrtchyan
C12620,Narek,Manukyan,customer2620@example.com,Kapan,2023-05-28,59.0,Narek Manukyan
C12621,Anna,Martirosyan,customer2621@example.com,Yerevan,2023-10-26,33.0,Anna Martirosyan
C12622,Ani,Hovhannisyan,customer2622@example.com,Gyumri,2024-03-15,42.0,Ani Hovhannisyan
C12623,Arman,Vardanyan,customer2623@example.com,Yerevan,2023-01-02,32.0,Arman Vardanyan
C12624,Nare,Martirosyan,,Yerevan,2024-09-21,41.0,Nare Martirosyan
C12625,Mariam,Ghazaryan,customer2625@example.com,Yerevan,2023-12-28,32.0,Mariam Ghazaryan
C12626,Narek,Ghazaryan,customer2626@example.com,Hrazdan,2023-09-04,48.0,Narek Ghazaryan
C12627,Anna,Grigoryan,customer2627@example.com,Yerevan,2024-08-07,31.0,Anna Grigoryan
C12628,David,Martirosyan,customer2628@example.com,Hrazdan,2024-03-02,31.0,David Martirosyan
C12629,Nare,Petrosyan,,Yerevan,2023-07-11,23.0,Nare Petrosyan
C12630,Hayk,Mkrtchyan,customer2630@example.com,Armavir,2024-11-11,31.0,Hayk Mkrtchyan
C12631,Karen,Avetisyan,customer2631@example.com,Etchmiadzin,2024-11-15,34.0,Karen Avetisyan
C12632,Hayk,Stepanyan,customer2632@example.com,Artashat,2023-03-29,35.0,Hayk Stepanyan
C12633,Saro,Harutyunyan,customer2633@example.com,Armavir,2024-06-20,37.0,Saro Harutyunyan
C12634,Suren,Manukyan,customer2634@example.com,Artashat,2024-01-05,34.0,Suren Manukyan
C12635,Mane,Martirosyan,customer2635@example.com,Kapan,2023-03-11,33.0,Mane Martirosyan
C12636,Mariam,Manukyan,customer2636@example.com,Abovyan,2024-06-22,57.0,Mariam Manukyan
C12637,Eva,Avetisyan,customer2637@example.com,Yerevan,2024-07-11,-5.0,Eva Avetisyan
C12638,Suren,Manukyan,customer2638@example.com,Yerevan,2024-06-03,49.0,Suren Manukyan
C12639,Suren,Hovhannisyan,customer2639@example.com,Yerevan,2025-03-16,61.0,Suren Hovhannisyan
C12640,David,Avetisyan,customer2640@example.com,Vanadzor,2024-06-03,26.0,David Avetisyan
C12641,Mariam,Hovhannisyan,customer2641@example.com,Gyumri,2024-07-21,44.0,Mariam Hovhannisyan
C12642,Anna,Martirosyan,customer2642@example.com,Kapan,2023-01-21,63.0,Anna Martirosyan
C12643,Suren,Avetisyan,customer2643@example.com,Artashat,2024-02-04,50.0,Suren Avetisyan
C12644,Mikael,Martirosyan,customer2644@example.com,Yerevan,2025-06-13,27.0,Mikael Martirosyan
C12645,Ani,Stepanyan,customer2645@example.com,Gyumri,2024-04-26,34.0,Ani Stepanyan
C12646,Anna,Hovhannisyan,customer2646@example.com,Dilijan,2023-02-14,53.0,Anna Hovhannisyan
C12647,Nare,Grigoryan,customer2647@example.com,Yerevan,2024-10-12,34.0,Nare Grigoryan
C12648,Mariam,Grigoryan,,Etchmiadzin,2024-02-01,35.0,Mariam Grigoryan
C12649,David,Avetisyan,customer2649@example.com,Yerevan,2024-01-18,40.0,David Avetisyan
C12650,Saro,Ghazaryan,customer2650@example.com,Abovyan,2023-09-17,51.0,Saro Ghazaryan
C12651,Eva,Stepanyan,,Yerevan,2025-02-04,25.0,Eva Stepanyan
C12652,Karen,Grigoryan,customer2652@example.com,Armavir,2023-01-17,30.0,Karen Grigoryan
C12653,Mane,Harutyunyan,customer2653@example.com,Vanadzor,2024-01-01,40.0,Mane Harutyunyan
C12654,Mikael,Ghazaryan,customer2654@example.com,Yerevan,2025-03-18,37.0,Mikael Ghazaryan
C12655,Lusine,Harutyunyan,customer2655@example.com,Yerevan,2023-03-11,39.0,Lusine Harutyunyan
C12656,Narek,Stepanyan,customer2656@example.com,Gyumri,2023-12-20,64.0,Narek Stepanyan
C12657,Suren,Stepanyan,customer2657@example.com,Dilijan,2023-09-04,40.0,Suren Stepanyan
C12658,Mane,Grigoryan,customer2658@example.com,Hrazdan,2025-01-20,58.0,Mane Grigoryan
C12659,Eva,Grigoryan,customer2659@example.com,Gyumri,2024-11-03,52.0,Eva Grigoryan
C12660,Anna,Karapetyan,customer2660@example.com,Yerevan,2024-10-05,20.0,Anna Karapetyan
C12661,Ani,Karapetyan,customer2661@example.com,Gyumri,2023-04-17,51.0,Ani Karapetyan
C12662,Nare,Martirosyan,customer2662@example.com,Hrazdan,2025-03-01,50.0,Nare Martirosyan
C12663,Mikael,Avetisyan,customer2663@example.com,Etchmiadzin,2024-08-18,63.0,Mikael Avetisyan
C12664,Mariam,Sargsyan,customer2664@example.com,Yerevan,2025-01-22,34.0,Mariam Sargsyan
C12665,Mariam,Sargsyan,customer2665@example.com,Hrazdan,2025-02-13,,Mariam Sargsyan
C12666,Anna,Grigoryan,customer2666@example.com,Abovyan,2023-12-07,36.0,Anna Grigoryan
C12667,Sona,Manukyan,customer2667@example.com,Artashat,2023-05-17,47.0,Sona Manukyan
C12668,Eva,Grigoryan,customer2668@example.com,Artashat,2023-02-15,40.0,Eva Grigoryan
C12669,Lilit,Stepanyan,customer2669@example.com,Etchmiadzin,2023-12-27,32.0,Lilit Stepanyan
C12670,Hayk,Karapetyan,customer2670@example.com,Hrazdan,2024-07-13,31.0,Hayk Karapetyan
C12671,David,Martirosyan,customer2671@example.com,Yerevan,2023-12-13,19.0,David Martirosyan
C12672,Nare,Stepanyan,customer2672@example.com,Kapan,2025-04-13,56.0,Nare Stepanyan
C12673,Ani,Grigoryan,customer2673@example.com,Yerevan,2024-10-20,35.0,Ani Grigoryan
C12674,Sona,Mkrtchyan,customer2674@example.com,Yerevan,2023-06-29,23.0,Sona Mkrtchyan
C12675,Anna,Ghazaryan,customer2675@example.com,Yerevan,2025-04-30,49.0,Anna Ghazaryan
C12676,Arman,Vardanyan,customer2676@example.com,Kapan,2025-03-08,38.0,Arman Vardanyan
C12677,Eva,Stepanyan,customer2677@example.com,Yerevan,2024-12-02,57.0,Eva Stepanyan
C12678,Hayk,Manukyan,customer2678@example.com,Gyumri,2024-04-20,45.0,Hayk Manukyan
C12679,Eva,Mkrtchyan,customer2679@example.com,Gyumri,2024-12-13,44.0,Eva Mkrtchyan
C12680,Anna,Martirosyan,customer2680@example.com,Yerevan,2024-05-05,19.0,Anna Martirosyan
C12681,Arsen,Martirosyan,customer2681@example.com,Yerevan,2024-10-08,50.0,Arsen Martirosyan
C12682,Nare,Harutyunyan,,Etchmiadzin,2023-07-06,33.0,Nare Harutyunyan
C12683,Arsen,Hakobyan,customer2683@example.com,Kapan,2025-04-10,56.0,Arsen Hakobyan
C12684,Arman,Mkrtchyan,customer2684@example.com,Yerevan,2023-05-19,39.0,Arman Mkrtchyan
C12685,Suren,Harutyunyan,customer2685@example.com,Armavir,2023-03-06,60.0,Suren Harutyunyan
C12686,Lusine,Karapetyan,customer2686@example.com,Etchmiadzin,2025-01-03,64.0,Lusine Karapetyan
C12687,Lilit,Petrosyan,customer2687@example.com,Yerevan,2025-03-05,30.0,Lilit Petrosyan
C12688,David,Manukyan,customer2688@example.com,Hrazdan,2024-04-13,19.0,David Manukyan
C12689,Anna,Ghazaryan,customer2689@example.com,Dilijan,2023-02-07,31.0,Anna Ghazaryan
C12690,Tatev,Petrosyan,customer2690@example.com,Gyumri,2023-10-28,55.0,Tatev Petrosyan
C12691,Eva,Avetisyan,customer2691@example.com,Yerevan,2023-07-26,58.0,Eva Avetisyan
C12692,Karen,Hovhannisyan,customer2692@example.com,Artashat,2023-02-14,45.0,Karen Hovhannisyan
C12693,Saro,Vardanyan,customer2693@example.com,Vanadzor,2025-03-21,24.0,Saro Vardanyan
C12694,Ani,Karapetyan,customer2694@example.com,Yerevan,2023-07-24,35.0,Ani Karapetyan
C12695,Hayk,Karapetyan,customer2695@example.com,Vanadzor,2025-06-26,58.0,Hayk Karapetyan
C12696,Mariam,Petrosyan,customer2696@example.com,Gyumri,2023-02-12,53.0,Mariam Petrosyan
C12697,Arsen,Mkrtchyan,customer2697@example.com,Kapan,2023-11-20,58.0,Arsen Mkrtchyan
C12698,Hayk,Hakobyan,customer2698@example.com,Gyumri,2023-11-14,53.0,Hayk Hakobyan
C12699,Arsen,Ghazaryan,customer2699@example.com,Yerevan,2024-06-11,61.0,Arsen Ghazaryan
C12700,Arman,Mkrtchyan,customer2700@example.com,Abovyan,2024-02-12,21.0,Arman Mkrtchyan
C12701,Sona,Petrosyan,customer2701@example.com,Gyumri,2025-04-14,47.0,Sona Petrosyan
C12702,Anna,Ghazaryan,customer2702@example.com,Yerevan,2024-07-10,,Anna Ghazaryan
C12703,Saro,Avetisyan,customer2703@example.com,Vanadzor,2024-04-29,37.0,Saro Avetisyan
C12704,Arsen,Vardanyan,,Vagharshapat,2023-09-17,63.0,Arsen Vardanyan
C12705,Nare,Vardanyan,customer2705@example.com,Yerevan,2023-02-07,48.0,Nare Vardanyan
C12706,Lusine,Mkrtchyan,customer2706@example.com,Vanadzor,2025-02-10,41.0,Lusine Mkrtchyan
C12707,Sona,Sargsyan,customer2707@example.com,Yerevan,2024-10-24,24.0,Sona Sargsyan
C12708,Arsen,Mkrtchyan,customer2708@example.com,Yerevan,2023-07-15,43.0,Arsen Mkrtchyan
C12709,Hayk,Martirosyan,customer2709@example.com,Yerevan,2023-10-20,30.0,Hayk Martirosyan
C12710,Mikael,Hovhannisyan,customer2710@example.com,Yerevan,2024-01-01,,Mikael Hovhannisyan
C12711,Saro,Harutyunyan,customer2711@example.com,Kapan,2025-06-01,22.0,Saro Harutyunyan
C12712,Arsen,Manukyan,,Yerevan,2025-03-10,61.0,Arsen Manukyan
C12713,Saro,Hovhannisyan,customer2713@example.com,Hrazdan,2023-02-18,30.0,Saro Hovhannisyan
C12714,Anna,Mkrtchyan,customer2714@example.com,Yerevan,2025-06-05,46.0,Anna Mkrtchyan
C12715,Gor,Hakobyan,customer2715@example.com,Artashat,2024-11-02,37.0,Gor Hakobyan
C12716,Saro,Vardanyan,customer2716@example.com,Vanadzor,2023-12-06,31.0,Saro Vardanyan
C12717,David,Stepanyan,customer2717@example.com,Abovyan,2023-10-07,49.0,David Stepanyan
C12718,Nare,Hovhannisyan,customer2718@example.com,Yerevan,2023-05-08,44.0,Nare Hovhannisyan
C12719,Tatev,Vardanyan,customer2719@example.com,Yerevan,2025-03-29,42.0,Tatev Vardanyan
C12720,Lilit,Ghazaryan,customer2720@example.com,Yerevan,2024-01-12,21.0,Lilit Ghazaryan
C12721,Arsen,Hakobyan,customer2721@example.com,Artashat,2024-03-23,38.0,Arsen Hakobyan
C12722,David,Hovhannisyan,customer2722@example.com,Gyumri,2025-06-29,35.0,David Hovhannisyan
C12723,Saro,Ghazaryan,customer2723@example.com,Vanadzor,2024-02-14,56.0,Saro Ghazaryan
C12724,Eva,Mkrtchyan,customer2724@example.com,Hrazdan,2025-01-31,,Eva Mkrtchyan
C12725,Nare,Ghazaryan,customer2725@example.com,Yerevan,2024-03-26,55.0,Nare Ghazaryan
C12726,Arsen,Grigoryan,customer2726@example.com,Hrazdan,2025-07-05,65.0,Arsen Grigoryan
C12727,Hayk,Karapetyan,customer2727@example.com,Abovyan,2024-01-31,41.0,Hayk Karapetyan
C12728,Arman,Hovhannisyan,customer2728@example.com,Abovyan,2023-12-14,25.0,Arman Hovhannisyan
C12729,Sona,Mkrtchyan,customer2729@example.com,Gyumri,2023-07-11,45.0,Sona Mkrtchyan
C12730,Lusine,Karapetyan,customer2730@example.com,Yerevan,2024-05-23,38.0,Lusine Karapetyan
C12731,David,Sargsyan,customer2731@example.com,Yerevan,2024-12-09,33.0,David Sargsyan
C12732,Ani,Ghazaryan,customer2732@example.com,Etchmiadzin,2024-05-24,33.0,Ani Ghazaryan
C12733,Nare,Petrosyan,customer2733@example.com,Vanadzor,2024-01-12,52.0,Nare Petrosyan
C12734,Arsen,Sargsyan,customer2734@example.com,Yerevan,2025-08-04,34.0,Arsen Sargsyan
C12735,Mane,Vardanyan,customer2735@example.com,Artashat,2025-03-27,26.0,Mane Vardanyan
C12736,Anna,Mkrtchyan,customer2736@example.com,Yerevan,2024-06-15,52.0,Anna Mkrtchyan
C12737,David,Hakobyan,customer2737@example.com,Kapan,2023-10-01,46.0,David Hakobyan
C12738,Arsen,Grigoryan,customer2738@example.com,Dilijan,2025-03-31,56.0,Arsen Grigoryan
C12739,David,Avetisyan,customer2739@example.com,Armavir,2023-03-26,35.0,David Avetisyan
C12740,Arman,Karapetyan,customer2740@example.com,Etchmiadzin,2025-01-14,29.0,Arman Karapetyan
C12741,Arman,Harutyunyan,customer2741@example.com,Yerevan,2024-03-10,36.0,Arman Harutyunyan
C12742,Sona,Karapetyan,customer2742@example.com,Yerevan,2023-03-22,65.0,Sona Karapetyan
C12743,Mariam,Martirosyan,customer2743@example.com,Hrazdan,2024-03-16,39.0,Mariam Martirosyan
C12744,David,Vardanyan,customer2744@example.com,Yerevan,2024-09-08,32.0,David Vardanyan
C12745,Arsen,Stepanyan,customer2745@example.com,Yerevan,2025-04-22,18.0,Arsen Stepanyan
C12746,David,Stepanyan,customer2746@example.com,Vagharshapat,2023-07-04,19.0,David Stepanyan
C12747,Mikael,Manukyan,customer2747@example.com,Yerevan,2024-07-12,25.0,Mikael Manukyan
C12748,Lusine,Mkrtchyan,customer2748@example.com,Armavir,2023-10-28,39.0,Lusine Mkrtchyan
C12749,Mikael,Sargsyan,customer2749@example.com,Kapan,2023-11-25,42.0,Mikael Sargsyan
C12750,Suren,Harutyunyan,customer2750@example.com,Kapan,2023-04-16,19.0,Suren Harutyunyan
C12751,Anna,Hakobyan,customer2751@example.com,Etchmiadzin,2023-03-23,26.0,Anna Hakobyan
C12752,Mane,Hakobyan,customer2752@example.com,Armavir,2023-12-02,26.0,Mane Hakobyan
C12753,Arsen,Hakobyan,customer2753@example.com,Etchmiadzin,2024-11-07,30.0,Arsen Hakobyan
C12754,Karen,Avetisyan,customer2754@example.com,Vanadzor,2023-10-30,23.0,Karen Avetisyan
C12755,Narek,Martirosyan,customer2755@example.com,Yerevan,2023-11-10,47.0,Narek Martirosyan
C12756,Mikael,Stepanyan,customer2756@example.com,Armavir,2024-04-01,32.0,Mikael Stepanyan
C12757,Nare,Hakobyan,customer2757@example.com,Kapan,2024-09-09,32.0,Nare Hakobyan
C12758,Narek,Ghazaryan,customer2758@example.com,Gyumri,2025-01-04,24.0,Narek Ghazaryan
C12759,Anna,Stepanyan,customer2759@example.com,Yerevan,2024-03-12,28.0,Anna Stepanyan
C12760,Suren,Hakobyan,customer2760@example.com,Vanadzor,2023-06-20,57.0,Suren Hakobyan
C12761,Ani,Mkrtchyan,,Yerevan,2024-12-07,55.0,Ani Mkrtchyan
C12762,David,Martirosyan,customer2762@example.com,Artashat,2024-03-30,57.0,David Martirosyan
C12763,David,Hovhannisyan,customer2763@example.com,Dilijan,2023-12-26,19.0,David Hovhannisyan
C12764,Arman,Grigoryan,customer2764@example.com,Yerevan,2024-04-02,65.0,Arman Grigoryan
C12765,Anna,Grigoryan,customer2765@example.com,Abovyan,2023-02-13,56.0,Anna Grigoryan
C12766,Lusine,Martirosyan,customer2766@example.com,Yerevan,2025-01-14,27.0,Lusine Martirosyan
C12767,Mariam,Manukyan,customer2767@example.com,Hrazdan,2025-06-09,61.0,Mariam Manukyan
C12768,Ani,Avetisyan,customer2768@example.com,Yerevan,2025-07-22,34.0,Ani Avetisyan
C12769,Sona,Vardanyan,customer2769@example.com,Abovyan,2023-12-28,,Sona Vardanyan
C12770,Tatev,Vardanyan,customer2770@example.com,Yerevan,2024-09-21,57.0,Tatev Vardanyan
C12771,Eva,Harutyunyan,customer2771@example.com,Yerevan,2024-03-21,56.0,Eva Harutyunyan
C12772,Sona,Stepanyan,customer2772@example.com,Yerevan,2023-10-09,21.0,Sona Stepanyan
C12773,Suren,Ghazaryan,customer2773@example.com,Yerevan,2024-10-16,52.0,Suren Ghazaryan
C12774,Suren,Karapetyan,customer2774@example.com,Vanadzor,2025-03-21,64.0,Suren Karapetyan
C12775,Arsen,Mkrtchyan,customer2775@example.com,Yerevan,2023-02-28,53.0,Arsen Mkrtchyan
C12776,Eva,Petrosyan,customer2776@example.com,Gyumri,2023-03-18,48.0,Eva Petrosyan
C12777,Eva,Grigoryan,customer2777@example.com,Armavir,2024-11-18,42.0,Eva Grigoryan
C12778,David,Hovhannisyan,customer2778@example.com,Kapan,2024-10-14,58.0,David Hovhannisyan
C12779,Saro,Martirosyan,customer2779@example.com,Armavir,2024-02-20,30.0,Saro Martirosyan
C12780,Nare,Harutyunyan,customer2780@example.com,Artashat,2024-01-08,35.0,Nare Harutyunyan
C12781,Sona,Martirosyan,customer2781@example.com,Yerevan,2024-06-09,38.0,Sona Martirosyan
C12782,Saro,Karapetyan,customer2782@example.com,Yerevan,2025-03-31,65.0,Saro Karapetyan
C12783,Hayk,Harutyunyan,customer2783@example.com,Vanadzor,2025-02-06,18.0,Hayk Harutyunyan
C12784,Nare,Grigoryan,customer2784@example.com,Armavir,2024-11-26,53.0,Nare Grigoryan
C12785,Saro,Hakobyan,customer2785@example.com,Dilijan,2023-06-13,25.0,Saro Hakobyan
C12786,Arman,Ghazaryan,customer2786@example.com,Yerevan,2023-02-01,65.0,Arman Ghazaryan
C12787,Lilit,Martirosyan,customer2787@example.com,Yerevan,2023-05-27,38.0,Lilit Martirosyan
C12788,Arman,Ghazaryan,customer2788@example.com,Yerevan,2025-05-19,60.0,Arman Ghazaryan
C12789,Suren,Ghazaryan,customer2789@example.com,Hrazdan,2024-09-14,38.0,Suren Ghazaryan
C12790,Tatev,Ghazaryan,customer2790@example.com,Abovyan,2024-11-25,44.0,Tatev Ghazaryan
C12791,Anna,Hovhannisyan,customer2791@example.com,Yerevan,2025-03-11,36.0,Anna Hovhannisyan
C12792,Suren,Petrosyan,customer2792@example.com,Gyumri,2024-03-24,40.0,Suren Petrosyan
C12793,Mariam,Grigoryan,customer2793@example.com,Abovyan,2023-02-05,60.0,Mariam Grigoryan
C12794,Mariam,Ghazaryan,customer2794@example.com,Etchmiadzin,2023-05-10,52.0,Mariam Ghazaryan
C12795,David,Hovhannisyan,customer2795@example.com,Yerevan,2023-03-10,57.0,David Hovhannisyan
C12796,Ani,Sargsyan,,Armavir,2023-08-30,59.0,Ani Sargsyan
C12797,Sona,Stepanyan,customer2797@example.com,Vanadzor,2025-03-08,65.0,Sona Stepanyan
C12798,Hayk,Vardanyan,customer2798@example.com,Vagharshapat,2024-10-22,22.0,Hayk Vardanyan
C12799,Hayk,Petrosyan,customer2799@example.com,Vagharshapat,2024-01-11,58.0,Hayk Petrosyan
C12800,Karen,Manukyan,customer2800@example.com,Yerevan,2024-01-06,25.0,Karen Manukyan
C12801,Lusine,Avetisyan,customer2801@example.com,Yerevan,2024-01-28,28.0,Lusine Avetisyan
C12802,Suren,Grigoryan,customer2802@example.com,Hrazdan,2024-08-03,33.0,Suren Grigoryan
C12803,Hayk,Hakobyan,customer2803@example.com,Yerevan,2023-02-03,56.0,Hayk Hakobyan
C12804,Sona,Grigoryan,customer2804@example.com,Kapan,2024-09-11,64.0,Sona Grigoryan
C12805,Saro,Karapetyan,customer2805@example.com,Hrazdan,2023-06-07,41.0,Saro Karapetyan
C12806,Gor,Harutyunyan,customer2806@example.com,Kapan,2024-11-26,38.0,Gor Harutyunyan
C12807,Ani,Stepanyan,customer2807@example.com,Yerevan,2024-04-05,40.0,Ani Stepanyan
C12808,Tatev,Vardanyan,customer2808@example.com,Yerevan,2024-01-15,55.0,Tatev Vardanyan
C12809,Lusine,Martirosyan,customer2809@example.com,Abovyan,2024-01-16,64.0,Lusine Martirosyan
C12810,Anna,Ghazaryan,customer2810@example.com,Yerevan,2024-03-30,25.0,Anna Ghazaryan
C12811,Sona,Harutyunyan,customer2811@example.com,Hrazdan,2025-02-20,24.0,Sona Harutyunyan
C12812,Arsen,Harutyunyan,customer2812@example.com,Kapan,2023-03-20,19.0,Arsen Harutyunyan
C12813,Anna,Ghazaryan,customer2813@example.com,Yerevan,2024-08-10,47.0,Anna Ghazaryan
C12814,Mikael,Grigoryan,customer2814@example.com,Hrazdan,2023-05-21,30.0,Mikael Grigoryan
C12815,Tatev,Ghazaryan,customer2815@example.com,Yerevan,2024-06-26,40.0,Tatev Ghazaryan
C12816,Nare,Stepanyan,customer2816@example.com,Yerevan,2024-01-11,46.0,Nare Stepanyan
C12817,Lusine,Vardanyan,customer2817@example.com,Dilijan,2024-02-12,55.0,Lusine Vardanyan
C12818,Tatev,Karapetyan,customer2818@example.com,Dilijan,2023-11-18,54.0,Tatev Karapetyan
C12819,Hayk,Ghazaryan,customer2819@example.com,Gyumri,2024-10-27,,Hayk Ghazaryan
C12820,Lusine,Martirosyan,customer2820@example.com,Artashat,2023-10-13,50.0,Lusine Martirosyan
C12821,Arsen,Martirosyan,customer2821@example.com,Gyumri,2023-09-13,46.0,Arsen Martirosyan
C12822,Lusine,Harutyunyan,customer2822@example.com,Yerevan,2023-04-27,32.0,Lusine Harutyunyan
C12823,Sona,Manukyan,customer2823@example.com,Yerevan,2023-01-27,40.0,Sona Manukyan
C12824,Mane,Avetisyan,customer2824@example.com,Artashat,2025-01-23,59.0,Mane Avetisyan
C12825,Nare,Karapetyan,customer2825@example.com,Yerevan,2023-07-10,20.0,Nare Karapetyan
C12826,Ani,Manukyan,,Vanadzor,2024-05-26,54.0,Ani Manukyan
C12827,Lilit,Mkrtchyan,customer2827@example.com,Vanadzor,2024-06-14,46.0,Lilit Mkrtchyan
C12828,Lusine,Mkrtchyan,customer2828@example.com,Hrazdan,2024-02-01,62.0,Lusine Mkrtchyan
C12829,Gor,Petrosyan,customer2829@example.com,Gyumri,2025-07-24,25.0,Gor Petrosyan
C12830,Mane,Harutyunyan,customer2830@example.com,Yerevan,2024-07-29,39.0,Mane Harutyunyan
C12831,David,Martirosyan,customer2831@example.com,Yerevan,2023-05-01,46.0,David Martirosyan
C12832,David,Grigoryan,customer2832@example.com,Vanadzor,2023-09-26,19.0,David Grigoryan
C12833,Narek,Martirosyan,customer2833@example.com,Hrazdan,2025-03-04,58.0,Narek Martirosyan
C12834,Lusine,Hovhannisyan,customer2834@example.com,Vanadzor,2023-09-24,62.0,Lusine Hovhannisyan
C12835,David,Hovhannisyan,customer2835@example.com,Hrazdan,2024-12-21,18.0,David Hovhannisyan
C12836,Lusine,Martirosyan,customer2836@example.com,Yerevan,2024-04-01,61.0,Lusine Martirosyan
C12837,Saro,Vardanyan,customer2837@example.com,Armavir,2023-08-08,37.0,Saro Vardanyan
C12838,Lilit,Stepanyan,customer2838@example.com,Vanadzor,2024-09-18,38.0,Lilit Stepanyan
C12839,David,Hovhannisyan,customer2839@example.com,Yerevan,2023-10-20,54.0,David Hovhannisyan
C12840,Lilit,Hakobyan,customer2840@example.com,Gyumri,2024-12-11,25.0,Lilit Hakobyan
C12841,Tatev,Martirosyan,customer2841@example.com,Kapan,2025-07-27,44.0,Tatev Martirosyan
C12842,Mane,Petrosyan,customer2842@example.com,Armavir,2024-05-17,64.0,Mane Petrosyan
C12843,Arsen,Manukyan,customer2843@example.com,Yerevan,2023-07-24,52.0,Arsen Manukyan
C12844,Saro,Mkrtchyan,customer2844@example.com,Hrazdan,2023-05-06,23.0,Saro Mkrtchyan
C12845,Mane,Martirosyan,customer2845@example.com,Yerevan,2023-05-19,62.0,Mane Martirosyan
C12846,Tatev,Martirosyan,customer2846@example.com,Yerevan,2025-05-23,61.0,Tatev Martirosyan
C12847,Arsen,Hovhannisyan,customer2847@example.com,Vanadzor,2023-03-17,,Arsen Hovhannisyan
C12848,Tatev,Stepanyan,customer2848@example.com,Abovyan,2024-04-07,35.0,Tatev Stepanyan
C12849,Ani,Ghazaryan,customer2849@example.com,Etchmiadzin,2023-06-26,18.0,Ani Ghazaryan
C12850,Sona,Hakobyan,customer2850@example.com,Yerevan,2025-07-09,42.0,Sona Hakobyan
C12851,Suren,Karapetyan,customer2851@example.com,Yerevan,2024-12-31,44.0,Suren Karapetyan
C12852,Saro,Grigoryan,customer2852@example.com,Gyumri,2024-03-31,24.0,Saro Grigoryan
C12853,Suren,Karapetyan,customer2853@example.com,Yerevan,2023-03-31,61.0,Suren Karapetyan
C12854,Sona,Grigoryan,customer2854@example.com,Yerevan,2025-04-09,59.0,Sona Grigoryan
C12855,Sona,Avetisyan,customer2855@example.com,Yerevan,2024-11-29,46.0,Sona Avetisyan
C12856,Tatev,Martirosyan,customer2856@example.com,Yerevan,2025-05-15,48.0,Tatev Martirosyan
C12857,Suren,Hakobyan,customer2857@example.com,Yerevan,2023-11-24,61.0,Suren Hakobyan
C12858,Mikael,Sargsyan,customer2858@example.com,Vanadzor,2024-11-14,60.0,Mikael Sargsyan
C12859,Ani,Hovhannisyan,customer2859@example.com,Yerevan,2023-12-22,53.0,Ani Hovhannisyan
C12860,Tatev,Harutyunyan,customer2860@example.com,Yerevan,2024-12-27,,Tatev Harutyunyan
C12861,Lilit,Hovhannisyan,customer2861@example.com,Abovyan,2023-03-08,23.0,Lilit Hovhannisyan
C12862,Narek,Mkrtchyan,customer2862@example.com,Yerevan,2024-07-17,42.0,Narek Mkrtchyan
C12863,Sona,Manukyan,customer2863@example.com,Vanadzor,2024-07-09,48.0,Sona Manukyan
C12864,Arsen,Stepanyan,customer2864@example.com,Yerevan,2023-10-25,26.0,Arsen Stepanyan
C12865,Tatev,Mkrtchyan,customer2865@example.com,Yerevan,2025-07-01,37.0,Tatev Mkrtchyan
C12866,Eva,Manukyan,customer2866@example.com,Yerevan,2023-11-04,27.0,Eva Manukyan
C12867,Lusine,Avetisyan,customer2867@example.com,Yerevan,2025-05-21,54.0,Lusine Avetisyan
C12868,Eva,Karapetyan,customer2868@example.com,Vanadzor,2023-06-11,44.0,Eva Karapetyan
C12869,Nare,Stepanyan,customer2869@example.com,Artashat,2024-12-29,30.0,Nare Stepanyan
C12870,Karen,Stepanyan,customer2870@example.com,Yerevan,2024-12-27,58.0,Karen Stepanyan
C12871,Karen,Petrosyan,customer2871@example.com,Yerevan,2025-08-07,19.0,Karen Petrosyan
C12872,Mariam,Martirosyan,customer2872@example.com,Abovyan,2024-12-18,,Mariam Martirosyan
C12873,Arman,Sargsyan,customer2873@example.com,Gyumri,2024-10-15,50.0,Arman Sargsyan
C12874,Ani,Manukyan,customer2874@example.com,Etchmiadzin,2023-06-28,41.0,Ani Manukyan
C12875,Arman,Harutyunyan,customer2875@example.com,Yerevan,2025-03-23,61.0,Arman Harutyunyan
C12876,Karen,Manukyan,customer2876@example.com,Artashat,2024-01-06,59.0,Karen Manukyan
C12877,Narek,Ghazaryan,customer2877@example.com,Yerevan,2024-06-04,51.0,Narek Ghazaryan
C12878,Saro,Petrosyan,customer2878@example.com,Yerevan,2023-08-18,26.0,Saro Petrosyan
C12879,Eva,Ghazaryan,customer2879@example.com,Armavir,2023-05-05,19.0,Eva Ghazaryan
C12880,Sona,Mkrtchyan,customer2880@example.com,Vanadzor,2023-07-25,47.0,Sona Mkrtchyan
C12881,Nare,Hakobyan,customer2881@example.com,Gyumri,2025-03-22,39.0,Nare Hakobyan
C12882,Lusine,Mkrtchyan,customer2882@example.com,Hrazdan,2023-05-23,63.0,Lusine Mkrtchyan
C12883,Ani,Avetisyan,customer2883@example.com,Vanadzor,2023-08-31,28.0,Ani Avetisyan
C12884,Suren,Hakobyan,customer2884@example.com,Yerevan,2025-03-20,60.0,Suren Hakobyan
C12885,Saro,Mkrtchyan,customer2885@example.com,Abovyan,2024-05-20,,Saro Mkrtchyan
C12886,Eva,Harutyunyan,customer2886@example.com,Yerevan,2023-01-27,53.0,Eva Harutyunyan
C12887,David,Hovhannisyan,customer2887@example.com,Etchmiadzin,2024-01-05,30.0,David Hovhannisyan
C12888,Lilit,Mkrtchyan,customer2888@example.com,Dilijan,2024-07-21,24.0,Lilit Mkrtchyan
C12889,Mariam,Stepanyan,customer2889@example.com,Yerevan,2024-08-09,33.0,Mariam Stepanyan
C12890,David,Harutyunyan,customer2890@example.com,Yerevan,2024-01-13,50.0,David Harutyunyan
C12891,Gor,Harutyunyan,customer2891@example.com,Yerevan,2024-04-23,-5.0,Gor Harutyunyan
C12892,Mariam,Stepanyan,customer2892@example.com,Yerevan,2025-04-02,18.0,Mariam Stepanyan
C12893,Saro,Hovhannisyan,customer2893@example.com,Artashat,2024-07-18,28.0,Saro Hovhannisyan
C12894,Mane,Vardanyan,customer2894@example.com,Yerevan,2023-05-13,23.0,Mane Vardanyan
C12895,Tatev,Hakobyan,customer2895@example.com,Yerevan,2024-09-18,37.0,Tatev Hakobyan
C12896,Gor,Karapetyan,customer2896@example.com,Etchmiadzin,2025-06-24,52.0,Gor Karapetyan
C12897,Arsen,Grigoryan,customer2897@example.com,Armavir,2023-03-30,61.0,Arsen Grigoryan
C12898,Karen,Martirosyan,customer2898@example.com,Gyumri,2023-03-09,54.0,Karen Martirosyan
C12899,Saro,Manukyan,customer2899@example.com,Vanadzor,2023-11-13,58.0,Saro Manukyan
C12900,David,Grigoryan,customer2900@example.com,Abovyan,2024-02-12,43.0,David Grigoryan
C12901,Lilit,Petrosyan,customer2901@example.com,Dilijan,2025-01-04,29.0,Lilit Petrosyan
C12902,Anna,Karapetyan,customer2902@example.com,Vanadzor,2025-01-06,47.0,Anna Karapetyan
C12903,Nare,Grigoryan,customer2903@example.com,Vanadzor,2024-05-05,45.0,Nare Grigoryan
C12904,Hayk,Hakobyan,customer2904@example.com,Yerevan,2024-06-22,44.0,Hayk Hakobyan
C12905,Mariam,Petrosyan,customer2905@example.com,Yerevan,2024-02-25,59.0,Mariam Petrosyan
C12906,Hayk,Sargsyan,customer2906@example.com,Vanadzor,2025-02-26,36.0,Hayk Sargsyan
C12907,Anna,Stepanyan,customer2907@example.com,Artashat,2024-02-24,22.0,Anna Stepanyan
C12908,Mikael,Karapetyan,customer2908@example.com,Kapan,2025-04-23,22.0,Mikael Karapetyan
C12909,Sona,Stepanyan,customer2909@example.com,Dilijan,2024-08-11,58.0,Sona Stepanyan
C12910,Mariam,Grigoryan,customer2910@example.com,Gyumri,2023-03-17,44.0,Mariam Grigoryan
C12911,Lusine,Vardanyan,customer2911@example.com,Vagharshapat,2023-05-09,45.0,Lusine Vardanyan
C12912,David,Petrosyan,customer2912@example.com,Kapan,2023-11-21,43.0,David Petrosyan
C12913,Suren,Sargsyan,customer2913@example.com,Abovyan,2024-10-19,44.0,Suren Sargsyan
C12914,Anna,Mkrtchyan,customer2914@example.com,Yerevan,2023-03-17,59.0,Anna Mkrtchyan
C12915,Mane,Stepanyan,customer2915@example.com,Gyumri,2024-04-05,38.0,Mane Stepanyan
C12916,Ani,Petrosyan,customer2916@example.com,Kapan,2024-04-22,18.0,Ani Petrosyan
C12917,Tatev,Ghazaryan,customer2917@example.com,Yerevan,2024-11-27,45.0,Tatev Ghazaryan
C12918,Eva,Vardanyan,customer2918@example.com,Artashat,2024-06-13,65.0,Eva Vardanyan
C12919,Narek,Hovhannisyan,customer2919@example.com,Yerevan,2023-12-19,32.0,Narek Hovhannisyan
C12920,Lusine,Hakobyan,customer2920@example.com,Hrazdan,2023-05-12,34.0,Lusine Hakobyan
C12921,Hayk,Mkrtchyan,customer2921@example.com,Vanadzor,2025-06-18,43.0,Hayk Mkrtchyan
C12922,Mane,Hakobyan,customer2922@example.com,Hrazdan,2025-04-28,37.0,Mane Hakobyan
C12923,Karen,Stepanyan,customer2923@example.com,Yerevan,2025-03-09,42.0,Karen Stepanyan
C12924,Arman,Grigoryan,customer2924@example.com,Artashat,2024-07-18,30.0,Arman Grigoryan
C12925,Anna,Martirosyan,customer2925@example.com,Vanadzor,2024-10-17,50.0,Anna Martirosyan
C12926,Tatev,Grigoryan,customer2926@example.com,Yerevan,2024-08-24,42.0,Tatev Grigoryan
C12927,David,Mkrtchyan,customer2927@example.com,Vanadzor,2023-07-06,25.0,David Mkrtchyan
C12928,Hayk,Harutyunyan,customer2928@example.com,Yerevan,2025-02-25,22.0,Hayk Harutyunyan
C12929,Suren,Grigoryan,customer2929@example.com,Yerevan,2023-05-13,23.0,Suren Grigoryan
C12930,Mariam,Mkrtchyan,customer2930@example.com,Yerevan,2024-03-19,40.0,Mariam Mkrtchyan
C12931,Anna,Petrosyan,customer2931@example.com,Kapan,2024-05-29,47.0,Anna Petrosyan
C12932,Anna,Avetisyan,customer2932@example.com,Gyumri,2025-07-21,,Anna Avetisyan
C12933,Suren,Grigoryan,customer2933@example.com,Abovyan,2025-06-08,40.0,Suren Grigoryan
C12934,Eva,Petrosyan,customer2934@example.com,Yerevan,2023-02-26,28.0,Eva Petrosyan
C12935,David,Hakobyan,customer2935@example.com,Yerevan,2025-05-01,48.0,David Hakobyan
C12936,Sona,Ghazaryan,customer2936@example.com,Artashat,2023-05-08,23.0,Sona Ghazaryan
C12937,Mane,Karapetyan,customer2937@example.com,Vanadzor,2024-06-14,28.0,Mane Karapetyan
C12938,Mikael,Martirosyan,customer2938@example.com,Artashat,2023-06-06,30.0,Mikael Martirosyan
C12939,Arman,Hakobyan,customer2939@example.com,Yerevan,2023-11-08,29.0,Arman Hakobyan
C12940,Ani,Hakobyan,customer2940@example.com,Yerevan,2023-06-18,19.0,Ani Hakobyan
C12941,Lilit,Mkrtchyan,customer2941@example.com,Kapan,2023-06-15,52.0,Lilit Mkrtchyan
C12942,Mariam,Stepanyan,customer2942@example.com,Abovyan,2023-11-27,53.0,Mariam Stepanyan
C12943,Narek,Stepanyan,,Yerevan,2024-12-27,34.0,Narek Stepanyan
C12944,Lilit,Harutyunyan,customer2944@example.com,Yerevan,2023-08-19,45.0,Lilit Harutyunyan
C12945,Arman,Manukyan,customer2945@example.com,Vagharshapat,2023-12-21,45.0,Arman Manukyan
C12946,Narek,Avetisyan,customer2946@example.com,Gyumri,2024-06-15,39.0,Narek Avetisyan
C12947,Ani,Harutyunyan,customer2947@example.com,Abovyan,2025-07-05,55.0,Ani Harutyunyan
C12948,Ani,Mkrtchyan,customer2948@example.com,Yerevan,2023-10-18,,Ani Mkrtchyan
C12949,Eva,Hovhannisyan,,Yerevan,2025-05-16,32.0,Eva Hovhannisyan
C12950,Nare,Martirosyan,customer2950@example.com,Dilijan,2023-03-22,49.0,Nare Martirosyan
C12951,Saro,Avetisyan,customer2951@example.com,Yerevan,2023-09-14,28.0,Saro Avetisyan
C12952,Gor,Avetisyan,,Gyumri,2023-07-21,41.0,Gor Avetisyan
C12953,Karen,Vardanyan,customer2953@example.com,Kapan,2024-10-12,20.0,Karen Vardanyan
C12954,Anna,Mkrtchyan,customer2954@example.com,Yerevan,2024-07-18,47.0,Anna Mkrtchyan
C12955,Mane,Sargsyan,customer2955@example.com,Yerevan,2023-10-09,23.0,Mane Sargsyan
C12956,Eva,Hakobyan,customer2956@example.com,Vanadzor,2023-05-09,19.0,Eva Hakobyan
C12957,Mane,Ghazaryan,customer2957@example.com,Gyumri,2024-10-02,31.0,Mane Ghazaryan
C12958,Lusine,Karapetyan,customer2958@example.com,Gyumri,2023-11-07,58.0,Lusine Karapetyan
C12959,Lusine,Sargsyan,customer2959@example.com,Yerevan,2024-09-21,35.0,Lusine Sargsyan
C12960,Hayk,Stepanyan,customer2960@example.com,Vanadzor,2024-06-30,61.0,Hayk Stepanyan
C12961,Narek,Mkrtchyan,customer2961@example.com,Vanadzor,2023-04-06,48.0,Narek Mkrtchyan
C12962,Sona,Sargsyan,customer2962@example.com,Abovyan,2024-05-29,30.0,Sona Sargsyan
C12963,Mariam,Karapetyan,,Yerevan,2024-10-18,43.0,Mariam Karapetyan
C12964,Mikael,Mkrtchyan,customer2964@example.com,Vanadzor,2023-06-22,,Mikael Mkrtchyan
C12965,Nare,Stepanyan,customer2965@example.com,Artashat,2024-08-29,29.0,Nare Stepanyan
C12966,Suren,Mkrtchyan,customer2966@example.com,Gyumri,2024-08-17,35.0,Suren Mkrtchyan
C12967,Hayk,Avetisyan,customer2967@example.com,Hrazdan,2023-06-07,26.0,Hayk Avetisyan
C12968,Ani,Sargsyan,,Vanadzor,2023-06-25,38.0,Ani Sargsyan
C12969,Arman,Petrosyan,customer2969@example.com,Kapan,2024-11-05,65.0,Arman Petrosyan
C12970,Lusine,Grigoryan,customer2970@example.com,Artashat,2024-10-01,57.0,Lusine Grigoryan
C12971,Tatev,Mkrtchyan,customer2971@example.com,Yerevan,2025-01-07,60.0,Tatev Mkrtchyan
C12972,Karen,Sargsyan,customer2972@example.com,Yerevan,2025-07-12,41.0,Karen Sargsyan
C12973,Narek,Manukyan,customer2973@example.com,Yerevan,2024-09-11,-5.0,Narek Manukyan
C12974,Anna,Martirosyan,customer2974@example.com,Yerevan,2023-12-12,25.0,Anna Martirosyan
C12975,Mane,Manukyan,customer2975@example.com,Yerevan,2025-05-12,61.0,Mane Manukyan
C12976,Tatev,Sargsyan,customer2976@example.com,Etchmiadzin,2025-08-04,50.0,Tatev Sargsyan
C12977,Arman,Hakobyan,customer2977@example.com,Yerevan,2024-07-31,40.0,Arman Hakobyan
C12978,Arsen,Hakobyan,customer2978@example.com,Gyumri,2023-02-12,30.0,Arsen Hakobyan
C12979,Mane,Stepanyan,customer2979@example.com,Abovyan,2025-04-25,31.0,Mane Stepanyan
C12980,Gor,Stepanyan,customer2980@example.com,Yerevan,2025-06-03,31.0,Gor Stepanyan
C12981,Saro,Sargsyan,customer2981@example.com,Armavir,2023-01-30,33.0,Saro Sargsyan
C12982,Karen,Avetisyan,customer2982@example.com,Kapan,2023-03-25,55.0,Karen Avetisyan
C12983,Hayk,Stepanyan,customer2983@example.com,Gyumri,2023-02-16,56.0,Hayk Stepanyan
C12984,Eva,Avetisyan,customer2984@example.com,Yerevan,2024-10-18,43.0,Eva Avetisyan
C12985,Gor,Stepanyan,customer2985@example.com,Yerevan,2025-02-28,43.0,Gor Stepanyan
C12986,Narek,Mkrtchyan,customer2986@example.com,Hrazdan,2024-08-13,18.0,Narek Mkrtchyan
C12987,Narek,Karapetyan,customer2987@example.com,Yerevan,2023-09-29,49.0,Narek Karapetyan
C12988,Gor,Grigoryan,customer2988@example.com,Abovyan,2024-10-28,32.0,Gor Grigoryan
C12989,Narek,Vardanyan,customer2989@example.com,Kapan,2023-08-04,38.0,Narek Vardanyan
C12990,Anna,Mkrtchyan,customer2990@example.com,Yerevan,2025-02-24,35.0,Anna Mkrtchyan
C12991,Hayk,Vardanyan,customer2991@example.com,Kapan,2024-08-08,,Hayk Vardanyan
C12992,Arman,Manukyan,customer2992@example.com,Yerevan,2024-03-02,30.0,Arman Manukyan
C12993,Karen,Hovhannisyan,customer2993@example.com,Armavir,2024-09-24,41.0,Karen Hovhannisyan
C12994,David,Grigoryan,customer2994@example.com,Yerevan,2024-10-16,47.0,David Grigoryan
C12995,Lusine,Manukyan,customer2995@example.com,Abovyan,2023-02-01,19.0,Lusine Manukyan
C12996,Tatev,Stepanyan,customer2996@example.com,Yerevan,2024-05-24,36.0,Tatev Stepanyan
C12997,Eva,Avetisyan,customer2997@example.com,Kapan,2025-06-29,64.0,Eva Avetisyan
C12998,Nare,Stepanyan,customer2998@example.com,Gyumri,2024-10-04,61.0,Nare Stepanyan
C12999,Lusine,Sargsyan,customer2999@example.com,Yerevan,2024-07-12,64.0,Lusine Sargsyan
C13000,Tatev,Karapetyan,customer3000@example.com,Vanadzor,2023-10-24,42.0,Tatev Karapetyan
C13001,Mikael,Stepanyan,customer3001@example.com,Yerevan,2024-10-19,31.0,Mikael Stepanyan
C13002,Arman,Ghazaryan,customer3002@example.com,Abovyan,2023-11-06,23.0,Arman Ghazaryan
C13003,Narek,Manukyan,customer3003@example.com,Armavir,2024-05-09,29.0,Narek Manukyan
C13004,Narek,Avetisyan,customer3004@example.com,Yerevan,2023-09-08,37.0,Narek Avetisyan
C13005,David,Ghazaryan,customer3005@example.com,Yerevan,2025-04-04,40.0,David Ghazaryan
C13006,Lusine,Karapetyan,customer3006@example.com,Yerevan,2025-04-06,47.0,Lusine Karapetyan
C13007,Tatev,Mkrtchyan,customer3007@example.com,Vanadzor,2024-12-02,47.0,Tatev Mkrtchyan
C13008,Mariam,Sargsyan,customer3008@example.com,Yerevan,2024-02-20,55.0,Mariam Sargsyan
C13009,Tatev,Martirosyan,customer3009@example.com,Yerevan,2023-11-01,47.0,Tatev Martirosyan
C13010,Saro,Hakobyan,customer3010@example.com,Yerevan,2024-04-09,58.0,Saro Hakobyan
C13011,Anna,Harutyunyan,customer3011@example.com,Yerevan,2023-03-16,47.0,Anna Harutyunyan
C13012,Gor,Karapetyan,customer3012@example.com,Dilijan,2024-12-06,53.0,Gor Karapetyan
C13013,Mariam,Ghazaryan,customer3013@example.com,Yerevan,2023-03-03,51.0,Mariam Ghazaryan
C13014,Tatev,Martirosyan,customer3014@example.com,Vanadzor,2023-06-11,33.0,Tatev Martirosyan
C13015,Saro,Martirosyan,customer3015@example.com,Etchmiadzin,2024-03-26,,Saro Martirosyan
C13016,Lusine,Karapetyan,customer3016@example.com,Hrazdan,2024-03-01,31.0,Lusine Karapetyan
C13017,Arsen,Martirosyan,customer3017@example.com,Yerevan,2024-05-10,43.0,Arsen Martirosyan
C13018,Suren,Manukyan,customer3018@example.com,Vanadzor,2024-04-20,25.0,Suren Manukyan
C13019,Suren,Martirosyan,customer3019@example.com,Armavir,2023-07-28,31.0,Suren Martirosyan
C13020,Mane,Stepanyan,customer3020@example.com,Yerevan,2023-12-15,48.0,Mane Stepanyan
C13021,Lilit,Vardanyan,customer3021@example.com,Yerevan,2024-09-13,19.0,Lilit Vardanyan
C13022,Arman,Avetisyan,customer3022@example.com,Yerevan,2023-05-28,65.0,Arman Avetisyan
C13023,Saro,Grigoryan,customer3023@example.com,Yerevan,2023-11-17,21.0,Saro Grigoryan
C13024,Ani,Manukyan,customer3024@example.com,Yerevan,2025-06-01,18.0,Ani Manukyan
C13025,Anna,Martirosyan,customer3025@example.com,Hrazdan,2025-01-05,37.0,Anna Martirosyan
C13026,Tatev,Mkrtchyan,customer3026@example.com,Yerevan,2023-11-23,31.0,Tatev Mkrtchyan
C13027,Eva,Hakobyan,customer3027@example.com,Gyumri,2025-01-21,57.0,Eva Hakobyan
C13028,Mariam,Sargsyan,customer3028@example.com,Vanadzor,2025-05-31,42.0,Mariam Sargsyan
C13029,Mane,Ghazaryan,customer3029@example.com,Gyumri,2023-12-20,42.0,Mane Ghazaryan
C13030,Arman,Martirosyan,customer3030@example.com,Hrazdan,2024-02-13,20.0,Arman Martirosyan
C13031,Saro,Petrosyan,customer3031@example.com,Yerevan,2023-05-14,22.0,Saro Petrosyan
C13032,Lusine,Stepanyan,customer3032@example.com,Artashat,2025-02-17,55.0,Lusine Stepanyan
C13033,Anna,Hakobyan,customer3033@example.com,Gyumri,2024-01-15,43.0,Anna Hakobyan
C13034,Karen,Mkrtchyan,customer3034@example.com,Vanadzor,2024-06-11,57.0,Karen Mkrtchyan
C13035,Sona,Stepanyan,customer3035@example.com,Etchmiadzin,2024-07-29,55.0,Sona Stepanyan
C13036,Saro,Avetisyan,customer3036@example.com,Yerevan,2023-04-19,55.0,Saro Avetisyan
C13037,Narek,Martirosyan,customer3037@example.com,Yerevan,2023-11-23,21.0,Narek Martirosyan
C13038,Lilit,Ghazaryan,customer3038@example.com,Abovyan,2023-09-05,24.0,Lilit Ghazaryan
C13039,Sona,Avetisyan,customer3039@example.com,Gyumri,2024-04-22,47.0,Sona Avetisyan
C13040,Narek,Martirosyan,customer3040@example.com,Armavir,2023-05-06,47.0,Narek Martirosyan
C13041,Lusine,Harutyunyan,customer3041@example.com,Dilijan,2023-10-01,36.0,Lusine Harutyunyan
C13042,Narek,Grigoryan,customer3042@example.com,Yerevan,2024-04-05,56.0,Narek Grigoryan
C13043,Arman,Avetisyan,customer3043@example.com,Yerevan,2023-09-11,52.0,Arman Avetisyan
C13044,Saro,Grigoryan,customer3044@example.com,Yerevan,2023-05-25,57.0,Saro Grigoryan
C13045,Mariam,Hakobyan,customer3045@example.com,Yerevan,2023-04-10,50.0,Mariam Hakobyan
C13046,Mane,Hovhannisyan,customer3046@example.com,Etchmiadzin,2023-02-21,50.0,Mane Hovhannisyan
C13047,Tatev,Harutyunyan,customer3047@example.com,Hrazdan,2023-10-25,31.0,Tatev Harutyunyan
C13048,Eva,Sargsyan,customer3048@example.com,Gyumri,2024-01-29,55.0,Eva Sargsyan
C13049,Suren,Manukyan,customer3049@example.com,Yerevan,2025-06-03,27.0,Suren Manukyan
C13050,Mane,Grigoryan,customer3050@example.com,Yerevan,2024-09-22,45.0,Mane Grigoryan
C13051,Lilit,Harutyunyan,customer3051@example.com,Yerevan,2024-03-04,31.0,Lilit Harutyunyan
C13052,Narek,Hovhannisyan,customer3052@example.com,Etchmiadzin,2023-09-12,53.0,Narek Hovhannisyan
C13053,Lusine,Ghazaryan,customer3053@example.com,Yerevan,2025-06-05,55.0,Lusine Ghazaryan
C13054,Nare,Grigoryan,customer3054@example.com,Etchmiadzin,2025-07-12,33.0,Nare Grigoryan
C13055,David,Vardanyan,customer3055@example.com,Abovyan,2023-06-13,38.0,David Vardanyan
C13056,Arsen,Vardanyan,customer3056@example.com,Hrazdan,2025-04-13,45.0,Arsen Vardanyan
C13057,Suren,Karapetyan,customer3057@example.com,Yerevan,2023-12-02,50.0,Suren Karapetyan
C13058,Hayk,Mkrtchyan,customer3058@example.com,Abovyan,2024-08-14,23.0,Hayk Mkrtchyan
C13059,Lusine,Sargsyan,customer3059@example.com,Vanadzor,2025-01-08,58.0,Lusine Sargsyan
C13060,Saro,Mkrtchyan,customer3060@example.com,Hrazdan,2023-11-17,32.0,Saro Mkrtchyan
C13061,Saro,Ghazaryan,customer3061@example.com,Yerevan,2023-07-14,61.0,Saro Ghazaryan
C13062,Mikael,Martirosyan,customer3062@example.com,Gyumri,2025-02-20,20.0,Mikael Martirosyan
C13063,Suren,Grigoryan,customer3063@example.com,Abovyan,2023-06-13,60.0,Suren Grigoryan
C13064,Suren,Martirosyan,customer3064@example.com,Yerevan,2024-05-25,64.0,Suren Martirosyan
C13065,Nare,Vardanyan,customer3065@example.com,Yerevan,2024-06-11,52.0,Nare Vardanyan
C13066,Hayk,Petrosyan,,Dilijan,2024-04-23,31.0,Hayk Petrosyan
C13067,Arman,Grigoryan,customer3067@example.com,Yerevan,2024-05-25,19.0,Arman Grigoryan
C13068,Hayk,Harutyunyan,customer3068@example.com,Yerevan,2025-06-19,46.0,Hayk Harutyunyan
C13069,Mane,Sargsyan,customer3069@example.com,Yerevan,2023-11-12,21.0,Mane Sargsyan
C13070,Ani,Martirosyan,customer3070@example.com,Vanadzor,2024-05-24,43.0,Ani Martirosyan
C13071,Eva,Vardanyan,customer3071@example.com,Yerevan,2023-01-24,-5.0,Eva Vardanyan
C13072,Mane,Grigoryan,customer3072@example.com,Vanadzor,2023-04-03,19.0,Mane Grigoryan
C13073,Saro,Petrosyan,customer3073@example.com,Yerevan,2024-02-07,34.0,Saro Petrosyan
C13074,Karen,Mkrtchyan,customer3074@example.com,Yerevan,2024-06-01,52.0,Karen Mkrtchyan
C13075,Lusine,Harutyunyan,customer3075@example.com,Hrazdan,2024-04-13,27.0,Lusine Harutyunyan
C13076,Saro,Karapetyan,customer3076@example.com,Yerevan,2023-09-04,65.0,Saro Karapetyan
C13077,Arsen,Grigoryan,customer3077@example.com,Dilijan,2023-08-09,39.0,Arsen Grigoryan
C13078,Karen,Karapetyan,customer3078@example.com,Yerevan,2024-08-20,58.0,Karen Karapetyan
C13079,Saro,Hakobyan,customer3079@example.com,Yerevan,2023-12-28,60.0,Saro Hakobyan
C13080,Eva,Ghazaryan,customer3080@example.com,Yerevan,2023-02-19,38.0,Eva Ghazaryan
C13081,Eva,Sargsyan,customer3081@example.com,Yerevan,2023-02-21,32.0,Eva Sargsyan
C13082,Arman,Grigoryan,customer3082@example.com,Dilijan,2023-10-16,52.0,Arman Grigoryan
C13083,Lilit,Avetisyan,,Armavir,2024-05-21,65.0,Lilit Avetisyan
C13084,Tatev,Petrosyan,customer3084@example.com,Yerevan,2024-09-03,38.0,Tatev Petrosyan
C13085,Anna,Stepanyan,customer3085@example.com,Vanadzor,2025-06-22,38.0,Anna Stepanyan
C13086,Mikael,Stepanyan,customer3086@example.com,Abovyan,2025-05-13,38.0,Mikael Stepanyan
C13087,David,Martirosyan,customer3087@example.com,Yerevan,2024-10-31,61.0,David Martirosyan
C13088,Sona,Hovhannisyan,customer3088@example.com,Yerevan,2024-11-19,49.0,Sona Hovhannisyan
C13089,Nare,Avetisyan,customer3089@example.com,Armavir,2024-04-26,22.0,Nare Avetisyan
C13090,Tatev,Hakobyan,customer3090@example.com,Dilijan,2023-10-20,56.0,Tatev Hakobyan
C13091,Lusine,Sargsyan,customer3091@example.com,Dilijan,2024-07-03,26.0,Lusine Sargsyan
C13092,Lusine,Mkrtchyan,,Etchmiadzin,2023-01-09,35.0,Lusine Mkrtchyan
C13093,Lusine,Harutyunyan,customer3093@example.com,Abovyan,2025-05-17,38.0,Lusine Harutyunyan
C13094,Ani,Karapetyan,customer3094@example.com,Yerevan,2023-04-21,25.0,Ani Karapetyan
C13095,Sona,Hakobyan,customer3095@example.com,Yerevan,2024-03-17,61.0,Sona Hakobyan
C13096,Saro,Martirosyan,customer3096@example.com,Yerevan,2023-05-18,51.0,Saro Martirosyan
C13097,Hayk,Harutyunyan,customer3097@example.com,Abovyan,2025-06-22,27.0,Hayk Harutyunyan
C13098,Anna,Stepanyan,customer3098@example.com,Etchmiadzin,2023-09-28,58.0,Anna Stepanyan
C13099,Narek,Vardanyan,customer3099@example.com,Etchmiadzin,2025-01-14,41.0,Narek Vardanyan
C13100,Tatev,Mkrtchyan,customer3100@example.com,Armavir,2024-01-10,57.0,Tatev Mkrtchyan
C13101,Eva,Martirosyan,customer3101@example.com,Armavir,2025-02-21,,Eva Martirosyan
C13102,Arsen,Petrosyan,customer3102@example.com,Dilijan,2024-02-17,49.0,Arsen Petrosyan
C13103,Mikael,Vardanyan,customer3103@example.com,Yerevan,2024-01-10,50.0,Mikael Vardanyan
C13104,Karen,Karapetyan,customer3104@example.com,Hrazdan,2023-02-16,55.0,Karen Karapetyan
C13105,Mane,Hovhannisyan,customer3105@example.com,Vanadzor,2024-02-15,61.0,Mane Hovhannisyan
C13106,Anna,Avetisyan,customer3106@example.com,Yerevan,2023-02-22,51.0,Anna Avetisyan
C13107,Gor,Grigoryan,customer3107@example.com,Dilijan,2024-08-06,28.0,Gor Grigoryan
C13108,Gor,Vardanyan,customer3108@example.com,Armavir,2024-07-29,48.0,Gor Vardanyan
C13109,Mikael,Hakobyan,customer3109@example.com,Yerevan,2023-07-19,35.0,Mikael Hakobyan
C13110,Suren,Ghazaryan,,Yerevan,2024-01-07,40.0,Suren Ghazaryan
C13111,Mariam,Grigoryan,customer3111@example.com,Abovyan,2024-07-20,39.0,Mariam Grigoryan
C13112,David,Hovhannisyan,customer3112@example.com,Vanadzor,2023-10-23,60.0,David Hovhannisyan
C13113,Anna,Harutyunyan,customer3113@example.com,Artashat,2023-03-17,35.0,Anna Harutyunyan
C13114,Eva,Stepanyan,customer3114@example.com,Yerevan,2024-01-31,57.0,Eva Stepanyan
C13115,Anna,Vardanyan,customer3115@example.com,Yerevan,2024-05-31,64.0,Anna Vardanyan
C13116,Saro,Grigoryan,customer3116@example.com,Yerevan,2024-04-06,58.0,Saro Grigoryan
C13117,Karen,Avetisyan,customer3117@example.com,Yerevan,2025-02-21,64.0,Karen Avetisyan
C13118,Sona,Manukyan,customer3118@example.com,Yerevan,2024-07-17,56.0,Sona Manukyan
C13119,Lusine,Harutyunyan,customer3119@example.com,Armavir,2023-10-14,37.0,Lusine Harutyunyan
C13120,Sona,Karapetyan,customer3120@example.com,Yerevan,2025-04-25,30.0,Sona Karapetyan
C13121,Lilit,Martirosyan,customer3121@example.com,Yerevan,2024-09-30,62.0,Lilit Martirosyan
C13122,Lilit,Vardanyan,customer3122@example.com,Yerevan,2024-11-27,18.0,Lilit Vardanyan
C13123,Anna,Hovhannisyan,customer3123@example.com,Yerevan,2024-09-17,21.0,Anna Hovhannisyan
C13124,Ani,Karapetyan,customer3124@example.com,Etchmiadzin,2023-05-02,,Ani Karapetyan
C13125,Arman,Grigoryan,customer3125@example.com,Vanadzor,2023-05-12,53.0,Arman Grigoryan
C13126,Narek,Sargsyan,customer3126@example.com,Hrazdan,2023-04-10,53.0,Narek Sargsyan
C13127,Ani,Harutyunyan,customer3127@example.com,Yerevan,2024-02-08,62.0,Ani Harutyunyan
C13128,Eva,Hovhannisyan,customer3128@example.com,Yerevan,2024-01-18,19.0,Eva Hovhannisyan
C13129,Narek,Martirosyan,customer3129@example.com,Gyumri,2025-03-24,45.0,Narek Martirosyan
C13130,Tatev,Mkrtchyan,customer3130@example.com,Yerevan,2023-12-14,43.0,Tatev Mkrtchyan
C13131,Sona,Stepanyan,customer3131@example.com,Kapan,2024-07-25,40.0,Sona Stepanyan
C13132,Sona,Petrosyan,customer3132@example.com,Yerevan,2024-01-10,32.0,Sona Petrosyan
C13133,Narek,Stepanyan,customer3133@example.com,Abovyan,2025-02-12,53.0,Narek Stepanyan
C13134,David,Karapetyan,customer3134@example.com,Yerevan,2023-05-28,44.0,David Karapetyan
C13135,Ani,Karapetyan,,Abovyan,2023-07-23,23.0,Ani Karapetyan
C13136,Arman,Harutyunyan,customer3136@example.com,Armavir,2024-09-08,52.0,Arman Harutyunyan
C13137,Anna,Sargsyan,customer3137@example.com,Vanadzor,2024-06-05,56.0,Anna Sargsyan
C13138,Mariam,Grigoryan,customer3138@example.com,Vanadzor,2024-02-16,55.0,Mariam Grigoryan
C13139,Sona,Hovhannisyan,customer3139@example.com,Dilijan,2024-05-27,52.0,Sona Hovhannisyan
C13140,David,Grigoryan,customer3140@example.com,Vanadzor,2023-02-11,53.0,David Grigoryan
C13141,Mariam,Harutyunyan,customer3141@example.com,Yerevan,2023-02-16,27.0,Mariam Harutyunyan
C13142,Arsen,Stepanyan,,Yerevan,2023-02-09,47.0,Arsen Stepanyan
C13143,Arsen,Karapetyan,customer3143@example.com,Abovyan,2023-05-21,58.0,Arsen Karapetyan
C13144,Arman,Martirosyan,,Hrazdan,2024-12-31,55.0,Arman Martirosyan
C13145,Hayk,Hovhannisyan,customer3145@example.com,Yerevan,2023-12-08,46.0,Hayk Hovhannisyan
C13146,Mane,Petrosyan,customer3146@example.com,Yerevan,2025-04-03,60.0,Mane Petrosyan
C13147,Anna,Hovhannisyan,customer3147@example.com,Dilijan,2024-04-30,56.0,Anna Hovhannisyan
C13148,Sona,Harutyunyan,customer3148@example.com,Yerevan,2024-06-15,21.0,Sona Harutyunyan
C13149,Anna,Martirosyan,customer3149@example.com,Yerevan,2024-04-12,22.0,Anna Martirosyan
C13150,Arsen,Ghazaryan,customer3150@example.com,Yerevan,2023-06-02,21.0,Arsen Ghazaryan
C13151,Tatev,Martirosyan,customer3151@example.com,Vagharshapat,2024-09-12,53.0,Tatev Martirosyan
C13152,Tatev,Mkrtchyan,customer3152@example.com,Yerevan,2025-07-03,62.0,Tatev Mkrtchyan
C13153,Mariam,Hovhannisyan,customer3153@example.com,Abovyan,2024-06-11,33.0,Mariam Hovhannisyan
C13154,Tatev,Hovhannisyan,customer3154@example.com,Yerevan,2023-05-24,42.0,Tatev Hovhannisyan
C13155,Saro,Avetisyan,customer3155@example.com,Abovyan,2023-12-02,,Saro Avetisyan
C13156,Hayk,Manukyan,customer3156@example.com,Kapan,2024-09-19,28.0,Hayk Manukyan
C13157,Mikael,Petrosyan,customer3157@example.com,Yerevan,2023-11-23,46.0,Mikael Petrosyan
C13158,Mariam,Hakobyan,customer3158@example.com,Gyumri,2023-06-16,,Mariam Hakobyan
C13159,Sona,Sargsyan,customer3159@example.com,Yerevan,2024-02-07,39.0,Sona Sargsyan
C13160,Lusine,Manukyan,customer3160@example.com,Yerevan,2024-09-23,31.0,Lusine Manukyan
C13161,Mariam,Mkrtchyan,customer3161@example.com,Etchmiadzin,2025-01-27,41.0,Mariam Mkrtchyan
C13162,Gor,Hovhannisyan,customer3162@example.com,Yerevan,2025-05-12,56.0,Gor Hovhannisyan
C13163,Mikael,Petrosyan,customer3163@example.com,Hrazdan,2023-11-03,43.0,Mikael Petrosyan
C13164,Hayk,Grigoryan,customer3164@example.com,Yerevan,2024-08-30,60.0,Hayk Grigoryan
C13165,Mariam,Manukyan,customer3165@example.com,Yerevan,2023-12-11,53.0,Mariam Manukyan
C13166,Mariam,Grigoryan,customer3166@example.com,Yerevan,2024-06-03,56.0,Mariam Grigoryan
C13167,Tatev,Sargsyan,customer3167@example.com,Vanadzor,2025-04-28,33.0,Tatev Sargsyan
C13168,Eva,Vardanyan,customer3168@example.com,Gyumri,2024-06-05,55.0,Eva Vardanyan
C13169,Mariam,Grigoryan,customer3169@example.com,Hrazdan,2024-06-29,49.0,Mariam Grigoryan
C13170,Lilit,Sargsyan,customer3170@example.com,Yerevan,2024-05-16,23.0,Lilit Sargsyan
C13171,Anna,Vardanyan,customer3171@example.com,Yerevan,2024-12-26,51.0,Anna Vardanyan
C13172,Sona,Stepanyan,customer3172@example.com,Etchmiadzin,2024-07-30,25.0,Sona Stepanyan
C13173,Arsen,Stepanyan,customer3173@example.com,Etchmiadzin,2023-11-03,47.0,Arsen Stepanyan
C13174,Lilit,Petrosyan,customer3174@example.com,Yerevan,2024-05-01,44.0,Lilit Petrosyan
C13175,Lilit,Ghazaryan,customer3175@example.com,Vanadzor,2025-04-15,24.0,Lilit Ghazaryan
C13176,Ani,Karapetyan,customer3176@example.com,Yerevan,2023-01-18,44.0,Ani Karapetyan
C13177,Lusine,Sargsyan,customer3177@example.com,Vagharshapat,2024-01-13,-5.0,Lusine Sargsyan
C13178,David,Martirosyan,customer3178@example.com,Armavir,2023-12-06,-5.0,David Martirosyan
C13179,Tatev,Hakobyan,customer3179@example.com,Kapan,2024-11-20,58.0,Tatev Hakobyan
C13180,Saro,Hakobyan,customer3180@example.com,Etchmiadzin,2023-04-23,32.0,Saro Hakobyan
C13181,Saro,Harutyunyan,customer3181@example.com,Yerevan,2024-03-02,42.0,Saro Harutyunyan
C13182,Lusine,Vardanyan,customer3182@example.com,Etchmiadzin,2024-08-20,39.0,Lusine Vardanyan
C13183,Gor,Hakobyan,customer3183@example.com,Gyumri,2023-11-12,35.0,Gor Hakobyan
C13184,Gor,Harutyunyan,customer3184@example.com,Yerevan,2025-03-26,29.0,Gor Harutyunyan
C13185,Arman,Hovhannisyan,customer3185@example.com,Gyumri,2025-07-09,40.0,Arman Hovhannisyan
C13186,Sona,Hakobyan,customer3186@example.com,Artashat,2025-01-12,62.0,Sona Hakobyan
C13187,Nare,Sargsyan,customer3187@example.com,Armavir,2025-06-12,56.0,Nare Sargsyan
C13188,Nare,Martirosyan,customer3188@example.com,Yerevan,2024-12-05,42.0,Nare Martirosyan
C13189,Karen,Karapetyan,customer3189@example.com,Hrazdan,2024-10-06,27.0,Karen Karapetyan
C13190,Arsen,Grigoryan,customer3190@example.com,Etchmiadzin,2023-01-28,47.0,Arsen Grigoryan
C13191,Karen,Vardanyan,customer3191@example.com,Yerevan,2024-09-03,27.0,Karen Vardanyan
C13192,Arsen,Stepanyan,customer3192@example.com,Gyumri,2024-04-30,51.0,Arsen Stepanyan
C13193,Nare,Mkrtchyan,customer3193@example.com,Hrazdan,2023-09-29,63.0,Nare Mkrtchyan
C13194,Eva,Hakobyan,customer3194@example.com,Yerevan,2024-11-02,30.0,Eva Hakobyan
C13195,Arman,Karapetyan,customer3195@example.com,Yerevan,2025-03-12,46.0,Arman Karapetyan
C13196,Tatev,Karapetyan,customer3196@example.com,Abovyan,2025-03-05,55.0,Tatev Karapetyan
C13197,Sona,Stepanyan,customer3197@example.com,Armavir,2024-08-15,58.0,Sona Stepanyan
C13198,Karen,Vardanyan,customer3198@example.com,Abovyan,2024-08-14,62.0,Karen Vardanyan
C13199,Suren,Sargsyan,customer3199@example.com,Etchmiadzin,2023-08-22,26.0,Suren Sargsyan
C13200,Arsen,Petrosyan,customer3200@example.com,Yerevan,2025-01-08,30.0,Arsen Petrosyan
C13201,Mariam,Stepanyan,customer3201@example.com,Yerevan,2023-02-22,,Mariam Stepanyan
C13202,Karen,Petrosyan,customer3202@example.com,Abovyan,2024-08-20,31.0,Karen Petrosyan
C13203,Mariam,Hakobyan,customer3203@example.com,Yerevan,2024-05-06,54.0,Mariam Hakobyan
C13204,Mane,Vardanyan,customer3204@example.com,Kapan,2023-06-24,26.0,Mane Vardanyan
C13205,David,Ghazaryan,customer3205@example.com,Yerevan,2024-06-20,25.0,David Ghazaryan
C13206,Suren,Vardanyan,customer3206@example.com,Yerevan,2024-10-06,56.0,Suren Vardanyan
C13207,Lusine,Mkrtchyan,customer3207@example.com,Yerevan,2025-01-08,57.0,Lusine Mkrtchyan
C13208,Eva,Stepanyan,customer3208@example.com,Artashat,2024-09-26,20.0,Eva Stepanyan
C13209,Lusine,Hakobyan,customer3209@example.com,Yerevan,2025-03-04,64.0,Lusine Hakobyan
C13210,Karen,Hakobyan,customer3210@example.com,Yerevan,2025-05-11,57.0,Karen Hakobyan
C13211,Hayk,Harutyunyan,customer3211@example.com,Yerevan,2024-01-25,50.0,Hayk Harutyunyan
C13212,Lusine,Martirosyan,customer3212@example.com,Vagharshapat,2023-06-01,49.0,Lusine Martirosyan
C13213,Karen,Stepanyan,customer3213@example.com,Yerevan,2025-04-21,24.0,Karen Stepanyan
C13214,Sona,Martirosyan,customer3214@example.com,Yerevan,2024-11-28,36.0,Sona Martirosyan
C13215,David,Stepanyan,customer3215@example.com,Yerevan,2023-09-06,51.0,David Stepanyan
C13216,Hayk,Mkrtchyan,customer3216@example.com,Hrazdan,2023-02-02,31.0,Hayk Mkrtchyan
C13217,Narek,Harutyunyan,customer3217@example.com,Yerevan,2024-08-09,64.0,Narek Harutyunyan
C13218,Suren,Vardanyan,customer3218@example.com,Yerevan,2024-12-18,63.0,Suren Vardanyan
C13219,Mane,Karapetyan,customer3219@example.com,Yerevan,2023-04-23,36.0,Mane Karapetyan
C13220,Ani,Hovhannisyan,customer3220@example.com,Vanadzor,2023-07-15,43.0,Ani Hovhannisyan
C13221,Mane,Harutyunyan,customer3221@example.com,Hrazdan,2023-01-20,34.0,Mane Harutyunyan
C13222,Saro,Hakobyan,customer3222@example.com,Gyumri,2024-03-27,45.0,Saro Hakobyan
C13223,David,Petrosyan,customer3223@example.com,Artashat,2023-11-18,36.0,David Petrosyan
C13224,Mariam,Manukyan,customer3224@example.com,Artashat,2024-03-04,44.0,Mariam Manukyan
C13225,Suren,Vardanyan,customer3225@example.com,Yerevan,2023-06-05,65.0,Suren Vardanyan
C13226,Arman,Mkrtchyan,customer3226@example.com,Etchmiadzin,2024-02-27,36.0,Arman Mkrtchyan
C13227,Arman,Karapetyan,customer3227@example.com,Hrazdan,2024-12-08,50.0,Arman Karapetyan
C13228,Karen,Vardanyan,customer3228@example.com,Armavir,2023-07-28,24.0,Karen Vardanyan
C13229,Eva,Stepanyan,customer3229@example.com,Yerevan,2024-02-25,46.0,Eva Stepanyan
C13230,Saro,Sargsyan,customer3230@example.com,Gyumri,2024-05-28,60.0,Saro Sargsyan
C13231,Tatev,Manukyan,customer3231@example.com,Yerevan,2025-03-04,22.0,Tatev Manukyan
C13232,Saro,Stepanyan,customer3232@example.com,Kapan,2024-09-18,47.0,Saro Stepanyan
C13233,Lusine,Manukyan,customer3233@example.com,Yerevan,2025-07-31,60.0,Lusine Manukyan
C13234,Hayk,Harutyunyan,customer3234@example.com,Yerevan,2024-04-27,25.0,Hayk Harutyunyan
C13235,Mikael,Grigoryan,,Yerevan,2025-06-12,59.0,Mikael Grigoryan
C13236,Suren,Manukyan,customer3236@example.com,Yerevan,2025-05-18,29.0,Suren Manukyan
C13237,Saro,Hakobyan,customer3237@example.com,Vanadzor,2025-01-23,59.0,Saro Hakobyan
C13238,Narek,Avetisyan,customer3238@example.com,Yerevan,2025-01-14,30.0,Narek Avetisyan
C13239,Lusine,Petrosyan,customer3239@example.com,Yerevan,2023-03-05,43.0,Lusine Petrosyan
C13240,Ani,Hovhannisyan,customer3240@example.com,Armavir,2024-12-23,35.0,Ani Hovhannisyan
C13241,Gor,Petrosyan,customer3241@example.com,Yerevan,2023-05-22,59.0,Gor Petrosyan
C13242,Eva,Avetisyan,customer3242@example.com,Hrazdan,2024-06-15,37.0,Eva Avetisyan
C13243,Mane,Martirosyan,customer3243@example.com,Yerevan,2023-08-01,33.0,Mane Martirosyan
C13244,Tatev,Hakobyan,customer3244@example.com,Yerevan,2024-07-28,54.0,Tatev Hakobyan
C13245,Narek,Sargsyan,customer3245@example.com,Vagharshapat,2023-11-29,20.0,Narek Sargsyan
C13246,Ani,Manukyan,customer3246@example.com,Hrazdan,2024-11-09,44.0,Ani Manukyan
C13247,Suren,Martirosyan,customer3247@example.com,Yerevan,2024-05-04,32.0,Suren Martirosyan
C13248,Mane,Hakobyan,customer3248@example.com,Artashat,2024-06-22,51.0,Mane Hakobyan
C13249,Lusine,Vardanyan,customer3249@example.com,Armavir,2024-01-21,62.0,Lusine Vardanyan
C13250,Arman,Harutyunyan,customer3250@example.com,Dilijan,2023-11-18,39.0,Arman Harutyunyan
C13251,Eva,Petrosyan,customer3251@example.com,Yerevan,2023-06-27,57.0,Eva Petrosyan
C13252,David,Martirosyan,customer3252@example.com,Yerevan,2024-04-15,40.0,David Martirosyan
C13253,Nare,Mkrtchyan,customer3253@example.com,Vanadzor,2025-07-23,21.0,Nare Mkrtchyan
C13254,Saro,Manukyan,customer3254@example.com,Abovyan,2024-06-29,58.0,Saro Manukyan
C13255,Saro,Manukyan,customer3255@example.com,Yerevan,2023-12-17,40.0,Saro Manukyan
C13256,Suren,Sargsyan,customer3256@example.com,Etchmiadzin,2024-07-13,64.0,Suren Sargsyan
C13257,Narek,Grigoryan,customer3257@example.com,Yerevan,2023-12-29,26.0,Narek Grigoryan
C13258,Gor,Mkrtchyan,customer3258@example.com,Gyumri,2024-11-23,41.0,Gor Mkrtchyan
C13259,Lusine,Manukyan,customer3259@example.com,Yerevan,2025-03-01,38.0,Lusine Manukyan
C13260,Narek,Karapetyan,,Hrazdan,2025-06-07,58.0,Narek Karapetyan
C13261,Mikael,Mkrtchyan,customer3261@example.com,Yerevan,2025-01-08,63.0,Mikael Mkrtchyan
C13262,Lilit,Manukyan,customer3262@example.com,Etchmiadzin,2024-11-28,33.0,Lilit Manukyan
C13263,David,Avetisyan,customer3263@example.com,Vanadzor,2024-10-20,42.0,David Avetisyan
C13264,Anna,Mkrtchyan,customer3264@example.com,Etchmiadzin,2025-04-02,43.0,Anna Mkrtchyan
C13265,Eva,Hakobyan,customer3265@example.com,Dilijan,2024-12-10,62.0,Eva Hakobyan
C13266,Mikael,Mkrtchyan,,Abovyan,2023-09-28,26.0,Mikael Mkrtchyan
C13267,Karen,Hovhannisyan,,Dilijan,2024-09-16,32.0,Karen Hovhannisyan
C13268,Arsen,Sargsyan,customer3268@example.com,Yerevan,2024-05-10,56.0,Arsen Sargsyan
C13269,Anna,Harutyunyan,customer3269@example.com,Yerevan,2023-07-16,50.0,Anna Harutyunyan
C13270,Suren,Harutyunyan,customer3270@example.com,Yerevan,2023-09-10,18.0,Suren Harutyunyan
C13271,David,Harutyunyan,customer3271@example.com,Yerevan,2023-10-13,22.0,David Harutyunyan
C13272,Lilit,Hakobyan,customer3272@example.com,Kapan,2024-07-25,26.0,Lilit Hakobyan
C13273,David,Martirosyan,customer3273@example.com,Yerevan,2023-11-02,61.0,David Martirosyan
C13274,Tatev,Stepanyan,customer3274@example.com,Gyumri,2023-08-19,23.0,Tatev Stepanyan
C13275,Karen,Harutyunyan,customer3275@example.com,Vanadzor,2023-11-01,45.0,Karen Harutyunyan
C13276,Narek,Hovhannisyan,customer3276@example.com,Vanadzor,2025-02-28,62.0,Narek Hovhannisyan
C13277,Tatev,Vardanyan,customer3277@example.com,Gyumri,2023-10-23,43.0,Tatev Vardanyan
C13278,Arman,Petrosyan,customer3278@example.com,Etchmiadzin,2024-12-22,45.0,Arman Petrosyan
C13279,Mariam,Hakobyan,customer3279@example.com,Yerevan,2023-08-01,57.0,Mariam Hakobyan
C13280,Mikael,Martirosyan,customer3280@example.com,Yerevan,2024-12-07,32.0,Mikael Martirosyan
C13281,David,Petrosyan,customer3281@example.com,Vanadzor,2024-12-22,23.0,David Petrosyan
C13282,David,Petrosyan,customer3282@example.com,Abovyan,2024-05-15,44.0,David Petrosyan
C13283,Hayk,Petrosyan,customer3283@example.com,Yerevan,2023-11-21,55.0,Hayk Petrosyan
C13284,Mane,Karapetyan,customer3284@example.com,Armavir,2024-05-06,21.0,Mane Karapetyan
C13285,Ani,Sargsyan,customer3285@example.com,Yerevan,2023-12-24,28.0,Ani Sargsyan
C13286,Arman,Sargsyan,customer3286@example.com,Yerevan,2024-07-27,38.0,Arman Sargsyan
C13287,Tatev,Stepanyan,customer3287@example.com,Yerevan,2025-03-25,47.0,Tatev Stepanyan
C13288,Tatev,Hakobyan,customer3288@example.com,Vanadzor,2025-01-08,35.0,Tatev Hakobyan
C13289,Tatev,Hovhannisyan,customer3289@example.com,Abovyan,2023-10-08,52.0,Tatev Hovhannisyan
C13290,Mariam,Hovhannisyan,customer3290@example.com,Yerevan,2023-10-22,20.0,Mariam Hovhannisyan
C13291,David,Hovhannisyan,customer3291@example.com,Yerevan,2023-05-05,29.0,David Hovhannisyan
C13292,Sona,Petrosyan,customer3292@example.com,Etchmiadzin,2024-08-10,44.0,Sona Petrosyan
C13293,Lilit,Ghazaryan,customer3293@example.com,Yerevan,2024-11-23,47.0,Lilit Ghazaryan
C13294,Arman,Avetisyan,customer3294@example.com,Yerevan,2024-07-10,38.0,Arman Avetisyan
C13295,Karen,Mkrtchyan,customer3295@example.com,Abovyan,2024-01-24,55.0,Karen Mkrtchyan
C13296,Anna,Martirosyan,customer3296@example.com,Yerevan,2025-07-06,38.0,Anna Martirosyan
C13297,Hayk,Sargsyan,customer3297@example.com,Armavir,2024-02-09,55.0,Hayk Sargsyan
C13298,Suren,Ghazaryan,customer3298@example.com,Yerevan,2025-04-18,57.0,Suren Ghazaryan
C13299,Suren,Harutyunyan,customer3299@example.com,Abovyan,2023-12-20,32.0,Suren Harutyunyan
C13300,Sona,Vardanyan,customer3300@example.com,Gyumri,2025-03-02,35.0,Sona Vardanyan
C13301,Ani,Hakobyan,customer3301@example.com,Kapan,2025-04-03,46.0,Ani Hakobyan
C13302,Arman,Martirosyan,customer3302@example.com,Yerevan,2023-05-30,65.0,Arman Martirosyan
C13303,Mane,Hakobyan,customer3303@example.com,Abovyan,2023-10-25,55.0,Mane Hakobyan
C13304,Anna,Avetisyan,customer3304@example.com,Vanadzor,2023-02-13,38.0,Anna Avetisyan
C13305,Tatev,Karapetyan,customer3305@example.com,Gyumri,2023-10-22,34.0,Tatev Karapetyan
C13306,Lusine,Karapetyan,customer3306@example.com,Gyumri,2025-01-01,58.0,Lusine Karapetyan
C13307,Gor,Petrosyan,customer3307@example.com,Hrazdan,2023-03-22,35.0,Gor Petrosyan
C13308,Suren,Stepanyan,customer3308@example.com,Artashat,2023-12-21,54.0,Suren Stepanyan
C13309,Eva,Karapetyan,customer3309@example.com,Yerevan,2025-08-04,55.0,Eva Karapetyan
C13310,Gor,Hakobyan,customer3310@example.com,Yerevan,2024-03-28,29.0,Gor Hakobyan
C13311,Arsen,Harutyunyan,customer3311@example.com,Etchmiadzin,2024-11-02,28.0,Arsen Harutyunyan
C13312,Tatev,Stepanyan,customer3312@example.com,Yerevan,2023-09-20,65.0,Tatev Stepanyan
C13313,Narek,Petrosyan,customer3313@example.com,Dilijan,2025-02-04,37.0,Narek Petrosyan
C13314,Hayk,Manukyan,customer3314@example.com,Vanadzor,2024-05-05,26.0,Hayk Manukyan
C13315,Mariam,Hovhannisyan,customer3315@example.com,Abovyan,2023-08-08,18.0,Mariam Hovhannisyan
C13316,Lusine,Martirosyan,customer3316@example.com,Yerevan,2023-07-26,20.0,Lusine Martirosyan
C13317,Arman,Stepanyan,customer3317@example.com,Yerevan,2025-04-27,38.0,Arman Stepanyan
C13318,Arsen,Avetisyan,customer3318@example.com,Abovyan,2024-07-05,40.0,Arsen Avetisyan
C13319,Gor,Petrosyan,customer3319@example.com,Armavir,2023-10-05,26.0,Gor Petrosyan
C13320,Anna,Hakobyan,customer3320@example.com,Dilijan,2024-07-29,36.0,Anna Hakobyan
C13321,Anna,Martirosyan,customer3321@example.com,Yerevan,2024-12-13,62.0,Anna Martirosyan
C13322,Eva,Harutyunyan,customer3322@example.com,Yerevan,2023-10-06,63.0,Eva Harutyunyan
C13323,Hayk,Grigoryan,customer3323@example.com,Yerevan,2023-05-21,36.0,Hayk Grigoryan
C13324,Lusine,Vardanyan,customer3324@example.com,Kapan,2023-04-22,40.0,Lusine Vardanyan
C13325,Suren,Avetisyan,customer3325@example.com,Yerevan,2024-09-22,44.0,Suren Avetisyan
C13326,Nare,Hakobyan,customer3326@example.com,Yerevan,2025-01-28,44.0,Nare Hakobyan
C13327,Mane,Avetisyan,customer3327@example.com,Yerevan,2024-08-23,56.0,Mane Avetisyan
C13328,Arman,Sargsyan,customer3328@example.com,Yerevan,2023-09-03,53.0,Arman Sargsyan
C13329,Hayk,Grigoryan,customer3329@example.com,Dilijan,2023-09-06,29.0,Hayk Grigoryan
C13330,Ani,Martirosyan,customer3330@example.com,Gyumri,2023-02-21,44.0,Ani Martirosyan
C13331,Nare,Karapetyan,customer3331@example.com,Yerevan,2024-11-16,63.0,Nare Karapetyan
C13332,Mikael,Hakobyan,customer3332@example.com,Yerevan,2025-07-15,51.0,Mikael Hakobyan
C13333,Eva,Avetisyan,customer3333@example.com,Yerevan,2024-06-27,50.0,Eva Avetisyan
C13334,Lusine,Martirosyan,customer3334@example.com,Yerevan,2023-08-20,,Lusine Martirosyan
C13335,Sona,Karapetyan,customer3335@example.com,Yerevan,2024-10-15,48.0,Sona Karapetyan
C13336,Suren,Harutyunyan,customer3336@example.com,Abovyan,2023-08-27,49.0,Suren Harutyunyan
C13337,Gor,Harutyunyan,customer3337@example.com,Yerevan,2023-02-23,37.0,Gor Harutyunyan
C13338,Eva,Avetisyan,customer3338@example.com,Yerevan,2023-04-13,57.0,Eva Avetisyan
C13339,David,Petrosyan,customer3339@example.com,Yerevan,2024-02-28,52.0,David Petrosyan
C13340,Mariam,Sargsyan,customer3340@example.com,Hrazdan,2023-12-05,48.0,Mariam Sargsyan
C13341,Narek,Vardanyan,customer3341@example.com,Vanadzor,2025-01-04,48.0,Narek Vardanyan
C13342,Hayk,Petrosyan,,Abovyan,2024-04-28,55.0,Hayk Petrosyan
C13343,Lilit,Sargsyan,customer3343@example.com,Vanadzor,2023-04-13,39.0,Lilit Sargsyan
C13344,Ani,Hakobyan,customer3344@example.com,Abovyan,2024-11-28,62.0,Ani Hakobyan
C13345,Lilit,Hovhannisyan,customer3345@example.com,Yerevan,2025-02-28,58.0,Lilit Hovhannisyan
C13346,Nare,Stepanyan,customer3346@example.com,Artashat,2023-05-21,26.0,Nare Stepanyan
C13347,Suren,Manukyan,customer3347@example.com,Yerevan,2023-01-06,26.0,Suren Manukyan
C13348,Mikael,Avetisyan,customer3348@example.com,Yerevan,2024-07-17,32.0,Mikael Avetisyan
C13349,Mikael,Vardanyan,customer3349@example.com,Etchmiadzin,2023-06-11,30.0,Mikael Vardanyan
C13350,Mane,Mkrtchyan,customer3350@example.com,Yerevan,2024-02-21,39.0,Mane Mkrtchyan
C13351,Arman,Hovhannisyan,customer3351@example.com,Artashat,2024-10-30,-5.0,Arman Hovhannisyan
C13352,Tatev,Ghazaryan,customer3352@example.com,Gyumri,2025-06-20,49.0,Tatev Ghazaryan
C13353,Lilit,Avetisyan,customer3353@example.com,Armavir,2025-06-18,19.0,Lilit Avetisyan
C13354,Arman,Grigoryan,customer3354@example.com,Etchmiadzin,2024-05-02,43.0,Arman Grigoryan
C13355,Eva,Karapetyan,customer3355@example.com,Dilijan,2024-05-03,31.0,Eva Karapetyan
C13356,Saro,Grigoryan,customer3356@example.com,Artashat,2024-10-28,55.0,Saro Grigoryan
C13357,David,Harutyunyan,customer3357@example.com,Armavir,2023-07-24,51.0,David Harutyunyan
C13358,Mane,Sargsyan,,Hrazdan,2025-02-13,25.0,Mane Sargsyan
C13359,Sona,Karapetyan,customer3359@example.com,Yerevan,2023-10-22,53.0,Sona Karapetyan
C13360,Ani,Hovhannisyan,customer3360@example.com,Yerevan,2023-11-25,,Ani Hovhannisyan
C13361,Sona,Harutyunyan,customer3361@example.com,Abovyan,2023-10-20,63.0,Sona Harutyunyan
C13362,Tatev,Karapetyan,customer3362@example.com,Dilijan,2024-10-23,60.0,Tatev Karapetyan
C13363,Arman,Petrosyan,customer3363@example.com,Hrazdan,2023-03-02,45.0,Arman Petrosyan
C13364,Sona,Harutyunyan,customer3364@example.com,Artashat,2025-07-18,63.0,Sona Harutyunyan
C13365,Anna,Petrosyan,customer3365@example.com,Etchmiadzin,2025-02-26,61.0,Anna Petrosyan
C13366,David,Petrosyan,customer3366@example.com,Yerevan,2023-04-02,65.0,David Petrosyan
C13367,Mariam,Karapetyan,customer3367@example.com,Yerevan,2024-10-29,23.0,Mariam Karapetyan
C13368,Mariam,Martirosyan,customer3368@example.com,Yerevan,2024-08-10,37.0,Mariam Martirosyan
C13369,Tatev,Grigoryan,customer3369@example.com,Yerevan,2023-08-26,48.0,Tatev Grigoryan
C13370,Eva,Harutyunyan,customer3370@example.com,Vanadzor,2024-07-01,50.0,Eva Harutyunyan
C13371,Suren,Mkrtchyan,customer3371@example.com,Dilijan,2025-01-26,61.0,Suren Mkrtchyan
C13372,Arman,Martirosyan,customer3372@example.com,Hrazdan,2025-01-10,24.0,Arman Martirosyan
C13373,Sona,Ghazaryan,customer3373@example.com,Yerevan,2025-05-20,25.0,Sona Ghazaryan
C13374,David,Grigoryan,customer3374@example.com,Yerevan,2023-02-08,26.0,David Grigoryan
C13375,Narek,Vardanyan,customer3375@example.com,Yerevan,2025-07-24,19.0,Narek Vardanyan
C13376,Nare,Vardanyan,customer3376@example.com,Gyumri,2025-08-01,34.0,Nare Vardanyan
C13377,Karen,Stepanyan,customer3377@example.com,Yerevan,2023-06-29,62.0,Karen Stepanyan
C13378,Mane,Harutyunyan,customer3378@example.com,Yerevan,2024-03-03,,Mane Harutyunyan
C13379,Eva,Hovhannisyan,customer3379@example.com,Yerevan,2025-06-22,59.0,Eva Hovhannisyan
C13380,David,Sargsyan,customer3380@example.com,Yerevan,2025-05-07,61.0,David Sargsyan
C13381,Lusine,Vardanyan,,Armavir,2023-06-30,34.0,Lusine Vardanyan
C13382,Suren,Stepanyan,customer3382@example.com,Yerevan,2025-07-30,55.0,Suren Stepanyan
C13383,Lilit,Grigoryan,customer3383@example.com,Yerevan,2023-02-07,52.0,Lilit Grigoryan
C13384,Gor,Mkrtchyan,customer3384@example.com,Yerevan,2025-05-06,64.0,Gor Mkrtchyan
C13385,Gor,Avetisyan,customer3385@example.com,Yerevan,2024-02-11,56.0,Gor Avetisyan
C13386,Tatev,Hakobyan,customer3386@example.com,Abovyan,2025-03-17,47.0,Tatev Hakobyan
C13387,Saro,Petrosyan,customer3387@example.com,Hrazdan,2024-05-22,23.0,Saro Petrosyan
C13388,Mane,Vardanyan,customer3388@example.com,Gyumri,2023-07-10,21.0,Mane Vardanyan
C13389,Tatev,Hakobyan,customer3389@example.com,Abovyan,2025-02-05,54.0,Tatev Hakobyan
C13390,Sona,Martirosyan,customer3390@example.com,Yerevan,2025-06-12,52.0,Sona Martirosyan
C13391,Sona,Avetisyan,customer3391@example.com,Abovyan,2025-08-06,26.0,Sona Avetisyan
C13392,Arman,Petrosyan,customer3392@example.com,Yerevan,2023-10-24,23.0,Arman Petrosyan
C13393,Eva,Harutyunyan,customer3393@example.com,Yerevan,2025-06-16,30.0,Eva Harutyunyan
C13394,Mane,Vardanyan,customer3394@example.com,Etchmiadzin,2023-02-08,39.0,Mane Vardanyan
C13395,Mane,Martirosyan,customer3395@example.com,Etchmiadzin,2023-01-10,45.0,Mane Martirosyan
C13396,Ani,Mkrtchyan,customer3396@example.com,Hrazdan,2023-11-02,47.0,Ani Mkrtchyan
C13397,Lusine,Vardanyan,customer3397@example.com,Yerevan,2024-08-04,53.0,Lusine Vardanyan
C13398,Eva,Karapetyan,customer3398@example.com,Yerevan,2024-09-09,19.0,Eva Karapetyan
C13399,Nare,Harutyunyan,customer3399@example.com,Dilijan,2023-04-20,53.0,Nare Harutyunyan
C13400,Hayk,Grigoryan,customer3400@example.com,Yerevan,2025-08-08,25.0,Hayk Grigoryan
C13401,Eva,Karapetyan,customer3401@example.com,Yerevan,2023-12-10,62.0,Eva Karapetyan
C13402,David,Martirosyan,customer3402@example.com,Yerevan,2023-10-19,59.0,David Martirosyan
C13403,Arsen,Grigoryan,customer3403@example.com,Yerevan,2024-04-10,26.0,Arsen Grigoryan
C13404,Karen,Mkrtchyan,customer3404@example.com,Yerevan,2024-10-18,18.0,Karen Mkrtchyan
C13405,Lusine,Ghazaryan,customer3405@example.com,Gyumri,2024-07-10,30.0,Lusine Ghazaryan
C13406,Karen,Hakobyan,,Gyumri,2024-06-20,32.0,Karen Hakobyan
C13407,Narek,Grigoryan,customer3407@example.com,Armavir,2024-05-20,49.0,Narek Grigoryan
C13408,Nare,Hakobyan,,Yerevan,2025-06-29,51.0,Nare Hakobyan
C13409,Nare,Stepanyan,customer3409@example.com,Yerevan,2023-05-18,60.0,Nare Stepanyan
C13410,David,Petrosyan,customer3410@example.com,Vanadzor,2025-05-21,48.0,David Petrosyan
C13411,Mane,Sargsyan,customer3411@example.com,Vanadzor,2024-05-31,31.0,Mane Sargsyan
C13412,Ani,Manukyan,customer3412@example.com,Gyumri,2024-04-24,64.0,Ani Manukyan
C13413,Karen,Stepanyan,customer3413@example.com,Etchmiadzin,2023-10-07,31.0,Karen Stepanyan
C13414,Hayk,Harutyunyan,customer3414@example.com,Yerevan,2023-07-17,65.0,Hayk Harutyunyan
C13415,Mariam,Manukyan,customer3415@example.com,Etchmiadzin,2025-04-08,46.0,Mariam Manukyan
C13416,Eva,Petrosyan,customer3416@example.com,Gyumri,2023-04-26,64.0,Eva Petrosyan
C13417,Arsen,Grigoryan,customer3417@example.com,Yerevan,2023-12-05,36.0,Arsen Grigoryan
C13418,Narek,Petrosyan,customer3418@example.com,Armavir,2023-06-16,44.0,Narek Petrosyan
C13419,Hayk,Hovhannisyan,customer3419@example.com,Abovyan,2025-01-18,26.0,Hayk Hovhannisyan
C13420,Hayk,Manukyan,customer3420@example.com,Yerevan,2024-04-14,54.0,Hayk Manukyan
C13421,Karen,Manukyan,customer3421@example.com,Yerevan,2024-10-25,54.0,Karen Manukyan
C13422,Arsen,Ghazaryan,customer3422@example.com,Yerevan,2023-09-21,60.0,Arsen Ghazaryan
C13423,Gor,Hovhannisyan,customer3423@example.com,Vanadzor,2025-01-05,45.0,Gor Hovhannisyan
C13424,Arsen,Stepanyan,customer3424@example.com,Yerevan,2023-07-10,41.0,Arsen Stepanyan
C13425,Tatev,Harutyunyan,customer3425@example.com,Yerevan,2023-01-15,45.0,Tatev Harutyunyan
C13426,Anna,Karapetyan,customer3426@example.com,Yerevan,2025-01-24,53.0,Anna Karapetyan
C13427,Hayk,Avetisyan,customer3427@example.com,Hrazdan,2023-12-12,35.0,Hayk Avetisyan
C13428,Sona,Ghazaryan,customer3428@example.com,Etchmiadzin,2025-03-20,42.0,Sona Ghazaryan
C13429,Suren,Petrosyan,customer3429@example.com,Etchmiadzin,2023-10-30,52.0,Suren Petrosyan
C13430,Tatev,Sargsyan,customer3430@example.com,Yerevan,2024-08-04,21.0,Tatev Sargsyan
C13431,Mane,Avetisyan,customer3431@example.com,Armavir,2024-11-21,31.0,Mane Avetisyan
C13432,Suren,Hovhannisyan,customer3432@example.com,Abovyan,2025-02-14,56.0,Suren Hovhannisyan
C13433,Ani,Petrosyan,customer3433@example.com,Armavir,2023-07-17,43.0,Ani Petrosyan
C13434,Lusine,Mkrtchyan,customer3434@example.com,Yerevan,2023-06-29,25.0,Lusine Mkrtchyan
C13435,Mikael,Hovhannisyan,customer3435@example.com,Yerevan,2024-09-17,41.0,Mikael Hovhannisyan
C13436,Mane,Martirosyan,customer3436@example.com,Etchmiadzin,2025-05-26,33.0,Mane Martirosyan
C13437,Tatev,Martirosyan,customer3437@example.com,Yerevan,2024-10-16,37.0,Tatev Martirosyan
C13438,Karen,Ghazaryan,customer3438@example.com,Gyumri,2025-07-07,32.0,Karen Ghazaryan
C13439,Mane,Manukyan,customer3439@example.com,Kapan,2024-02-20,24.0,Mane Manukyan
C13440,Suren,Martirosyan,customer3440@example.com,Kapan,2025-04-26,34.0,Suren Martirosyan
C13441,Hayk,Ghazaryan,customer3441@example.com,Artashat,2024-03-13,39.0,Hayk Ghazaryan
C13442,David,Hakobyan,customer3442@example.com,Abovyan,2024-06-11,39.0,David Hakobyan
C13443,Mikael,Vardanyan,customer3443@example.com,Yerevan,2023-12-02,29.0,Mikael Vardanyan
C13444,Arman,Stepanyan,customer3444@example.com,Yerevan,2023-03-30,35.0,Arman Stepanyan
C13445,Anna,Sargsyan,customer3445@example.com,Gyumri,2024-02-15,63.0,Anna Sargsyan
C13446,Mikael,Vardanyan,customer3446@example.com,Gyumri,2024-11-16,64.0,Mikael Vardanyan
C13447,Suren,Vardanyan,customer3447@example.com,Yerevan,2023-04-08,32.0,Suren Vardanyan
C13448,Mane,Martirosyan,customer3448@example.com,Yerevan,2023-07-09,54.0,Mane Martirosyan
C13449,Narek,Grigoryan,customer3449@example.com,Vanadzor,2023-05-24,33.0,Narek Grigoryan
C13450,Karen,Hakobyan,customer3450@example.com,Hrazdan,2024-05-03,22.0,Karen Hakobyan
C13451,Saro,Avetisyan,customer3451@example.com,Dilijan,2023-11-28,19.0,Saro Avetisyan
C13452,Hayk,Hakobyan,customer3452@example.com,Hrazdan,2023-09-12,45.0,Hayk Hakobyan
C13453,Karen,Stepanyan,customer3453@example.com,Etchmiadzin,2023-01-07,58.0,Karen Stepanyan
C13454,Hayk,Petrosyan,customer3454@example.com,Vanadzor,2023-09-25,44.0,Hayk Petrosyan
C13455,Arman,Manukyan,customer3455@example.com,Dilijan,2024-01-28,48.0,Arman Manukyan
C13456,Suren,Ghazaryan,customer3456@example.com,Vanadzor,2023-08-30,58.0,Suren Ghazaryan
C13457,Saro,Harutyunyan,customer3457@example.com,Kapan,2024-04-02,53.0,Saro Harutyunyan
C13458,Mariam,Harutyunyan,customer3458@example.com,Artashat,2025-02-10,64.0,Mariam Harutyunyan
C13459,Lusine,Mkrtchyan,customer3459@example.com,Artashat,2023-10-01,60.0,Lusine Mkrtchyan
C13460,Mane,Sargsyan,customer3460@example.com,Yerevan,2023-12-04,18.0,Mane Sargsyan
C13461,Mane,Petrosyan,customer3461@example.com,Yerevan,2023-11-06,46.0,Mane Petrosyan
C13462,Mikael,Harutyunyan,customer3462@example.com,Yerevan,2024-08-19,18.0,Mikael Harutyunyan
C13463,Mariam,Manukyan,customer3463@example.com,Yerevan,2025-01-10,25.0,Mariam Manukyan
C13464,Mariam,Avetisyan,customer3464@example.com,Yerevan,2024-08-09,33.0,Mariam Avetisyan
C13465,Sona,Harutyunyan,customer3465@example.com,Yerevan,2023-01-12,45.0,Sona Harutyunyan
C13466,Tatev,Grigoryan,customer3466@example.com,Yerevan,2023-09-25,39.0,Tatev Grigoryan
C13467,Gor,Hakobyan,customer3467@example.com,Gyumri,2024-10-31,35.0,Gor Hakobyan
C13468,Sona,Harutyunyan,customer3468@example.com,Hrazdan,2024-01-04,39.0,Sona Harutyunyan
C13469,Arman,Stepanyan,customer3469@example.com,Yerevan,2024-12-10,58.0,Arman Stepanyan
C13470,Eva,Petrosyan,customer3470@example.com,Abovyan,2023-08-30,29.0,Eva Petrosyan
C13471,Ani,Martirosyan,customer3471@example.com,Abovyan,2023-03-05,36.0,Ani Martirosyan
C13472,Mane,Martirosyan,customer3472@example.com,Vanadzor,2024-11-14,42.0,Mane Martirosyan
C13473,Lilit,Avetisyan,customer3473@example.com,Armavir,2023-05-02,22.0,Lilit Avetisyan
C13474,Lusine,Stepanyan,customer3474@example.com,Yerevan,2024-04-21,51.0,Lusine Stepanyan
C13475,Nare,Martirosyan,customer3475@example.com,Yerevan,2023-11-11,56.0,Nare Martirosyan
C13476,Karen,Ghazaryan,customer3476@example.com,Yerevan,2023-06-13,27.0,Karen Ghazaryan
C13477,Suren,Hovhannisyan,customer3477@example.com,Yerevan,2024-02-20,64.0,Suren Hovhannisyan
C13478,David,Avetisyan,customer3478@example.com,Vanadzor,2024-12-03,24.0,David Avetisyan
C13479,Narek,Petrosyan,customer3479@example.com,Yerevan,2024-05-29,54.0,Narek Petrosyan
C13480,Gor,Sargsyan,customer3480@example.com,Yerevan,2025-08-03,64.0,Gor Sargsyan
C13481,Arman,Stepanyan,customer3481@example.com,Yerevan,2025-07-05,32.0,Arman Stepanyan
C13482,Narek,Martirosyan,customer3482@example.com,Yerevan,2025-06-28,59.0,Narek Martirosyan
C13483,Gor,Hovhannisyan,customer3483@example.com,Vanadzor,2024-12-21,41.0,Gor Hovhannisyan
C13484,Mane,Mkrtchyan,customer3484@example.com,Vanadzor,2025-02-27,43.0,Mane Mkrtchyan
C13485,Gor,Manukyan,customer3485@example.com,Yerevan,2023-11-15,43.0,Gor Manukyan
C13486,Sona,Stepanyan,customer3486@example.com,Yerevan,2024-12-07,63.0,Sona Stepanyan
C13487,Mariam,Hakobyan,customer3487@example.com,Yerevan,2023-05-01,43.0,Mariam Hakobyan
C13488,Sona,Martirosyan,customer3488@example.com,Yerevan,2024-10-16,27.0,Sona Martirosyan
C13489,Mikael,Avetisyan,customer3489@example.com,Armavir,2025-07-27,34.0,Mikael Avetisyan
C13490,Narek,Petrosyan,customer3490@example.com,Yerevan,2023-10-30,31.0,Narek Petrosyan
C13491,Anna,Martirosyan,customer3491@example.com,Hrazdan,2024-01-12,19.0,Anna Martirosyan
C13492,Suren,Harutyunyan,customer3492@example.com,Armavir,2024-09-21,65.0,Suren Harutyunyan
C13493,Tatev,Martirosyan,customer3493@example.com,Yerevan,2023-08-15,30.0,Tatev Martirosyan
C13494,Tatev,Vardanyan,,Yerevan,2023-08-13,44.0,Tatev Vardanyan
C13495,Gor,Stepanyan,customer3495@example.com,Dilijan,2023-05-17,26.0,Gor Stepanyan
C13496,Arman,Avetisyan,customer3496@example.com,Kapan,2024-05-04,24.0,Arman Avetisyan
C13497,David,Grigoryan,customer3497@example.com,Gyumri,2023-06-06,65.0,David Grigoryan
C13498,Mariam,Grigoryan,customer3498@example.com,Hrazdan,2024-04-10,27.0,Mariam Grigoryan
C13499,Saro,Martirosyan,customer3499@example.com,Kapan,2025-02-04,26.0,Saro Martirosyan
