return_id,order_id,return_date,return_reason,refund_amount
R30000,O121629,2025-04-06,Not As Described,131.8
R30001,O118524,2025-04-07,Changed Mind,52.14
R30002,O105552,2025-02-16,Late Delivery,128.33
R30003,O101581,2025-05-20,Damaged,242.62
R30004,O112555,2025-04-18,Size Issue,6.31
R30005,O118803,2025-02-22,Size Issue,170.87
R30006,O109479,2025-01-14,Wrong Item,82.76
R30007,O107486,2025-06-10,Wrong Item,189.48
R30008,O104896,2025-06-22,Damaged,307.52
R30009,O106222,2025-02-24,Not As Described,8.32
R30010,O114914,2025-06-04,Late Delivery,106.11
R30011,O109808,2025-06-18,Damaged,51.66
R30012,O102840,2025-05-12,Late Delivery,319.39
R30013,O102548,2025-03-12,Not As Described,170.87
R30014,O112318,2025-04-06,Size Issue,182.71
R30015,O102343,2025-02-09,Changed Mind,15.66
R30016,O101648,2025-04-13,Size Issue,277.49
R30017,O113203,2025-06-14,Size Issue,348.79
R30018,O114653,2025-04-08,Wrong Item,326.09
R30019,O107678,2025-06-25,Changed Mind,70.48
R30020,O101440,2025-07-01,Not As Described,256.95
R30021,O117246,2025-03-03,Damaged,347.06
R30022,O106506,2025-03-09,Damaged,176.37
R30023,O107080,2025-02-14,Size Issue,137.09
R30024,O101421,2025-02-20,Wrong Item,37.72
R30025,O114139,2025-02-15,Changed Mind,89.26
R30026,O105865,2025-06-20,Size Issue,51.28
R30027,O109805,2025-07-04,Wrong Item,260.81
R30028,O109896,2025-05-01,Changed Mind,80.11
R30029,O103215,2025-03-07,Not As Described,220.97
R30030,O119594,2025-06-14,Changed Mind,145.15
R30031,O107092,2025-02-25,Damaged,7.1
R30032,O100315,2025-05-21,Not As Described,337.67
R30033,O114164,2025-06-11,Late Delivery,257.45
R30034,O103776,2025-06-12,Damaged,63.3
R30035,O108262,2025-02-21,Wrong Item,180.83
R30036,O111740,2025-01-08,Wrong Item,320.5
R30038,O115705,2025-04-11,Not As Described,44.22
R30039,O110251,2025-05-09,Changed Mind,331.91
R30040,O113743,2025-07-03,Wrong Item,302.71
R30041,O112728,2025-07-04,Damaged,287.65
R30043,O110988,2025-04-08,Size Issue,252.26
R30044,O118909,2025-03-06,Late Delivery,263.89
R30045,O106763,2025-02-10,Late Delivery,175.27
R30046,O103188,2025-03-07,Changed Mind,20.49
R30047,O106008,2025-04-26,Not As Described,67.01
R30048,O107356,2025-04-27,Late Delivery,136.4
R30049,O103014,2025-01-30,Changed Mind,324.47
R30050,O107757,2025-05-17,Not As Described,140.66
R30051,O110955,2025-04-07,Not As Described,267.61
R30052,O105804,2025-01-16,Size Issue,205.51
R30053,O105887,2025-05-08,Late Delivery,24.91
R30054,O121373,2025-04-19,Wrong Item,263.58
R30055,O110429,2025-01-31,Changed Mind,216.1
R30056,O118418,2025-01-20,Changed Mind,346.68
R30057,O110725,2025-05-29,Wrong Item,62.25
R30058,O121774,2025-05-05,Late Delivery,163.75
R30059,O101585,2025-01-19,Changed Mind,71.97
R30060,O121706,2025-05-18,Late Delivery,274.7
R30061,O118619,2025-02-24,Not As Described,279.34
R30062,O104091,2025-04-17,Size Issue,119.97
R30063,O116535,2025-06-12,Not As Described,40.77
R30065,O121491,2025-02-07,Changed Mind,142.89
R30066,O115457,2025-05-17,Wrong Item,7.01
R30067,O105490,2025-02-17,Changed Mind,35.86
R30068,O111546,2025-02-28,Changed Mind,147.92
R30069,O119866,2025-04-15,Size Issue,312.39
R30070,O102328,2025-01-17,Changed Mind,17.62
R30071,O119821,2025-02-02,Wrong Item,130.18
R30072,O103418,2025-01-11,Damaged,331.42
R30073,O101587,2025-05-13,Wrong Item,191.64
R30074,O106158,2025-02-08,Changed Mind,310.58
R30075,O110640,2025-02-16,Late Delivery,342.1
R30076,O112112,2025-04-19,Size Issue,224.49
R30077,O113485,2025-02-02,Damaged,98.54
R30078,O112718,2025-04-08,Size Issue,347.27
R30079,O119866,2025-06-22,Not As Described,166.77
R30080,O102875,2025-05-29,Not As Described,127.62
R30081,O119733,2025-03-05,Wrong Item,82.08
R30082,O102349,2025-05-30,Damaged,126.31
R30083,O108318,2025-06-30,Damaged,236.85
R30084,O118966,2025-05-31,Changed Mind,92.47
R30085,O112727,2025-06-18,Size Issue,148.08
R30086,O121422,2025-02-23,Size Issue,86.98
R30087,O101425,2025-01-30,Late Delivery,147.73
R30088,O106254,2025-05-14,Late Delivery,70.53
R30089,O106177,2025-06-27,Wrong Item,307.31
R30090,O101116,2025-06-18,Damaged,258.0
R30091,O112284,2025-04-29,Not As Described,154.77
R30092,O121765,2025-03-16,Damaged,346.04
R30093,O105386,2025-05-24,Not As Described,234.19
R30094,O105690,2025-03-15,Damaged,233.33
R30095,O105124,2025-04-21,Late Delivery,217.97
R30097,O119041,2025-02-28,Changed Mind,78.85
R30098,O120532,2025-04-01,Size Issue,156.63
R30099,O106158,2025-05-01,Wrong Item,286.67
R30100,O115285,2025-03-16,Wrong Item,91.28
R30101,O105896,2025-02-10,Late Delivery,275.5
R30102,O115013,2025-02-14,Damaged,10.65
R30103,O116495,2025-03-02,Changed Mind,212.09
R30104,O103558,2025-03-04,Changed Mind,208.63
R30105,O100525,2025-07-03,Damaged,231.5
R30106,O115825,2025-02-16,Changed Mind,317.02
R30107,O110946,2025-02-13,Late Delivery,249.9
R30108,O113324,2025-02-18,Changed Mind,252.99
R30109,O101176,2025-05-18,Late Delivery,174.97
R30110,O114010,2025-01-12,Changed Mind,91.39
R30111,O117253,2025-06-19,Changed Mind,338.87
R30112,O101581,2025-02-04,Not As Described,145.6
R30113,O115910,2025-06-12,Changed Mind,269.34
R30114,O115541,2025-03-23,Size Issue,302.62
R30115,O109746,2025-03-13,Late Delivery,265.72
R30116,O110933,2025-02-16,Changed Mind,32.61
R30117,O115544,2025-04-06,Damaged,270.97
R30118,O113123,2025-05-31,Damaged,51.98
R30119,O121613,2025-06-28,Late Delivery,132.5
R30120,O108001,2025-06-01,Wrong Item,172.32
R30121,O103016,2025-02-16,Wrong Item,195.14
R30122,O106552,2025-06-27,Damaged,212.8
R30123,O109441,2025-07-02,Size Issue,85.61
R30124,O121054,2025-06-18,Wrong Item,243.67
R30125,O117184,2025-02-24,Size Issue,156.62
R30126,O117784,2025-02-22,Size Issue,124.0
R30127,O108791,2025-04-08,Changed Mind,247.65
R30128,O103687,2025-04-21,Changed Mind,339.08
R30129,O115943,2025-01-22,Size Issue,171.67
R30130,O117359,2025-04-14,Changed Mind,199.69
R30131,O101215,2025-02-23,Changed Mind,77.78
R30132,O116646,2025-06-15,Damaged,195.34
R30133,O108045,2025-04-04,Changed Mind,68.82
R30134,O117386,2025-03-03,Wrong Item,125.46
R30135,O103920,2025-04-13,Damaged,243.31
R30136,O103850,2025-06-24,Late Delivery,338.98
R30137,O112158,2025-01-20,Size Issue,127.69
R30138,O103498,2025-04-17,Late Delivery,316.91
R30139,O100418,2025-03-11,Not As Described,293.49
R30140,O116644,2025-06-19,Size Issue,192.84
R30141,O115076,2025-05-10,Not As Described,6.85
R30142,O120328,2025-03-11,Not As Described,139.12
R30143,O105766,2025-01-25,Late Delivery,256.06
R30144,O105212,2025-06-22,Damaged,114.26
R30145,O102822,2025-02-06,Late Delivery,296.65
R30146,O109328,2025-05-24,Late Delivery,110.65
R30147,O105899,2025-01-22,Late Delivery,140.29
R30148,O112726,2025-03-18,Damaged,336.2
R30149,O116082,2025-04-19,Wrong Item,255.95
R30150,O115976,2025-07-02,Damaged,52.42
R30151,O121951,2025-05-13,Size Issue,240.57
R30152,O104428,2025-03-19,Size Issue,208.08
R30153,O107417,2025-02-03,Wrong Item,300.4
R30154,O111059,2025-03-09,Changed Mind,94.38
R30155,O120556,2025-01-09,Late Delivery,222.32
R30156,O121464,2025-05-12,Damaged,87.07
R30157,O111524,2025-06-28,Changed Mind,294.0
R30158,O101240,2025-03-29,Size Issue,188.38
R30159,O115999,2025-03-07,Not As Described,299.43
R30160,O101865,2025-05-31,Not As Described,198.64
R30161,O109835,2025-03-27,Damaged,338.31
R30162,O118520,2025-02-08,Size Issue,74.87
R30163,O120591,2025-06-24,Late Delivery,146.52
R30164,O113899,2025-05-31,Wrong Item,183.08
R30165,O117600,2025-03-31,Wrong Item,295.18
R30166,O109314,2025-02-15,Size Issue,6.86
R30167,O103728,2025-01-11,Changed Mind,245.78
R30168,O106650,2025-06-25,Changed Mind,16.65
R30169,O117597,2025-01-26,Changed Mind,111.33
R30170,O113015,2025-03-05,Changed Mind,177.2
R30171,O111078,2025-04-16,Changed Mind,251.66
R30172,O105962,2025-02-21,Late Delivery,56.6
R30173,O103900,2025-04-20,Wrong Item,62.66
R30174,O111744,2025-06-26,Late Delivery,224.32
R30175,O100079,2025-01-22,Not As Described,41.25
R30176,O120512,2025-05-18,Wrong Item,121.4
R30177,O101495,2025-03-22,Changed Mind,159.78
R30178,O112011,2025-06-26,Not As Described,184.68
R30179,O115417,2025-04-20,Late Delivery,46.84
R30180,O101060,2025-03-07,Damaged,152.02
R30181,O111501,2025-06-03,Wrong Item,52.4
R30182,O107811,2025-05-09,Changed Mind,177.08
R30183,O120239,2025-06-25,Size Issue,224.88
R30184,O116408,2025-04-11,Wrong Item,275.9
R30185,O102309,2025-04-16,Damaged,156.22
R30186,O114432,2025-01-24,Damaged,325.68
R30187,O115501,2025-03-29,Not As Described,99.97
R30188,O102173,2025-03-19,Size Issue,285.42
R30189,O112836,2025-05-09,Size Issue,113.48
R30190,O113034,2025-01-19,Changed Mind,208.69
R30191,O106148,2025-04-10,Not As Described,148.92
R30192,O121284,2025-03-30,Changed Mind,15.61
R30193,O108726,2025-03-13,Changed Mind,83.38
R30194,O117989,2025-06-02,Late Delivery,151.36
R30195,O115106,2025-01-26,Changed Mind,32.34
R30196,O104261,2025-02-21,Late Delivery,69.35
R30197,O105978,2025-06-17,Late Delivery,106.5
R30198,O113846,2025-06-25,Not As Described,126.47
R30199,O119952,2025-01-25,Wrong Item,140.6
R30200,O108356,2025-04-12,Size Issue,26.65
R30201,O103623,2025-01-30,Size Issue,311.32
R30202,O101018,2025-04-27,Late Delivery,149.83
R30203,O115753,2025-03-17,Damaged,90.9
R30204,O107801,2025-01-26,Late Delivery,5.33
R30205,O119038,2025-01-27,Not As Described,100.02
R30206,O121935,2025-06-01,Changed Mind,54.3
R30207,O116922,2025-06-29,Not As Described,18.34
R30208,O121526,2025-04-05,Wrong Item,11.01
R30209,O120930,2025-04-02,Not As Described,322.87
R30210,O103297,2025-04-27,Late Delivery,49.57
R30211,O118457,2025-03-18,Size Issue,242.11
R30212,O117355,2025-01-12,Damaged,306.43
R30213,O106355,2025-06-02,Not As Described,172.64
R30214,O112181,2025-06-28,Wrong Item,78.45
R30215,O105035,2025-01-31,Changed Mind,83.9
R30216,O116155,2025-06-04,Late Delivery,219.63
R30217,O118892,2025-04-14,Changed Mind,236.97
R30218,O114866,2025-06-08,Size Issue,349.86
R30219,O114938,2025-03-03,Damaged,334.95
R30220,O121758,2025-06-08,Not As Described,27.92
R30221,O116388,2025-03-31,Late Delivery,158.68
R30222,O102561,2025-05-03,Size Issue,165.82
R30223,O107051,2025-05-28,Not As Described,229.4
R30224,O101037,2025-05-15,Changed Mind,266.93
R30225,O107450,2025-04-09,Not As Described,249.92
R30226,O112240,2025-02-24,Wrong Item,322.31
R30227,O116321,2025-01-23,Wrong Item,261.63
R30228,O112606,2025-05-10,Size Issue,114.48
R30229,O106483,2025-01-08,Size Issue,51.16
R30230,O114190,2025-02-12,Size Issue,224.09
R30231,O100606,2025-01-12,Changed Mind,111.68
R30232,O108154,2025-03-13,Size Issue,136.72
R30233,O103492,2025-02-20,Size Issue,270.27
R30234,O101200,2025-04-29,Changed Mind,200.04
R30235,O114223,2025-02-17,Damaged,274.13
R30236,O106150,2025-06-27,Damaged,173.54
R30237,O106933,2025-01-11,Wrong Item,202.18
R30238,O110495,2025-01-26,Not As Described,285.26
R30239,O102903,2025-06-16,Changed Mind,149.35
R30240,O113015,2025-06-23,Not As Described,34.76
R30241,O100476,2025-05-15,Damaged,173.18
R30242,O115847,2025-02-01,Damaged,293.55
R30243,O107005,2025-02-11,Damaged,106.02
R30244,O108031,2025-06-26,Damaged,338.21
R30245,O119700,2025-01-30,Not As Described,271.56
R30246,O114048,2025-02-15,Damaged,223.49
R30247,O105652,2025-03-27,Damaged,242.64
R30248,O103126,2025-01-26,Damaged,254.32
R30249,O111956,2025-02-28,Changed Mind,327.34
R30250,O108269,2025-06-03,Changed Mind,118.76
R30251,O109995,2025-03-11,Wrong Item,55.97
R30252,O115876,2025-04-28,Late Delivery,113.05
R30253,O108812,2025-06-15,Size Issue,279.64
R30254,O114544,2025-04-21,Size Issue,48.9
R30255,O109124,2025-05-06,Damaged,333.98
R30256,O100170,2025-05-24,Wrong Item,167.42
R30257,O113935,2025-06-02,Changed Mind,253.65
R30258,O115694,2025-06-22,Late Delivery,78.75
R30259,O107206,2025-05-04,Not As Described,222.1
R30260,O104591,2025-04-21,Changed Mind,176.07
R30261,O106171,2025-01-17,Changed Mind,157.74
R30262,O114140,2025-06-01,Changed Mind,69.38
R30263,O120271,2025-05-21,Wrong Item,151.46
R30264,O111040,2025-05-09,Not As Described,172.63
R30265,O119279,2025-03-04,Wrong Item,145.31
R30266,O113055,2025-01-26,Changed Mind,56.29
R30267,O108045,2025-02-19,Not As Described,132.55
R30268,O115436,2025-04-27,Changed Mind,104.08
R30269,O110175,2025-05-13,Not As Described,340.92
R30270,O109514,2025-05-11,Not As Described,119.09
R30271,O107691,2025-03-08,Not As Described,178.89
R30272,O119072,2025-01-28,Size Issue,331.7
R30273,O117864,2025-06-11,Late Delivery,328.83
R30274,O110686,2025-02-24,Size Issue,191.95
R30275,O104344,2025-02-10,Damaged,90.26
R30276,O109297,2025-04-30,Size Issue,20.98
R30277,O119534,2025-06-23,Not As Described,9.08
R30278,O109089,2025-04-17,Size Issue,158.89
R30279,O120639,2025-06-29,Not As Described,322.99
R30280,O120156,2025-01-15,Damaged,216.15
R30281,O112090,2025-05-05,Not As Described,97.42
R30282,O118847,2025-04-04,Changed Mind,120.16
R30283,O120775,2025-06-04,Size Issue,261.91
R30284,O108346,2025-05-23,Not As Described,173.39
R30285,O103926,2025-05-24,Changed Mind,42.39
R30286,O117629,2025-06-16,Size Issue,187.02
R30287,O112549,2025-05-09,Wrong Item,167.3
R30288,O104139,2025-06-23,Size Issue,291.39
R30289,O113119,2025-05-27,Late Delivery,166.44
R30290,O100872,2025-04-25,Damaged,160.74
R30291,O105559,2025-04-08,Damaged,222.74
R30292,O101466,2025-03-09,Size Issue,61.43
R30293,O118690,2025-06-20,Size Issue,200.41
R30294,O110251,2025-03-02,Size Issue,19.9
R30295,O111624,2025-06-18,Changed Mind,330.89
R30296,O118580,2025-07-02,Not As Described,280.73
R30297,O111550,2025-06-03,Size Issue,299.79
R30298,O110820,2025-07-04,Wrong Item,245.54
R30299,O103133,2025-03-28,Not As Described,42.76
R30300,O112372,2025-02-28,Wrong Item,305.41
R30301,O108907,2025-02-06,Late Delivery,67.43
R30302,O111059,2025-06-11,Changed Mind,22.31
R30303,O100821,2025-01-31,Damaged,68.28
R30304,O113538,2025-06-18,Changed Mind,147.14
R30305,O120632,2025-04-15,Wrong Item,321.9
R30306,O112507,2025-04-02,Wrong Item,336.36
R30307,O103998,2025-03-28,Wrong Item,144.41
R30308,O114123,2025-02-25,Wrong Item,275.01
R30309,O102054,2025-01-15,Late Delivery,118.66
R30310,O101263,2025-05-19,Damaged,212.41
R30311,O120219,2025-06-29,Late Delivery,68.09
R30312,O107904,2025-06-05,Damaged,161.76
R30313,O100787,2025-06-20,Not As Described,125.64
R30314,O114868,2025-04-03,Damaged,252.73
R30315,O108104,2025-02-23,Wrong Item,178.05
R30316,O104156,2025-03-08,Not As Described,272.02
R30317,O109127,2025-02-08,Not As Described,67.8
R30318,O112222,2025-02-14,Size Issue,237.14
R30319,O101753,2025-01-19,Not As Described,203.24
R30320,O103969,2025-02-17,Damaged,294.74
R30321,O107454,2025-02-07,Late Delivery,133.07
R30322,O111649,2025-06-07,Not As Described,256.63
R30323,O112641,2025-01-25,Changed Mind,309.33
R30324,O106295,2025-04-08,Not As Described,133.62
R30325,O107574,2025-01-14,Damaged,72.77
R30326,O103411,2025-04-07,Not As Described,207.9
R30327,O107277,2025-05-12,Wrong Item,155.59
R30328,O104296,2025-04-14,Wrong Item,92.43
R30329,O103318,2025-03-18,Late Delivery,49.69
R30330,O112411,2025-03-21,Not As Described,165.94
R30331,O118361,2025-06-01,Wrong Item,238.78
R30332,O107712,2025-06-20,Not As Described,121.24
R30333,O101142,2025-05-04,Size Issue,53.87
R30334,O112482,2025-03-21,Wrong Item,212.17
R30335,O114014,2025-05-10,Changed Mind,160.85
R30336,O102659,2025-01-09,Not As Described,205.3
R30337,O121327,2025-01-20,Size Issue,160.23
R30338,O100626,2025-01-08,Size Issue,138.46
R30339,O104551,2025-02-12,Changed Mind,191.99
R30340,O111153,2025-04-25,Late Delivery,40.3
R30341,O118904,2025-05-31,Changed Mind,107.77
R30342,O115606,2025-05-06,Damaged,159.84
R30343,O120404,2025-04-19,Changed Mind,338.97
R30344,O104916,2025-03-27,Late Delivery,104.99
R30345,O112180,2025-03-28,Late Delivery,344.92
R30346,O106899,2025-05-27,Wrong Item,326.22
R30347,O107440,2025-06-27,Damaged,93.18
R30348,O115475,2025-04-29,Wrong Item,239.64
R30349,O105245,2025-05-15,Late Delivery,109.63
R30350,O113741,2025-04-20,Size Issue,8.49
R30351,O118568,2025-03-25,Wrong Item,56.68
R30352,O104405,2025-06-03,Not As Described,226.04
R30353,O116666,2025-05-02,Wrong Item,72.34
R30354,O111766,2025-06-08,Late Delivery,251.19
R30355,O100017,2025-05-03,Wrong Item,143.85
R30356,O103502,2025-03-28,Damaged,215.42
R30357,O120688,2025-01-30,Wrong Item,263.22
R30358,O106221,2025-04-25,Not As Described,153.82
R30359,O115647,2025-02-28,Not As Described,197.99
R30360,O108978,2025-04-16,Wrong Item,39.1
R30361,O110386,2025-04-06,Changed Mind,45.8
R30362,O120773,2025-04-27,Changed Mind,320.54
R30363,O107103,2025-07-03,Not As Described,27.16
R30364,O112435,2025-01-16,Size Issue,184.96
R30365,O107330,2025-03-14,Not As Described,184.8
R30366,O102431,2025-04-02,Damaged,104.84
R30367,O112145,2025-01-16,Late Delivery,258.14
R30368,O104451,2025-01-13,Size Issue,132.29
R30369,O112601,2025-04-22,Size Issue,165.09
R30370,O103763,2025-03-11,Not As Described,203.01
R30371,O104760,2025-04-08,Size Issue,74.35
R30372,O108679,2025-03-29,Size Issue,271.07
R30373,O117242,2025-03-05,Changed Mind,224.38
R30374,O117155,2025-05-08,Changed Mind,121.39
R30375,O110867,2025-02-27,Late Delivery,279.76
R30376,O102643,2025-01-17,Damaged,266.82
R30377,O105768,2025-06-07,Damaged,191.74
R30378,O107104,2025-04-16,Wrong Item,345.18
R30379,O100212,2025-03-18,Late Delivery,205.54
R30380,O104247,2025-06-01,Not As Described,336.42
R30381,O104334,2025-04-27,Not As Described,60.68
R30382,O114648,2025-06-14,Size Issue,228.61
R30383,O111370,2025-02-24,Changed Mind,162.61
R30384,O115009,2025-05-06,Size Issue,78.94
R30385,O116692,2025-04-30,Late Delivery,250.7
R30386,O110168,2025-01-28,Not As Described,216.19
R30387,O120141,2025-02-05,Size Issue,95.25
R30388,O101146,2025-06-19,Size Issue,303.8
R30389,O100895,2025-06-01,Size Issue,92.5
R30390,O113745,2025-06-23,Wrong Item,273.69
R30391,O118710,2025-04-09,Changed Mind,94.6
R30392,O110526,2025-02-12,Damaged,340.63
R30393,O107607,2025-06-02,Size Issue,236.96
R30394,O118874,2025-04-15,Size Issue,307.21
R30395,O100730,2025-03-06,Not As Described,258.24
R30396,O117498,2025-03-31,Damaged,310.86
R30397,O115785,2025-03-01,Wrong Item,299.83
R30398,O114626,2025-01-20,Wrong Item,303.98
R30399,O121864,2025-07-04,Damaged,260.16
R30400,O108369,2025-04-12,Not As Described,21.48
R30401,O116789,2025-06-08,Not As Described,99.01
R30402,O115457,2025-05-07,Size Issue,330.0
R30403,O106059,2025-01-10,Wrong Item,17.17
R30404,O109288,2025-02-22,Size Issue,49.72
R30405,O110974,2025-04-12,Not As Described,104.96
R30406,O116144,2025-04-07,Not As Described,176.26
R30407,O118703,2025-02-05,Late Delivery,49.07
R30408,O114691,2025-02-18,Not As Described,237.08
R30409,O114761,2025-05-23,Damaged,50.5
R30410,O113285,2025-02-18,Late Delivery,45.87
R30411,O100001,2025-05-06,Late Delivery,78.3
R30412,O113348,2025-04-23,Damaged,266.51
R30413,O101058,2025-06-29,Not As Described,145.98
R30414,O110803,2025-03-01,Damaged,108.62
R30415,O101906,2025-04-27,Wrong Item,165.32
R30416,O110301,2025-03-25,Changed Mind,20.62
R30417,O113257,2025-03-09,Damaged,249.95
R30418,O113956,2025-01-28,Damaged,119.07
R30419,O117589,2025-03-29,Not As Described,313.01
R30420,O119179,2025-06-14,Changed Mind,141.01
R30421,O116572,2025-03-23,Damaged,216.27
R30422,O104295,2025-05-22,Size Issue,154.54
R30423,O111632,2025-06-15,Wrong Item,301.32
R30424,O110355,2025-05-31,Not As Described,313.83
R30425,O116743,2025-06-02,Damaged,269.9
R30426,O118072,2025-04-03,Size Issue,12.37
R30427,O100341,2025-06-13,Wrong Item,28.0
R30428,O106923,2025-04-18,Late Delivery,255.35
R30429,O101744,2025-04-07,Not As Described,315.94
R30430,O117402,2025-03-21,Changed Mind,96.44
R30431,O101251,2025-04-23,Not As Described,246.39
R30432,O112859,2025-06-25,Wrong Item,247.61
R30433,O112174,2025-04-29,Late Delivery,289.9
R30434,O113789,2025-03-12,Size Issue,39.86
R30435,O108337,2025-03-25,Late Delivery,222.56
R30436,O104698,2025-04-02,Damaged,303.78
R30437,O119765,2025-03-16,Size Issue,133.19
R30438,O119082,2025-03-23,Wrong Item,301.25
R30439,O119319,2025-03-05,Damaged,324.99
R30440,O105442,2025-03-27,Late Delivery,211.13
R30441,O109380,2025-03-14,Damaged,279.29
R30442,O104376,2025-01-26,Late Delivery,19.43
R30443,O114085,2025-03-27,Not As Described,123.23
R30444,O117506,2025-06-13,Wrong Item,209.01
R30445,O105445,2025-02-08,Wrong Item,106.9
R30446,O117698,2025-04-19,Size Issue,146.22
R30447,O117208,2025-06-02,Changed Mind,306.97
R30448,O118557,2025-06-11,Changed Mind,156.83
R30449,O109658,2025-06-07,Not As Described,266.24
R30451,O101769,2025-06-12,Changed Mind,109.64
R30452,O111931,2025-03-11,Size Issue,242.24
R30453,O109611,2025-03-15,Wrong Item,75.74
R30454,O102166,2025-03-19,Size Issue,254.12
R30455,O104816,2025-06-05,Late Delivery,325.48
R30456,O116748,2025-05-03,Damaged,142.35
R30457,O113033,2025-03-21,Changed Mind,235.95
R30458,O112368,2025-03-06,Not As Described,211.61
R30459,O121555,2025-06-04,Wrong Item,94.11
R30460,O112367,2025-03-18,Wrong Item,26.21
R30461,O104592,2025-04-22,Changed Mind,254.45
R30462,O102538,2025-03-16,Not As Described,121.51
R30463,O118052,2025-01-12,Changed Mind,282.14
R30464,O112252,2025-05-22,Wrong Item,44.5
R30465,O109502,2025-06-30,Wrong Item,41.13
R30466,O100312,2025-06-25,Size Issue,275.22
R30467,O121977,2025-05-31,Changed Mind,287.23
R30468,O116491,2025-02-20,Size Issue,41.69
R30469,O103213,2025-02-14,Not As Described,161.3
R30470,O116309,2025-03-06,Wrong Item,294.54
R30471,O106326,2025-01-20,Damaged,42.54
R30472,O100266,2025-06-08,Not As Described,12.74
R30473,O117524,2025-04-02,Size Issue,233.08
R30474,O121524,2025-05-16,Wrong Item,95.55
R30475,O113532,2025-04-25,Changed Mind,128.1
R30476,O106306,2025-02-09,Not As Described,84.06
R30477,O107344,2025-06-11,Changed Mind,6.74
R30478,O104523,2025-05-10,Not As Described,148.19
R30479,O112955,2025-03-04,Late Delivery,91.47
R30480,O100365,2025-06-04,Not As Described,326.06
R30481,O107127,2025-06-28,Damaged,96.28
R30482,O106720,2025-05-24,Not As Described,11.91
R30483,O116504,2025-06-21,Size Issue,64.21
R30484,O110269,2025-05-21,Size Issue,333.34
R30485,O101479,2025-06-06,Not As Described,160.74
R30486,O108655,2025-03-18,Changed Mind,345.39
R30487,O121416,2025-02-02,Wrong Item,26.24
R30488,O114536,2025-03-12,Late Delivery,268.04
R30489,O109079,2025-02-17,Size Issue,213.4
R30490,O116349,2025-02-03,Changed Mind,341.76
R30491,O105027,2025-01-10,Late Delivery,32.2
R30492,O112378,2025-06-03,Late Delivery,274.38
R30493,O102241,2025-05-02,Size Issue,322.69
R30494,O116463,2025-02-10,Changed Mind,8.27
R30495,O107277,2025-01-23,Size Issue,176.37
R30496,O103602,2025-07-03,Wrong Item,212.7
R30497,O117379,2025-02-21,Changed Mind,78.17
R30498,O105990,2025-02-06,Not As Described,127.48
R30499,O109578,2025-05-10,Not As Described,271.72
R30500,O120225,2025-01-19,Late Delivery,41.1
R30501,O117872,2025-05-10,Damaged,107.55
R30502,O102701,2025-04-01,Damaged,285.47
R30503,O111093,2025-03-26,Wrong Item,7.96
R30504,O116123,2025-05-20,Damaged,290.68
R30505,O116168,2025-04-07,Size Issue,253.53
R30506,O108882,2025-02-26,Wrong Item,182.14
R30507,O111602,2025-03-22,Late Delivery,248.66
R30508,O118321,2025-06-18,Wrong Item,246.01
R30509,O108500,2025-04-23,Wrong Item,22.67
R30510,O114171,2025-04-12,Not As Described,206.36
R30512,O113053,2025-05-08,Changed Mind,290.44
R30513,O120781,2025-06-06,Late Delivery,46.92
R30514,O117306,2025-02-10,Size Issue,56.43
R30515,O118567,2025-02-09,Damaged,38.63
R30516,O107931,2025-01-17,Not As Described,199.95
R30517,O107547,2025-03-11,Not As Described,290.16
R30518,O117526,2025-01-10,Not As Described,278.69
R30519,O103286,2025-01-18,Not As Described,333.26
R30520,O120407,2025-03-26,Late Delivery,29.59
R30521,O115930,2025-03-20,Changed Mind,225.85
R30522,O100934,2025-06-02,Changed Mind,71.78
R30523,O118601,2025-04-28,Late Delivery,78.86
R30524,O116235,2025-03-26,Size Issue,57.45
R30525,O112476,2025-04-15,Changed Mind,61.32
R30526,O114798,2025-01-24,Size Issue,208.65
R30527,O118162,2025-02-14,Wrong Item,15.45
R30528,O117927,2025-06-13,Late Delivery,241.53
R30529,O114795,2025-03-06,Late Delivery,298.78
R30530,O105385,2025-06-02,Not As Described,202.5
R30531,O113629,2025-01-21,Wrong Item,325.14
R30532,O110851,2025-01-15,Size Issue,259.11
R30533,O117076,2025-02-13,Late Delivery,337.9
R30534,O108576,2025-04-09,Not As Described,305.17
R30535,O121992,2025-02-04,Not As Described,301.27
R30536,O101401,2025-02-11,Size Issue,288.44
R30537,O120726,2025-02-06,Size Issue,349.02
R30539,O108366,2025-05-06,Damaged,304.85
R30540,O109010,2025-04-03,Size Issue,333.93
R30541,O108106,2025-04-18,Changed Mind,83.33
R30542,O100590,2025-04-09,Size Issue,245.31
R30543,O112687,2025-05-23,Changed Mind,343.71
R30544,O121327,2025-06-09,Wrong Item,69.26
R30545,O116315,2025-04-18,Damaged,291.31
R30546,O102085,2025-02-25,Damaged,26.0
R30547,O106920,2025-04-02,Not As Described,102.52
R30548,O119403,2025-06-06,Size Issue,295.35
R30549,O101437,2025-04-04,Not As Described,303.21
R30550,O108777,2025-06-17,Late Delivery,341.38
R30551,O102772,2025-06-30,Damaged,218.01
R30552,O113085,2025-05-08,Late Delivery,85.8
R30553,O111497,2025-01-08,Damaged,246.38
R30554,O107211,2025-05-30,Size Issue,104.65
R30555,O102638,2025-04-28,Late Delivery,144.0
R30556,O110537,2025-01-28,Changed Mind,321.24
R30557,O117596,2025-06-03,Damaged,6.44
R30558,O120048,2025-06-13,Wrong Item,297.86
R30559,O111800,2025-03-04,Late Delivery,151.01
R30560,O103887,2025-01-25,Not As Described,215.73
R30561,O110092,2025-03-15,Not As Described,271.01
R30562,O100567,2025-04-10,Changed Mind,282.91
R30563,O114584,2025-05-29,Not As Described,25.96
R30564,O115858,2025-03-25,Wrong Item,63.62
R30565,O101530,2025-02-25,Late Delivery,255.33
R30566,O108489,2025-03-15,Late Delivery,24.72
R30568,O102570,2025-04-19,Damaged,82.06
R30569,O100947,2025-04-17,Size Issue,306.2
R30570,O110494,2025-03-05,Wrong Item,100.5
R30571,O114879,2025-01-29,Changed Mind,278.5
R30572,O112638,2025-01-26,Damaged,199.97
R30573,O111915,2025-03-06,Damaged,269.02
R30574,O117465,2025-05-26,Damaged,182.07
R30575,O119686,2025-05-28,Changed Mind,84.71
R30576,O120772,2025-04-12,Damaged,320.04
R30577,O112188,2025-01-20,Changed Mind,342.99
R30578,O109273,2025-03-01,Damaged,42.5
R30579,O105456,2025-03-24,Damaged,18.46
R30580,O118343,2025-02-23,Not As Described,38.42
R30581,O109110,2025-02-25,Changed Mind,276.09
R30582,O116864,2025-04-22,Damaged,141.72
R30583,O100806,2025-02-17,Late Delivery,184.2
R30584,O105507,2025-06-28,Changed Mind,51.64
R30585,O106368,2025-02-11,Wrong Item,272.71
R30586,O117670,2025-01-16,Size Issue,79.7
R30587,O102952,2025-03-12,Changed Mind,242.51
R30588,O101672,2025-02-26,Late Delivery,8.56
R30589,O104356,2025-03-28,Changed Mind,323.47
R30590,O120236,2025-05-05,Changed Mind,121.97
R30591,O103991,2025-03-23,Damaged,290.93
R30592,O102784,2025-02-23,Size Issue,25.75
R30593,O120871,2025-03-16,Late Delivery,287.8
R30594,O121246,2025-04-22,Wrong Item,118.74
R30595,O102257,2025-03-02,Size Issue,100.27
R30596,O116223,2025-06-24,Late Delivery,194.76
R30597,O120061,2025-02-04,Size Issue,40.78
R30598,O106883,2025-01-12,Size Issue,66.76
R30599,O102564,2025-03-26,Damaged,344.17
R30600,O111494,2025-03-08,Changed Mind,183.58
R30601,O110748,2025-06-26,Damaged,330.24
R30602,O106044,2025-05-03,Late Delivery,157.7
R30603,O103837,2025-06-05,Not As Described,7.76
R30604,O120129,2025-04-24,Not As Described,258.52
R30605,O107740,2025-05-17,Wrong Item,117.82
R30606,O111388,2025-07-04,Wrong Item,304.1
R30607,O101709,2025-06-29,Size Issue,332.32
R30608,O100868,2025-06-25,Changed Mind,346.1
R30609,O108773,2025-04-19,Damaged,203.03
R30610,O115861,2025-05-26,Wrong Item,298.47
R30611,O100090,2025-01-15,Damaged,126.6
R30612,O121409,2025-01-16,Wrong Item,185.13
R30613,O106305,2025-05-29,Wrong Item,233.71
R30614,O103184,2025-06-23,Size Issue,331.76
R30615,O116806,2025-03-29,Damaged,335.23
R30616,O113082,2025-02-13,Damaged,177.56
R30617,O106231,2025-06-02,Size Issue,252.79
R30618,O111822,2025-03-20,Not As Described,224.48
R30619,O120061,2025-04-15,Not As Described,55.74
R30620,O110566,2025-06-06,Wrong Item,20.67
R30621,O118602,2025-01-20,Size Issue,76.83
R30622,O101141,2025-02-16,Changed Mind,94.88
R30623,O117337,2025-06-24,Damaged,181.53
R30624,O118602,2025-01-30,Damaged,30.99
R30625,O101764,2025-06-22,Damaged,234.2
R30626,O103922,2025-06-26,Wrong Item,125.47
R30627,O100017,2025-05-12,Changed Mind,318.43
R30628,O103245,2025-04-30,Size Issue,82.56
R30629,O110267,2025-03-22,Damaged,116.65
R30630,O101683,2025-01-24,Size Issue,172.13
R30631,O103469,2025-05-07,Wrong Item,292.82
R30632,O107553,2025-03-16,Damaged,274.71
R30633,O109399,2025-02-25,Size Issue,299.74
R30634,O110142,2025-01-17,Wrong Item,214.81
R30635,O107698,2025-03-26,Changed Mind,74.32
R30636,O121375,2025-03-02,Changed Mind,244.49
R30637,O120648,2025-03-30,Wrong Item,167.02
R30638,O104108,2025-01-22,Late Delivery,302.98
R30639,O105879,2025-02-16,Damaged,232.35
R30640,O111324,2025-03-07,Not As Described,108.97
R30641,O113530,2025-05-25,Size Issue,328.83
R30642,O113252,2025-04-11,Damaged,286.51
R30643,O116843,2025-01-20,Size Issue,33.28
R30644,O116450,2025-02-18,Damaged,64.85
R30645,O116667,2025-02-18,Not As Described,142.09
R30646,O108496,2025-05-31,Damaged,318.4
R30647,O104627,2025-06-13,Wrong Item,321.12
R30648,O115527,2025-03-20,Late Delivery,301.64
R30649,O111185,2025-04-26,Not As Described,216.61
R30650,O105125,2025-04-18,Not As Described,193.77
R30651,O117846,2025-04-04,Wrong Item,54.11
R30652,O113465,2025-02-23,Changed Mind,334.94
R30653,O106482,2025-05-02,Not As Described,176.08
R30654,O107106,2025-04-04,Changed Mind,256.92
R30655,O120534,2025-02-17,Wrong Item,7.03
R30656,O110225,2025-02-27,Not As Described,98.03
R30657,O120154,2025-02-28,Late Delivery,324.03
R30658,O114751,2025-02-11,Not As Described,249.7
R30659,O100348,2025-05-21,Late Delivery,51.41
R30660,O115640,2025-02-16,Wrong Item,329.3
R30661,O106347,2025-06-16,Damaged,266.18
R30662,O118463,2025-03-08,Not As Described,87.72
R30663,O119239,2025-01-10,Wrong Item,292.23
R30664,O120586,2025-02-11,Not As Described,48.05
R30665,O120639,2025-01-12,Size Issue,144.76
R30666,O113090,2025-02-11,Changed Mind,86.89
R30667,O121228,2025-04-02,Size Issue,81.41
R30668,O119733,2025-04-20,Damaged,341.24
R30669,O106225,2025-06-03,Changed Mind,163.75
R30670,O103774,2025-02-04,Changed Mind,235.21
R30671,O102630,2025-03-04,Damaged,278.24
R30672,O114785,2025-03-01,Wrong Item,118.96
R30673,O121672,2025-01-10,Changed Mind,249.47
R30674,O113039,2025-03-07,Late Delivery,122.74
R30675,O101422,2025-01-13,Size Issue,62.19
R30676,O113311,2025-03-05,Wrong Item,260.41
R30677,O113156,2025-02-27,Damaged,70.69
R30678,O120346,2025-03-13,Wrong Item,182.21
R30679,O109999,2025-04-22,Size Issue,163.47
R30680,O107468,2025-05-07,Wrong Item,63.22
R30681,O117403,2025-04-30,Not As Described,62.67
R30682,O103468,2025-01-25,Damaged,46.24
R30683,O101117,2025-07-04,Changed Mind,335.74
R30684,O121719,2025-02-08,Late Delivery,258.12
R30685,O110072,2025-06-28,Damaged,219.65
R30686,O121743,2025-04-27,Size Issue,216.75
R30687,O112169,2025-05-04,Late Delivery,92.74
R30688,O116724,2025-04-11,Not As Described,335.77
R30689,O116040,2025-01-10,Not As Described,38.57
R30690,O101927,2025-04-30,Size Issue,29.25
R30691,O101138,2025-04-27,Wrong Item,92.79
R30692,O112669,2025-02-13,Late Delivery,8.23
R30693,O104825,2025-05-10,Damaged,316.29
R30694,O113378,2025-06-13,Damaged,228.91
R30695,O102346,2025-06-13,Not As Described,212.28
R30696,O121810,2025-04-06,Damaged,187.41
R30697,O101476,2025-03-29,Changed Mind,77.85
R30698,O103713,2025-03-12,Damaged,96.75
R30699,O112684,2025-01-22,Size Issue,146.14
R30700,O117265,2025-02-21,Damaged,78.45
R30701,O107030,2025-03-20,Changed Mind,177.3
R30702,O110885,2025-06-21,Damaged,324.76
R30703,O113430,2025-04-12,Wrong Item,270.99
R30704,O101040,2025-03-02,Damaged,167.76
R30705,O100368,2025-01-22,Not As Described,41.92
R30706,O108218,2025-01-28,Not As Described,209.93
R30707,O120309,2025-02-21,Not As Described,335.43
R30708,O110649,2025-03-08,Not As Described,208.41
R30709,O115987,2025-06-05,Size Issue,92.38
R30710,O115929,2025-05-30,Wrong Item,256.63
R30711,O106543,2025-03-15,Changed Mind,171.13
R30712,O105948,2025-05-12,Changed Mind,100.08
R30713,O119135,2025-02-20,Size Issue,303.23
R30714,O100197,2025-03-09,Changed Mind,224.57
R30715,O113265,2025-01-15,Size Issue,283.15
R30716,O108165,2025-03-04,Damaged,56.39
R30717,O103653,2025-03-18,Changed Mind,33.55
R30718,O103264,2025-02-10,Size Issue,303.96
R30719,O109385,2025-01-19,Damaged,84.15
R30720,O108899,2025-02-09,Damaged,17.21
R30721,O119742,2025-05-26,Damaged,145.56
R30722,O106490,2025-03-24,Not As Described,275.58
R30723,O104321,2025-05-05,Changed Mind,285.57
R30724,O103672,2025-01-25,Not As Described,61.04
R30725,O113412,2025-06-05,Wrong Item,55.47
R30726,O116040,2025-01-12,Wrong Item,150.99
R30727,O108033,2025-01-31,Not As Described,192.91
R30728,O112947,2025-05-04,Wrong Item,154.81
R30729,O108170,2025-02-18,Changed Mind,172.89
R30730,O103048,2025-02-18,Damaged,215.35
R30731,O109648,2025-06-26,Wrong Item,9.06
R30732,O111089,2025-02-10,Changed Mind,193.94
R30733,O110193,2025-03-23,Damaged,73.17
R30734,O100086,2025-01-21,Changed Mind,274.71
R30735,O109039,2025-04-13,Wrong Item,211.15
R30736,O110896,2025-01-22,Changed Mind,76.97
R30738,O119217,2025-04-23,Wrong Item,103.45
R30739,O120339,2025-03-15,Not As Described,30.01
R30740,O121780,2025-06-26,Late Delivery,13.81
R30741,O117716,2025-05-27,Damaged,329.62
R30742,O100511,2025-05-06,Late Delivery,326.05
R30743,O121212,2025-02-03,Damaged,136.21
R30744,O111269,2025-05-09,Late Delivery,159.12
R30745,O114419,2025-06-21,Wrong Item,50.85
R30746,O110472,2025-06-19,Damaged,152.37
R30747,O119796,2025-07-03,Damaged,54.39
R30748,O117940,2025-05-14,Wrong Item,334.44
R30749,O115393,2025-03-31,Wrong Item,233.55
R30750,O107107,2025-03-15,Changed Mind,17.36
R30751,O121594,2025-04-23,Late Delivery,153.48
R30752,O102398,2025-02-04,Late Delivery,68.99
R30753,O116410,2025-06-16,Late Delivery,43.42
R30754,O106986,2025-06-10,Changed Mind,189.36
R30755,O103189,2025-02-23,Size Issue,260.46
R30756,O119075,2025-03-16,Changed Mind,235.52
R30757,O112620,2025-01-20,Late Delivery,241.32
R30758,O112016,2025-04-16,Size Issue,203.79
R30759,O114655,2025-04-10,Wrong Item,27.3
R30760,O109335,2025-06-20,Size Issue,101.26
R30761,O120415,2025-05-26,Wrong Item,45.51
R30763,O114839,2025-05-25,Damaged,155.01
R30764,O120452,2025-04-30,Changed Mind,110.16
R30765,O107825,2025-02-16,Late Delivery,338.66
R30766,O115865,2025-06-30,Late Delivery,290.57
R30767,O114925,2025-05-08,Not As Described,135.53
R30768,O110674,2025-06-18,Size Issue,26.31
R30769,O117842,2025-02-14,Not As Described,74.06
R30770,O104902,2025-04-04,Damaged,35.48
R30771,O119762,2025-05-17,Changed Mind,142.69
R30772,O119732,2025-01-24,Size Issue,292.08
R30773,O108052,2025-02-23,Not As Described,197.95
R30774,O111918,2025-02-16,Damaged,19.67
R30775,O111577,2025-03-30,Damaged,98.48
R30776,O119952,2025-06-10,Not As Described,272.32
R30777,O104423,2025-01-18,Damaged,233.34
R30778,O111413,2025-06-06,Damaged,115.02
R30779,O100766,2025-07-03,Late Delivery,187.53
R30780,O100162,2025-04-05,Size Issue,17.13
R30781,O102962,2025-04-16,Changed Mind,217.08
R30782,O113032,2025-04-18,Wrong Item,264.46
R30783,O111764,2025-05-24,Damaged,187.04
R30784,O109242,2025-03-21,Changed Mind,121.45
R30785,O109430,2025-03-14,Not As Described,40.83
R30786,O101259,2025-05-17,Wrong Item,81.35
R30787,O113883,2025-02-14,Not As Described,87.37
R30788,O119436,2025-03-12,Not As Described,153.33
R30789,O105890,2025-05-12,Changed Mind,7.91
R30790,O107309,2025-03-12,Late Delivery,189.57
R30791,O117712,2025-06-17,Damaged,33.37
R30792,O116588,2025-02-25,Wrong Item,160.8
R30793,O121611,2025-05-03,Changed Mind,269.17
R30794,O103534,2025-06-03,Not As Described,245.36
R30795,O104770,2025-01-27,Changed Mind,136.97
R30796,O114201,2025-02-24,Not As Described,145.93
R30797,O102880,2025-02-02,Not As Described,311.3
R30798,O107954,2025-02-10,Not As Described,16.21
R30799,O115115,2025-01-29,Size Issue,114.89
R30800,O100226,2025-01-30,Late Delivery,72.51
R30801,O106855,2025-01-20,Changed Mind,287.0
R30802,O104172,2025-02-07,Wrong Item,332.63
R30804,O106004,2025-05-05,Not As Described,143.31
R30805,O101358,2025-05-19,Size Issue,314.24
R30806,O101973,2025-01-18,Not As Described,273.47
R30807,O108685,2025-03-09,Wrong Item,244.02
R30808,O100184,2025-04-06,Changed Mind,146.65
R30809,O107426,2025-07-03,Wrong Item,150.69
R30810,O110963,2025-05-29,Wrong Item,58.02
R30811,O106009,2025-04-24,Late Delivery,169.95
R30812,O105104,2025-06-14,Changed Mind,114.69
R30813,O112682,2025-01-20,Not As Described,338.92
R30814,O111628,2025-06-28,Changed Mind,217.37
R30815,O111937,2025-01-26,Damaged,12.95
R30816,O110744,2025-05-04,Size Issue,276.41
R30817,O119869,2025-01-20,Changed Mind,181.32
R30818,O119926,2025-05-12,Changed Mind,165.25
R30819,O103456,2025-03-23,Late Delivery,215.87
R30820,O119927,2025-07-04,Wrong Item,186.7
R30821,O112588,2025-01-17,Late Delivery,171.71
R30822,O105176,2025-06-18,Size Issue,225.75
R30823,O115749,2025-03-06,Size Issue,29.04
R30824,O112747,2025-06-10,Late Delivery,152.66
R30825,O100270,2025-02-15,Changed Mind,151.64
R30826,O117559,2025-04-08,Late Delivery,199.59
R30827,O109783,2025-02-03,Size Issue,50.71
R30828,O105179,2025-06-07,Not As Described,232.26
R30829,O117963,2025-06-15,Wrong Item,62.52
R30831,O107314,2025-03-13,Size Issue,203.69
R30832,O104105,2025-07-04,Damaged,56.42
R30833,O102394,2025-04-08,Not As Described,116.46
R30834,O110099,2025-02-22,Not As Described,12.04
R30835,O115781,2025-06-10,Wrong Item,297.56
R30836,O104886,2025-03-30,Damaged,191.43
R30837,O119650,2025-02-05,Damaged,254.59
R30838,O108640,2025-05-14,Changed Mind,275.95
R30839,O108298,2025-02-03,Size Issue,53.04
R30840,O117794,2025-02-21,Changed Mind,232.0
R30841,O110044,2025-02-21,Late Delivery,98.21
R30842,O119526,2025-02-13,Wrong Item,326.12
R30843,O103413,2025-05-14,Damaged,177.33
R30844,O102350,2025-04-17,Changed Mind,7.36
R30845,O102962,2025-03-14,Late Delivery,115.03
R30846,O103866,2025-03-12,Size Issue,235.12
R30847,O103348,2025-03-05,Wrong Item,19.66
R30848,O108667,2025-05-30,Wrong Item,5.6
R30849,O101616,2025-05-04,Not As Described,86.53
R30850,O121103,2025-02-23,Wrong Item,32.17
R30851,O118371,2025-02-18,Wrong Item,312.48
R30852,O106254,2025-01-13,Late Delivery,168.63
R30854,O121580,2025-03-23,Size Issue,173.77
R30855,O114516,2025-02-15,Changed Mind,116.35
R30856,O105972,2025-02-13,Not As Described,255.67
R30857,O106752,2025-02-05,Not As Described,294.66
R30858,O121147,2025-04-14,Not As Described,194.38
R30859,O115182,2025-02-22,Changed Mind,20.32
R30860,O101438,2025-04-14,Late Delivery,80.04
R30861,O104055,2025-06-30,Size Issue,168.06
R30862,O121662,2025-03-31,Wrong Item,89.35
R30863,O102512,2025-07-02,Size Issue,46.13
R30864,O119942,2025-03-15,Not As Described,250.39
R30865,O100408,2025-06-08,Damaged,280.68
R30866,O118234,2025-06-22,Not As Described,201.95
R30867,O110474,2025-04-15,Wrong Item,156.02
R30868,O104351,2025-02-26,Damaged,37.04
R30869,O118438,2025-02-26,Late Delivery,283.66
R30870,O118276,2025-01-08,Wrong Item,199.42
R30871,O119194,2025-07-04,Size Issue,179.52
R30872,O101913,2025-05-26,Wrong Item,293.14
R30873,O113804,2025-02-27,Late Delivery,98.11
R30874,O110310,2025-02-28,Wrong Item,155.65
R30875,O110981,2025-03-23,Damaged,212.2
R30876,O115907,2025-03-24,Size Issue,336.29
R30877,O109595,2025-03-26,Size Issue,341.26
R30878,O109918,2025-05-01,Damaged,228.46
R30879,O109156,2025-01-12,Size Issue,80.18
R30880,O116363,2025-03-27,Size Issue,11.06
R30881,O108548,2025-05-16,Changed Mind,90.01
R30882,O119347,2025-05-20,Size Issue,8.7
R30883,O118642,2025-05-15,Not As Described,75.92
R30884,O118160,2025-05-18,Late Delivery,115.78
R30885,O116697,2025-06-10,Changed Mind,148.48
R30886,O104574,2025-06-05,Not As Described,83.31
R30887,O110987,2025-04-02,Late Delivery,8.36
R30888,O121378,2025-01-11,Size Issue,186.08
R30889,O102227,2025-03-18,Not As Described,137.28
R30890,O114232,2025-05-06,Not As Described,233.08
R30891,O110598,2025-01-13,Not As Described,146.66
R30892,O102686,2025-02-19,Size Issue,200.3
R30893,O114132,2025-01-10,Damaged,50.25
R30894,O105469,2025-04-13,Damaged,103.36
R30895,O114394,2025-06-14,Size Issue,130.02
R30896,O109841,2025-07-01,Not As Described,138.36
R30897,O103188,2025-04-14,Wrong Item,29.13
R30898,O110697,2025-05-17,Size Issue,284.77
R30899,O103624,2025-07-02,Late Delivery,57.98
R30900,O114594,2025-04-07,Not As Described,134.78
R30901,O112421,2025-01-26,Changed Mind,205.83
R30902,O105903,2025-06-13,Damaged,145.4
R30903,O120594,2025-03-29,Changed Mind,342.63
R30904,O120018,2025-02-25,Wrong Item,156.77
R30905,O107258,2025-07-01,Not As Described,337.98
R30906,O106246,2025-05-02,Wrong Item,150.32
R30907,O100606,2025-05-15,Changed Mind,52.61
R30908,O110791,2025-03-14,Size Issue,104.26
R30909,O108628,2025-06-16,Late Delivery,222.85
R30910,O108326,2025-02-23,Changed Mind,95.21
R30911,O117288,2025-04-19,Changed Mind,68.29
R30912,O100166,2025-04-27,Late Delivery,270.02
R30913,O105750,2025-06-19,Damaged,65.81
R30914,O108723,2025-06-25,Size Issue,9.42
R30915,O108744,2025-03-02,Wrong Item,104.04
R30916,O100017,2025-02-17,Damaged,319.55
R30917,O105166,2025-06-10,Late Delivery,32.07
R30918,O120957,2025-03-30,Wrong Item,103.94
R30919,O110667,2025-04-24,Changed Mind,188.56
R30920,O110686,2025-03-08,Size Issue,206.12
R30921,O118667,2025-03-17,Not As Described,135.82
R30922,O109571,2025-02-24,Size Issue,47.19
R30923,O115533,2025-05-03,Damaged,41.29
R30924,O121344,2025-05-15,Late Delivery,159.98
R30925,O104993,2025-05-09,Late Delivery,295.55
R30926,O116949,2025-03-30,Late Delivery,238.38
R30927,O109327,2025-02-20,Not As Described,258.88
R30928,O100224,2025-02-17,Changed Mind,245.67
R30929,O106315,2025-04-09,Not As Described,123.34
R30930,O103881,2025-06-02,Changed Mind,187.28
R30931,O102615,2025-02-16,Changed Mind,308.14
R30932,O106816,2025-01-12,Changed Mind,221.59
R30933,O120794,2025-04-25,Size Issue,347.47
R30934,O117940,2025-01-28,Wrong Item,276.24
R30935,O109948,2025-04-20,Size Issue,280.46
R30936,O120936,2025-04-07,Late Delivery,190.34
R30937,O109249,2025-05-26,Wrong Item,292.88
R30938,O110135,2025-01-29,Damaged,229.32
R30939,O118263,2025-02-13,Damaged,196.97
R30940,O121381,2025-06-11,Size Issue,265.52
R30941,O111608,2025-02-11,Late Delivery,216.77
R30942,O109413,2025-01-15,Size Issue,177.83
R30943,O101649,2025-06-24,Wrong Item,290.07
R30944,O110651,2025-04-12,Not As Described,338.39
R30945,O104754,2025-06-03,Size Issue,76.2
R30946,O114236,2025-02-17,Not As Described,147.25
R30947,O117282,2025-02-15,Damaged,64.31
R30948,O116332,2025-06-08,Size Issue,339.07
R30949,O114135,2025-03-22,Not As Described,333.25
R30950,O117808,2025-02-06,Late Delivery,176.86
R30951,O105755,2025-01-26,Damaged,199.78
R30952,O106899,2025-03-31,Changed Mind,341.89
R30953,O116336,2025-04-23,Size Issue,103.44
R30954,O108067,2025-03-04,Size Issue,17.94
R30955,O107022,2025-01-18,Wrong Item,85.2
R30956,O113338,2025-02-15,Wrong Item,321.76
R30957,O102193,2025-06-08,Wrong Item,18.29
R30958,O113313,2025-03-30,Wrong Item,187.41
R30959,O107365,2025-03-29,Changed Mind,172.74
R30960,O111235,2025-06-27,Late Delivery,317.5
R30961,O112054,2025-06-05,Wrong Item,256.48
R30962,O118283,2025-04-20,Damaged,72.24
R30963,O120587,2025-03-08,Changed Mind,84.12
R30964,O120959,2025-04-29,Damaged,315.69
R30965,O106513,2025-03-11,Late Delivery,142.51
R30966,O103842,2025-05-06,Damaged,27.88
R30967,O121101,2025-06-28,Damaged,148.17
R30968,O109885,2025-02-16,Not As Described,218.76
R30969,O114059,2025-06-22,Damaged,105.45
R30970,O121566,2025-04-22,Damaged,307.83
R30971,O107622,2025-02-21,Not As Described,320.46
R30972,O111201,2025-06-16,Changed Mind,249.64
R30973,O113648,2025-03-24,Size Issue,42.52
R30974,O114987,2025-06-27,Wrong Item,143.28
R30975,O114199,2025-02-23,Wrong Item,203.18
R30976,O105892,2025-01-18,Changed Mind,217.62
R30977,O115320,2025-04-28,Damaged,139.11
R30978,O111018,2025-04-14,Changed Mind,198.83
R30979,O116083,2025-01-27,Changed Mind,132.48
R30980,O108301,2025-04-03,Wrong Item,64.46
R30982,O107108,2025-03-15,Changed Mind,266.75
R30983,O104352,2025-06-16,Not As Described,129.04
R30984,O120517,2025-05-19,Size Issue,178.21
R30985,O115107,2025-01-14,Damaged,193.01
R30986,O104866,2025-06-22,Wrong Item,69.75
R30987,O113643,2025-06-28,Damaged,316.15
R30989,O114043,2025-04-04,Late Delivery,254.14
R30990,O116851,2025-02-01,Changed Mind,163.74
R30991,O113916,2025-02-26,Changed Mind,123.95
R30992,O104882,2025-03-01,Changed Mind,297.39
R30993,O106158,2025-02-04,Not As Described,15.64
R30994,O115120,2025-03-06,Damaged,38.78
R30995,O105693,2025-06-24,Late Delivery,172.13
R30996,O106270,2025-05-25,Not As Described,256.09
R30997,O106821,2025-01-18,Changed Mind,337.33
R30998,O101202,2025-01-19,Late Delivery,278.17
R30999,O107331,2025-03-18,Damaged,30.5
R31000,O111114,2025-06-03,Late Delivery,262.65
R31001,O116331,2025-05-24,Changed Mind,95.97
R31002,O117343,2025-03-06,Not As Described,168.75
R31003,O107628,2025-02-17,Late Delivery,296.39
R31004,O110705,2025-01-24,Damaged,262.75
R31005,O109549,2025-06-21,Changed Mind,66.19
R31006,O107555,2025-01-29,Not As Described,40.47
R31007,O105136,2025-02-22,Late Delivery,290.72
R31008,O103679,2025-02-15,Damaged,335.46
R31009,O103148,2025-02-01,Late Delivery,45.25
R31010,O100783,2025-02-21,Changed Mind,151.12
R31011,O107910,2025-01-27,Size Issue,293.97
R31012,O116951,2025-04-13,Changed Mind,44.37
R31013,O119420,2025-03-24,Damaged,141.56
R31014,O117761,2025-05-18,Size Issue,80.19
R31015,O103552,2025-06-26,Size Issue,71.5
R31016,O113493,2025-02-05,Not As Described,347.31
R31017,O101225,2025-04-13,Damaged,167.79
R31018,O100839,2025-05-25,Late Delivery,49.46
R31019,O120622,2025-02-16,Damaged,344.07
R31020,O117277,2025-04-29,Not As Described,260.2
R31021,O108412,2025-05-27,Size Issue,130.85
R31022,O109911,2025-04-24,Size Issue,205.09
R31023,O111149,2025-05-25,Changed Mind,344.57
R31024,O106909,2025-05-15,Late Delivery,289.41
R31025,O101068,2025-04-20,Late Delivery,34.28
R31026,O102850,2025-03-25,Late Delivery,8.6
R31027,O115485,2025-01-10,Not As Described,60.85
R31028,O101604,2025-02-03,Wrong Item,26.05
R31029,O119907,2025-06-06,Late Delivery,97.56
R31030,O100303,2025-02-05,Size Issue,259.54
R31031,O101688,2025-05-23,Not As Described,317.83
R31032,O101498,2025-04-01,Wrong Item,314.49
R31033,O118986,2025-03-16,Size Issue,318.86
R31034,O110526,2025-05-30,Wrong Item,297.93
R31035,O108931,2025-05-25,Damaged,23.83
R31036,O111734,2025-01-22,Size Issue,71.99
R31037,O100586,2025-04-17,Not As Described,6.99
R31038,O109227,2025-03-28,Damaged,31.84
R31039,O103093,2025-03-27,Wrong Item,210.17
R31040,O106178,2025-02-11,Wrong Item,314.05
R31041,O107806,2025-06-29,Not As Described,319.09
R31042,O103845,2025-01-08,Wrong Item,92.57
R31043,O121322,2025-01-18,Late Delivery,56.07
R31044,O121403,2025-04-17,Late Delivery,263.84
R31045,O107796,2025-02-22,Not As Described,321.38
R31046,O100037,2025-06-02,Not As Described,255.76
R31047,O115493,2025-05-16,Not As Described,290.95
R31048,O102463,2025-05-15,Wrong Item,185.31
R31049,O120453,2025-05-01,Changed Mind,315.15
R31050,O115282,2025-06-20,Size Issue,39.59
R31051,O117878,2025-05-22,Changed Mind,20.4
R31052,O100618,2025-05-10,Not As Described,211.34
R31053,O113833,2025-03-11,Not As Described,240.25
R31054,O110926,2025-03-29,Wrong Item,325.61
R31055,O115351,2025-05-21,Late Delivery,128.41
R31056,O100428,2025-04-01,Damaged,288.3
R31057,O118199,2025-04-17,Damaged,292.78
R31058,O119743,2025-06-20,Wrong Item,261.07
R31059,O106043,2025-04-20,Late Delivery,210.45
R31060,O102523,2025-03-21,Not As Described,63.15
R31061,O114429,2025-04-20,Changed Mind,167.92
R31062,O118150,2025-03-28,Not As Described,145.56
R31063,O104526,2025-02-07,Not As Described,174.39
R31064,O120491,2025-06-09,Changed Mind,95.2
R31065,O113296,2025-04-29,Wrong Item,267.43
R31066,O106142,2025-02-10,Size Issue,171.05
R31067,O121012,2025-03-04,Changed Mind,118.17
R31068,O105936,2025-03-24,Changed Mind,214.84
R31069,O116806,2025-06-25,Changed Mind,283.1
R31070,O116798,2025-02-23,Size Issue,324.29
R31071,O101834,2025-02-05,Late Delivery,200.67
R31072,O111480,2025-06-13,Changed Mind,138.94
R31073,O114316,2025-02-13,Wrong Item,51.83
R31074,O106261,2025-04-29,Changed Mind,40.72
R31075,O105152,2025-02-14,Not As Described,155.95
R31076,O119857,2025-02-22,Damaged,342.76
R31077,O109140,2025-01-27,Changed Mind,121.72
R31078,O120175,2025-02-26,Changed Mind,133.59
R31079,O107727,2025-02-23,Wrong Item,312.94
R31080,O108854,2025-01-12,Not As Described,184.49
R31081,O116406,2025-03-27,Size Issue,241.95
R31082,O105449,2025-07-03,Wrong Item,100.07
R31083,O112112,2025-01-24,Late Delivery,34.29
R31084,O118534,2025-01-19,Not As Described,48.83
R31085,O102552,2025-03-21,Late Delivery,256.59
R31086,O109969,2025-02-18,Wrong Item,246.74
R31087,O100608,2025-06-13,Size Issue,306.2
R31088,O101990,2025-03-13,Damaged,170.21
R31089,O113084,2025-05-24,Late Delivery,234.91
R31090,O117828,2025-03-04,Not As Described,227.99
R31091,O118740,2025-02-05,Late Delivery,304.06
R31092,O119903,2025-03-21,Size Issue,143.4
R31093,O104047,2025-05-12,Size Issue,197.63
R31094,O113254,2025-05-18,Size Issue,198.49
R31095,O111711,2025-06-02,Late Delivery,23.82
R31096,O103062,2025-02-05,Not As Described,349.1
R31097,O120215,2025-01-31,Late Delivery,333.36
R31098,O100022,2025-05-08,Late Delivery,72.94
R31099,O116825,2025-06-14,Changed Mind,205.28
R31100,O105658,2025-05-02,Late Delivery,273.01
R31101,O102594,2025-02-16,Not As Described,12.46
R31102,O114131,2025-04-22,Wrong Item,75.94
R31104,O115834,2025-06-13,Size Issue,153.63
R31105,O108612,2025-06-09,Size Issue,334.18
R31106,O107622,2025-06-13,Size Issue,170.1
R31107,O103036,2025-03-20,Changed Mind,182.75
R31108,O102087,2025-06-04,Late Delivery,193.38
R31109,O111227,2025-07-03,Not As Described,290.6
R31110,O106204,2025-05-22,Size Issue,260.9
R31111,O109967,2025-02-01,Late Delivery,112.02
R31112,O110942,2025-06-23,Not As Described,195.5
R31113,O111008,2025-02-18,Damaged,326.5
R31114,O113077,2025-05-19,Not As Described,315.25
R31115,O110429,2025-02-27,Changed Mind,288.64
R31116,O113896,2025-02-05,Not As Described,79.24
R31117,O100066,2025-05-28,Damaged,310.28
R31118,O113117,2025-01-13,Not As Described,104.26
R31119,O112894,2025-01-22,Late Delivery,304.12
R31120,O111367,2025-03-05,Wrong Item,133.67
R31121,O109860,2025-04-28,Not As Described,335.57
R31122,O109332,2025-04-26,Not As Described,222.27
R31123,O101649,2025-04-22,Late Delivery,177.98
R31124,O117539,2025-01-13,Damaged,277.55
R31125,O115726,2025-07-03,Late Delivery,266.29
R31126,O109567,2025-02-20,Late Delivery,327.0
R31127,O115772,2025-01-08,Damaged,336.23
R31128,O121802,2025-01-23,Damaged,23.76
R31129,O116114,2025-01-09,Wrong Item,176.88
R31130,O120182,2025-04-07,Not As Described,194.84
R31131,O108432,2025-02-27,Not As Described,249.84
R31132,O109827,2025-02-18,Size Issue,97.3
R31133,O114783,2025-05-26,Changed Mind,201.15
R31134,O102675,2025-04-04,Late Delivery,91.1
R31135,O121086,2025-02-26,Not As Described,6.32
R31136,O110665,2025-05-27,Size Issue,141.8
R31137,O119591,2025-04-19,Damaged,59.02
R31138,O106700,2025-02-25,Damaged,124.08
R31139,O118684,2025-02-01,Damaged,12.8
R31140,O102881,2025-01-08,Size Issue,140.33
R31141,O113612,2025-03-31,Wrong Item,345.4
R31142,O107905,2025-06-18,Damaged,235.36
R31143,O103244,2025-01-19,Wrong Item,155.67
R31144,O117264,2025-04-01,Changed Mind,30.84
R31145,O110968,2025-02-22,Late Delivery,174.57
R31146,O113012,2025-03-18,Not As Described,306.4
R31147,O113382,2025-03-11,Late Delivery,187.45
R31149,O114927,2025-03-09,Changed Mind,110.46
R31150,O120210,2025-05-28,Size Issue,302.23
R31152,O117978,2025-04-08,Changed Mind,191.82
R31153,O116457,2025-05-29,Size Issue,258.9
R31154,O116127,2025-07-03,Damaged,283.23
R31155,O103128,2025-02-18,Not As Described,319.34
R31156,O121385,2025-04-24,Late Delivery,327.15
R31157,O111504,2025-06-14,Damaged,66.45
R31158,O115839,2025-02-20,Late Delivery,182.33
R31159,O114159,2025-06-25,Changed Mind,304.74
R31160,O106568,2025-06-01,Changed Mind,336.56
R31161,O118967,2025-06-13,Late Delivery,48.6
R31162,O103293,2025-01-23,Not As Described,71.65
R31163,O116090,2025-01-23,Late Delivery,39.98
R31164,O118184,2025-05-03,Not As Described,267.69
R31165,O110499,2025-04-19,Late Delivery,344.25
R31166,O102069,2025-05-24,Not As Described,170.15
R31167,O118322,2025-04-28,Damaged,226.11
R31168,O119693,2025-02-18,Size Issue,84.76
R31169,O113491,2025-05-05,Wrong Item,327.48
R31170,O117275,2025-04-29,Not As Described,79.8
R31171,O105479,2025-03-11,Late Delivery,135.78
R31172,O120270,2025-03-07,Size Issue,52.43
R31173,O101713,2025-02-22,Damaged,53.86
R31174,O110471,2025-05-30,Wrong Item,302.17
R31175,O118301,2025-03-01,Changed Mind,131.92
R31176,O103210,2025-05-16,Not As Described,106.85
R31177,O104408,2025-06-13,Damaged,231.16
R31178,O105457,2025-04-16,Changed Mind,80.82
R31179,O111509,2025-06-29,Not As Described,330.94
R31180,O118638,2025-03-01,Not As Described,340.26
R31181,O100898,2025-03-03,Damaged,109.06
R31182,O107038,2025-05-11,Wrong Item,335.74
R31183,O101660,2025-04-22,Damaged,178.64
R31184,O111695,2025-01-29,Late Delivery,188.4
R31185,O111568,2025-05-17,Changed Mind,100.95
R31186,O100079,2025-04-04,Not As Described,110.74
R31187,O101811,2025-06-19,Damaged,230.35
R31188,O106516,2025-02-06,Not As Described,81.05
R31189,O105787,2025-06-18,Size Issue,51.0
R31190,O114770,2025-05-26,Not As Described,69.59
R31191,O106011,2025-04-21,Size Issue,332.31
R31192,O113202,2025-02-22,Wrong Item,103.2
R31193,O117148,2025-04-19,Changed Mind,223.43
R31194,O107963,2025-05-04,Wrong Item,273.39
R31195,O100379,2025-02-03,Size Issue,204.7
R31196,O121005,2025-03-12,Size Issue,306.26
R31197,O105411,2025-04-29,Changed Mind,84.89
R31198,O109805,2025-05-29,Wrong Item,285.0
R31199,O119916,2025-03-27,Late Delivery,218.0
R31200,O108348,2025-02-04,Late Delivery,132.7
R31201,O120024,2025-01-08,Not As Described,311.02
R31202,O106689,2025-01-27,Late Delivery,250.52
R31203,O106178,2025-02-25,Changed Mind,111.19
R31204,O112254,2025-02-16,Wrong Item,111.25
R31205,O115413,2025-06-26,Changed Mind,24.93
R31206,O112072,2025-05-17,Changed Mind,260.15
R31207,O118797,2025-02-17,Late Delivery,6.6
R31208,O102868,2025-02-28,Not As Described,312.83
R31209,O108452,2025-03-06,Size Issue,61.09
R31210,O114767,2025-06-12,Changed Mind,304.45
R31211,O121193,2025-02-16,Size Issue,65.41
R31212,O111444,2025-02-02,Not As Described,219.56
R31213,O109807,2025-06-29,Damaged,145.65
R31214,O111693,2025-05-26,Size Issue,211.47
R31215,O109487,2025-05-18,Wrong Item,295.07
R31216,O102645,2025-03-06,Changed Mind,63.08
R31217,O107410,2025-04-07,Damaged,42.2
R31218,O117889,2025-02-24,Changed Mind,128.89
R31219,O105316,2025-05-06,Not As Described,56.23
R31220,O121650,2025-06-10,Wrong Item,324.21
R31221,O112352,2025-01-24,Late Delivery,70.96
R31222,O120541,2025-05-23,Wrong Item,101.76
R31223,O116170,2025-05-10,Damaged,216.19
R31224,O107828,2025-04-01,Not As Described,330.47
R31225,O105000,2025-01-13,Changed Mind,308.89
R31226,O107078,2025-04-21,Wrong Item,107.7
R31227,O120359,2025-05-11,Changed Mind,121.47
R31228,O106159,2025-05-14,Late Delivery,282.42
R31229,O113976,2025-04-16,Not As Described,141.88
R31230,O105168,2025-02-01,Damaged,128.69
R31231,O102410,2025-06-23,Changed Mind,255.75
R31232,O113706,2025-01-19,Not As Described,160.13
R31233,O115654,2025-04-26,Damaged,241.67
R31234,O115341,2025-06-18,Not As Described,341.83
R31235,O109154,2025-04-12,Size Issue,150.39
R31236,O107341,2025-06-05,Wrong Item,23.38
R31237,O106467,2025-02-19,Changed Mind,338.61
R31238,O102186,2025-01-09,Damaged,131.18
R31239,O102156,2025-06-19,Not As Described,209.97
R31240,O109130,2025-05-25,Damaged,77.49
R31241,O109910,2025-05-21,Late Delivery,265.24
R31242,O117914,2025-02-02,Wrong Item,227.37
R31243,O119860,2025-06-24,Wrong Item,163.63
R31244,O121978,2025-03-17,Wrong Item,324.04
R31245,O120981,2025-03-12,Changed Mind,156.39
R31246,O109094,2025-01-27,Changed Mind,131.65
R31247,O112368,2025-06-16,Damaged,328.84
R31248,O111118,2025-02-09,Changed Mind,104.48
R31249,O121186,2025-05-07,Not As Described,233.5
R31250,O116586,2025-06-12,Wrong Item,21.56
R31251,O109506,2025-05-01,Wrong Item,240.07
R31252,O105671,2025-04-22,Not As Described,217.44
R31253,O115451,2025-02-06,Wrong Item,85.93
R31254,O117630,2025-05-05,Late Delivery,32.87
R31255,O111519,2025-05-16,Wrong Item,156.46
R31256,O113279,2025-07-04,Wrong Item,266.68
R31257,O119849,2025-02-05,Size Issue,20.39
R31258,O113662,2025-04-08,Not As Described,276.02
R31259,O110945,2025-06-08,Late Delivery,80.24
R31260,O109644,2025-04-25,Damaged,93.46
R31261,O101156,2025-06-05,Damaged,349.79
R31262,O101611,2025-05-24,Not As Described,27.87
R31263,O118584,2025-06-21,Wrong Item,218.32
R31264,O101254,2025-03-12,Wrong Item,188.95
R31265,O118331,2025-05-26,Changed Mind,349.58
R31266,O113896,2025-07-04,Changed Mind,142.69
R31267,O108461,2025-03-25,Size Issue,192.95
R31268,O115772,2025-04-07,Not As Described,68.57
R31269,O109027,2025-06-26,Damaged,281.4
R31270,O102463,2025-05-15,Changed Mind,127.32
R31271,O106376,2025-02-22,Changed Mind,28.06
R31272,O112313,2025-06-29,Damaged,100.98
R31273,O101490,2025-01-12,Wrong Item,312.96
R31274,O102072,2025-02-15,Late Delivery,213.96
R31275,O111537,2025-04-18,Damaged,324.95
R31276,O119332,2025-04-14,Changed Mind,21.39
R31277,O119489,2025-04-12,Damaged,114.57
R31278,O112743,2025-04-20,Damaged,224.83
R31279,O112040,2025-05-24,Wrong Item,206.49
R31280,O119643,2025-04-16,Not As Described,88.08
R31281,O113234,2025-02-20,Wrong Item,34.01
R31282,O109973,2025-06-13,Wrong Item,195.4
R31283,O102549,2025-04-08,Size Issue,289.88
R31284,O113877,2025-06-04,Not As Described,300.73
R31285,O100695,2025-02-01,Damaged,179.7
R31286,O102580,2025-02-12,Damaged,60.72
R31287,O106837,2025-03-31,Changed Mind,142.26
R31288,O118399,2025-05-02,Changed Mind,333.5
R31289,O117956,2025-03-01,Wrong Item,219.73
R31290,O118168,2025-03-27,Wrong Item,187.54
R31291,O103926,2025-06-14,Not As Described,150.61
R31292,O109072,2025-05-17,Wrong Item,24.7
R31293,O110495,2025-06-08,Not As Described,212.28
R31294,O104065,2025-06-01,Damaged,120.72
R31295,O114852,2025-02-18,Wrong Item,281.41
R31296,O110006,2025-04-05,Size Issue,191.32
R31297,O103125,2025-04-01,Size Issue,287.62
R31298,O104566,2025-03-06,Size Issue,33.83
R31299,O105259,2025-06-11,Size Issue,238.37
R31300,O102912,2025-03-18,Size Issue,248.53
R31301,O113024,2025-06-28,Late Delivery,323.39
R31302,O105620,2025-04-29,Damaged,309.9
R31303,O109246,2025-06-17,Late Delivery,329.47
R31304,O117801,2025-06-19,Wrong Item,120.56
R31305,O109659,2025-01-10,Size Issue,181.69
R31306,O110020,2025-05-01,Wrong Item,228.36
R31307,O121679,2025-03-25,Changed Mind,290.08
R31308,O103901,2025-02-11,Damaged,336.07
R31309,O115316,2025-06-05,Damaged,149.66
R31310,O113717,2025-06-12,Damaged,205.27
R31311,O112233,2025-01-13,Changed Mind,169.77
R31312,O114859,2025-05-01,Size Issue,319.36
R31313,O113441,2025-03-17,Wrong Item,273.42
R31314,O102686,2025-06-17,Wrong Item,292.3
R31315,O116265,2025-05-09,Changed Mind,75.43
R31316,O111730,2025-02-13,Not As Described,14.06
R31317,O113109,2025-06-15,Late Delivery,137.27
R31318,O114043,2025-04-23,Damaged,182.71
R31319,O106075,2025-04-26,Not As Described,161.93
R31320,O120131,2025-06-08,Size Issue,269.75
R31321,O118059,2025-03-26,Changed Mind,65.64
R31322,O121737,2025-01-24,Changed Mind,252.05
R31323,O120053,2025-04-30,Changed Mind,286.94
R31324,O115254,2025-06-03,Damaged,65.87
R31325,O114412,2025-06-15,Not As Described,105.65
R31326,O121810,2025-04-19,Changed Mind,266.04
R31327,O104780,2025-05-12,Size Issue,185.59
R31328,O101230,2025-01-13,Changed Mind,152.03
R31329,O103090,2025-05-31,Changed Mind,303.6
R31330,O117147,2025-01-08,Not As Described,236.16
R31331,O105483,2025-05-29,Not As Described,153.98
R31332,O113368,2025-06-09,Damaged,220.61
R31333,O102080,2025-05-05,Size Issue,260.01
R31334,O101118,2025-03-27,Changed Mind,232.77
R31335,O116791,2025-07-02,Size Issue,252.29
R31336,O109809,2025-07-01,Changed Mind,211.16
R31337,O105355,2025-05-15,Size Issue,223.67
R31338,O115275,2025-03-14,Wrong Item,96.95
R31339,O116469,2025-05-31,Late Delivery,16.0
R31340,O114281,2025-04-08,Damaged,32.41
R31341,O103590,2025-07-02,Changed Mind,100.82
R31342,O103380,2025-06-15,Late Delivery,284.23
R31343,O116952,2025-06-03,Wrong Item,310.7
R31344,O111488,2025-03-21,Changed Mind,96.9
R31345,O115543,2025-04-21,Changed Mind,264.86
R31346,O104857,2025-03-19,Changed Mind,134.76
R31348,O106445,2025-05-18,Late Delivery,38.2
R31349,O101339,2025-02-26,Not As Described,194.14
R31350,O116008,2025-06-12,Size Issue,164.32
R31351,O119958,2025-05-17,Changed Mind,317.72
R31352,O116048,2025-03-26,Changed Mind,183.39
R31353,O102322,2025-02-05,Wrong Item,168.82
R31354,O121093,2025-04-23,Changed Mind,61.24
R31355,O104986,2025-05-06,Not As Described,335.28
R31356,O119478,2025-03-11,Damaged,116.09
R31357,O115818,2025-03-22,Size Issue,125.92
R31358,O112338,2025-05-05,Late Delivery,278.39
R31359,O115788,2025-05-20,Wrong Item,312.83
R31360,O109819,2025-06-18,Changed Mind,340.73
R31361,O118626,2025-04-05,Wrong Item,340.61
R31362,O105437,2025-03-01,Late Delivery,105.79
R31363,O102726,2025-04-20,Not As Described,315.99
R31364,O101352,2025-06-05,Changed Mind,132.04
R31365,O112410,2025-05-25,Not As Described,147.53
R31366,O101588,2025-05-24,Changed Mind,341.95
R31367,O109820,2025-02-04,Changed Mind,73.49
R31368,O111302,2025-04-15,Wrong Item,10.71
R31369,O106875,2025-03-23,Wrong Item,28.61
R31370,O107052,2025-06-06,Wrong Item,12.08
R31371,O101079,2025-05-24,Damaged,23.1
R31372,O118280,2025-01-15,Changed Mind,45.84
R31373,O103726,2025-03-16,Not As Described,57.35
R31374,O109997,2025-03-23,Changed Mind,97.92
R31375,O100291,2025-03-29,Late Delivery,156.73
R31376,O111321,2025-01-10,Changed Mind,327.65
R31377,O117643,2025-06-11,Not As Described,126.18
R31378,O113311,2025-02-19,Size Issue,87.78
R31379,O113837,2025-06-26,Not As Described,246.81
R31380,O106482,2025-06-20,Changed Mind,305.64
R31381,O104689,2025-05-19,Damaged,61.75
R31382,O109728,2025-04-18,Damaged,277.87
R31383,O115724,2025-01-10,Damaged,331.73
R31384,O108040,2025-04-01,Late Delivery,210.33
R31385,O113542,2025-02-20,Changed Mind,285.32
R31386,O116800,2025-02-07,Wrong Item,21.84
R31387,O108987,2025-01-16,Not As Described,245.56
R31388,O115543,2025-02-18,Not As Described,184.42
R31389,O115161,2025-04-20,Damaged,187.57
R31390,O102634,2025-02-12,Late Delivery,225.8
R31391,O119076,2025-05-05,Late Delivery,233.72
R31392,O100754,2025-01-18,Changed Mind,75.16
R31393,O104096,2025-04-19,Size Issue,39.94
R31394,O112178,2025-04-20,Damaged,295.28
R31395,O121810,2025-03-23,Wrong Item,133.54
R31396,O108458,2025-05-29,Damaged,343.48
R31397,O115409,2025-06-11,Late Delivery,112.56
R31398,O118380,2025-01-23,Size Issue,182.07
R31399,O111413,2025-01-12,Damaged,167.64
R31400,O120182,2025-05-27,Wrong Item,69.43
R31401,O111308,2025-02-22,Not As Described,323.92
R31402,O106431,2025-03-18,Damaged,246.39
R31403,O110490,2025-05-24,Late Delivery,193.78
R31404,O118847,2025-03-13,Not As Described,57.16
R31405,O104704,2025-04-09,Late Delivery,28.36
R31406,O119970,2025-05-21,Wrong Item,97.11
R31407,O103904,2025-02-03,Changed Mind,232.97
R31408,O111678,2025-03-05,Late Delivery,280.43
R31409,O115403,2025-01-08,Size Issue,116.32
R31410,O105521,2025-05-30,Size Issue,221.85
R31411,O114172,2025-05-26,Wrong Item,72.54
R31412,O121986,2025-06-03,Size Issue,63.35
R31413,O111116,2025-05-30,Not As Described,152.7
R31414,O111496,2025-02-25,Changed Mind,347.7
R31415,O109681,2025-06-27,Damaged,160.16
R31416,O108455,2025-01-18,Size Issue,158.17
R31417,O121250,2025-04-02,Late Delivery,306.29
R31418,O101396,2025-05-11,Damaged,149.98
R31419,O108726,2025-03-27,Changed Mind,29.04
R31420,O107458,2025-06-27,Changed Mind,204.86
R31421,O103310,2025-05-26,Size Issue,175.95
R31422,O112937,2025-05-29,Size Issue,249.12
R31423,O120180,2025-03-09,Late Delivery,15.65
R31424,O109449,2025-06-15,Changed Mind,56.17
R31425,O110396,2025-06-09,Size Issue,159.83
R31426,O115275,2025-05-09,Damaged,300.4
R31427,O119411,2025-03-16,Changed Mind,338.45
R31428,O107922,2025-02-04,Not As Described,254.09
R31429,O100261,2025-05-29,Not As Described,22.83
R31430,O115902,2025-04-06,Changed Mind,57.8
R31431,O109746,2025-04-24,Changed Mind,23.61
R31432,O118212,2025-03-09,Not As Described,270.2
R31433,O105835,2025-01-11,Late Delivery,117.98
R31434,O109577,2025-02-15,Size Issue,273.88
R31435,O102949,2025-05-02,Not As Described,57.96
R31436,O114804,2025-04-12,Not As Described,53.27
R31437,O106974,2025-01-11,Not As Described,226.74
R31438,O104300,2025-01-20,Late Delivery,242.41
R31439,O105706,2025-01-08,Damaged,19.28
R31440,O115423,2025-03-03,Late Delivery,197.21
R31441,O117652,2025-01-19,Damaged,141.1
R31442,O117054,2025-06-30,Wrong Item,49.75
R31443,O101028,2025-04-06,Changed Mind,193.09
R31444,O103893,2025-04-17,Wrong Item,134.27
R31445,O113959,2025-06-30,Not As Described,312.44
R31446,O101965,2025-04-21,Changed Mind,298.1
R31447,O104118,2025-02-03,Wrong Item,283.68
R31448,O109263,2025-06-08,Changed Mind,181.62
R31449,O105018,2025-06-09,Late Delivery,273.05
R31450,O102453,2025-04-09,Damaged,264.74
R31451,O105308,2025-06-22,Late Delivery,178.3
R31452,O114844,2025-03-01,Damaged,166.42
R31453,O116985,2025-01-12,Not As Described,237.41
R31454,O104588,2025-04-09,Not As Described,32.52
R31455,O118411,2025-04-17,Wrong Item,239.83
R31456,O107000,2025-03-23,Size Issue,305.07
R31457,O110212,2025-02-01,Not As Described,64.72
R31458,O120383,2025-05-30,Damaged,164.91
R31459,O120851,2025-03-15,Size Issue,184.67
R31460,O111809,2025-06-01,Damaged,29.72
R31461,O121296,2025-02-26,Late Delivery,54.87
R31462,O100759,2025-04-30,Damaged,327.68
R31463,O112793,2025-05-26,Size Issue,114.23
R31464,O118044,2025-06-27,Changed Mind,158.35
R31465,O116173,2025-03-24,Damaged,68.79
R31466,O117618,2025-04-28,Wrong Item,76.59
R31467,O109617,2025-05-02,Changed Mind,5.53
R31468,O100526,2025-06-02,Size Issue,118.82
R31469,O114743,2025-01-21,Changed Mind,124.29
R31470,O101631,2025-05-16,Changed Mind,345.28
R31471,O114792,2025-05-10,Damaged,73.27
R31472,O116718,2025-01-12,Not As Described,235.04
R31473,O112164,2025-06-24,Damaged,6.36
R31474,O106610,2025-02-07,Not As Described,175.87
R31475,O120801,2025-05-23,Late Delivery,186.37
R31476,O121964,2025-05-08,Changed Mind,320.09
R31477,O103326,2025-02-18,Not As Described,209.96
R31478,O100547,2025-04-24,Wrong Item,346.47
R31479,O105606,2025-06-21,Size Issue,186.94
R31480,O107028,2025-01-16,Not As Described,315.12
R31481,O102884,2025-01-15,Late Delivery,173.1
R31482,O109124,2025-02-05,Wrong Item,275.19
R31483,O104187,2025-06-18,Size Issue,344.61
R31484,O106873,2025-03-01,Size Issue,204.0
R31485,O113364,2025-04-27,Size Issue,167.6
R31486,O100226,2025-04-13,Late Delivery,317.41
R31487,O121634,2025-07-03,Not As Described,47.96
R31488,O116255,2025-02-08,Size Issue,106.34
R31489,O109746,2025-01-20,Size Issue,67.91
R31490,O113772,2025-03-08,Not As Described,264.3
R31491,O121419,2025-03-18,Wrong Item,59.23
R31492,O118314,2025-03-24,Changed Mind,274.81
R31493,O114119,2025-03-26,Changed Mind,254.64
R31494,O102558,2025-03-13,Wrong Item,74.12
R31495,O119246,2025-02-10,Late Delivery,126.19
R31497,O104402,2025-06-09,Damaged,50.37
R31498,O108971,2025-01-19,Size Issue,257.73
R31499,O113488,2025-04-18,Late Delivery,276.54
R31500,O100209,2025-05-11,Damaged,206.92
R31501,O104147,2025-03-19,Late Delivery,145.44
R31502,O103380,2025-06-27,Not As Described,73.97
R31503,O103176,2025-04-05,Size Issue,231.39
R31504,O109567,2025-04-26,Late Delivery,125.67
R31505,O100614,2025-05-31,Size Issue,132.09
R31506,O104305,2025-04-20,Damaged,250.05
R31507,O106366,2025-04-13,Not As Described,97.65
R31508,O116268,2025-02-19,Size Issue,144.42
R31509,O117764,2025-03-26,Late Delivery,42.67
R31510,O101181,2025-01-17,Wrong Item,334.89
R31511,O113811,2025-04-14,Late Delivery,246.1
R31512,O116805,2025-02-13,Late Delivery,235.65
R31513,O118958,2025-02-09,Wrong Item,145.86
R31514,O101752,2025-02-06,Not As Described,20.95
R31515,O114979,2025-03-31,Wrong Item,120.44
R31516,O109241,2025-04-06,Changed Mind,194.05
R31517,O109639,2025-06-13,Size Issue,343.61
R31518,O100256,2025-06-09,Damaged,114.8
R31519,O103713,2025-04-29,Late Delivery,247.05
R31520,O111425,2025-05-10,Changed Mind,208.25
R31521,O118228,2025-02-12,Not As Described,46.45
R31522,O114473,2025-03-29,Damaged,68.42
R31523,O114330,2025-04-26,Wrong Item,321.28
R31524,O116492,2025-02-22,Wrong Item,40.38
R31525,O106285,2025-02-24,Damaged,140.53
R31526,O119625,2025-02-23,Size Issue,349.42
R31527,O100215,2025-02-08,Size Issue,25.01
R31528,O116211,2025-06-12,Late Delivery,182.59
R31530,O120801,2025-04-02,Wrong Item,243.65
R31531,O109610,2025-03-09,Damaged,347.43
R31532,O121729,2025-03-04,Size Issue,274.66
R31533,O106587,2025-06-19,Size Issue,159.45
R31534,O114075,2025-06-22,Changed Mind,225.27
R31535,O119382,2025-06-25,Changed Mind,330.18
R31536,O119037,2025-03-24,Late Delivery,29.92
R31537,O107116,2025-04-30,Damaged,234.99
R31538,O107399,2025-01-15,Wrong Item,333.59
R31539,O108169,2025-03-15,Wrong Item,183.64
R31540,O107447,2025-05-15,Size Issue,64.59
R31541,O107372,2025-03-27,Late Delivery,290.08
R31542,O102024,2025-05-10,Wrong Item,326.7
R31543,O106142,2025-04-17,Changed Mind,225.83
R31544,O109687,2025-03-26,Size Issue,172.86
R31545,O100634,2025-05-26,Damaged,277.46
R31546,O102907,2025-03-22,Damaged,227.33
R31547,O100537,2025-07-02,Not As Described,204.64
R31548,O114589,2025-04-01,Not As Described,136.46
R31549,O115108,2025-04-13,Damaged,124.35
R31550,O115471,2025-06-09,Changed Mind,99.68
R31551,O117065,2025-03-06,Late Delivery,305.51
R31552,O113931,2025-06-10,Wrong Item,247.68
R31553,O114138,2025-04-29,Changed Mind,98.41
R31554,O114189,2025-04-01,Late Delivery,290.81
R31555,O121211,2025-02-20,Not As Described,113.65
R31556,O119787,2025-02-01,Wrong Item,341.65
R31557,O109134,2025-03-08,Size Issue,155.62
R31558,O113442,2025-05-24,Not As Described,215.47
R31559,O101777,2025-03-06,Late Delivery,249.66
R31560,O110322,2025-03-29,Late Delivery,91.24
R31561,O113624,2025-01-09,Wrong Item,300.4
R31562,O105266,2025-05-13,Changed Mind,111.88
R31563,O104247,2025-01-28,Late Delivery,187.34
R31564,O100256,2025-02-12,Changed Mind,60.86
R31565,O112504,2025-03-22,Wrong Item,130.57
R31566,O106937,2025-04-03,Wrong Item,302.91
R31567,O120285,2025-04-07,Changed Mind,201.14
R31568,O103576,2025-03-04,Late Delivery,180.53
R31569,O118609,2025-02-03,Changed Mind,236.49
R31570,O109736,2025-02-19,Changed Mind,120.57
R31571,O105747,2025-06-09,Wrong Item,94.99
R31573,O100095,2025-01-08,Damaged,22.38
R31574,O116083,2025-03-12,Wrong Item,219.96
R31575,O114871,2025-04-18,Size Issue,297.38
R31576,O116591,2025-02-09,Not As Described,320.61
R31577,O114965,2025-06-25,Not As Described,270.42
R31578,O100502,2025-02-24,Wrong Item,60.75
R31579,O103622,2025-01-31,Wrong Item,170.37
R31580,O118073,2025-01-25,Changed Mind,12.73
R31581,O104893,2025-05-08,Not As Described,298.39
R31582,O103167,2025-03-09,Wrong Item,129.98
R31583,O109975,2025-06-20,Size Issue,315.25
R31584,O121122,2025-02-13,Changed Mind,340.82
R31585,O104137,2025-06-19,Not As Described,47.51
R31586,O101493,2025-05-06,Late Delivery,157.43
R31587,O118585,2025-05-14,Changed Mind,221.3
R31588,O116620,2025-02-17,Late Delivery,340.35
R31589,O105765,2025-04-26,Wrong Item,246.54
R31590,O109233,2025-03-18,Size Issue,259.9
R31591,O106641,2025-05-25,Wrong Item,140.53
R31592,O107897,2025-06-21,Wrong Item,117.98
R31593,O113288,2025-05-27,Changed Mind,315.53
R31594,O104351,2025-03-12,Changed Mind,175.73
R31595,O118022,2025-06-15,Wrong Item,252.54
R31596,O116423,2025-04-06,Size Issue,244.29
R31597,O113317,2025-05-30,Late Delivery,338.65
R31599,O107742,2025-06-29,Not As Described,139.03
R31600,O106275,2025-03-31,Changed Mind,260.85
R31601,O120471,2025-05-29,Wrong Item,22.38
R31602,O111146,2025-04-01,Damaged,164.45
R31603,O106339,2025-02-20,Size Issue,9.42
R31604,O100653,2025-02-23,Damaged,242.96
R31605,O110479,2025-06-06,Damaged,152.24
R31606,O114267,2025-06-28,Late Delivery,291.06
R31607,O119242,2025-03-27,Size Issue,119.78
R31608,O114446,2025-02-20,Changed Mind,164.41
R31609,O114425,2025-07-01,Wrong Item,275.74
R31610,O105269,2025-04-06,Changed Mind,67.59
R31611,O104169,2025-02-12,Not As Described,115.49
R31612,O103858,2025-03-29,Not As Described,167.58
R31613,O109526,2025-02-02,Wrong Item,210.08
R31614,O103836,2025-04-21,Size Issue,133.13
R31615,O121966,2025-02-06,Size Issue,235.42
R31616,O102654,2025-05-16,Late Delivery,331.09
R31617,O114203,2025-04-01,Damaged,109.48
R31618,O119599,2025-05-13,Not As Described,280.47
R31619,O102307,2025-04-12,Wrong Item,231.52
R31620,O107034,2025-06-14,Wrong Item,152.85
R31621,O108581,2025-01-29,Late Delivery,295.83
R31622,O117304,2025-05-02,Changed Mind,15.03
R31623,O112902,2025-01-25,Wrong Item,214.51
R31624,O120986,2025-01-22,Damaged,339.56
R31625,O109690,2025-04-04,Size Issue,117.61
R31626,O115277,2025-01-21,Size Issue,63.8
R31627,O113301,2025-05-23,Wrong Item,314.02
R31628,O102189,2025-06-20,Late Delivery,290.58
R31629,O110943,2025-01-20,Wrong Item,54.16
R31630,O114913,2025-04-10,Changed Mind,319.16
R31631,O104991,2025-03-27,Size Issue,214.71
R31632,O106054,2025-06-10,Size Issue,28.58
R31633,O118839,2025-01-31,Changed Mind,209.55
R31634,O120245,2025-03-15,Not As Described,259.74
R31635,O115579,2025-05-02,Late Delivery,100.91
R31636,O111871,2025-05-04,Wrong Item,329.0
R31637,O100586,2025-03-27,Changed Mind,145.74
R31638,O100196,2025-03-17,Wrong Item,157.64
R31639,O107264,2025-05-08,Changed Mind,143.81
R31640,O120072,2025-03-07,Late Delivery,31.54
R31641,O100940,2025-04-11,Late Delivery,333.88
R31642,O115983,2025-06-20,Changed Mind,142.05
R31643,O109373,2025-03-03,Late Delivery,223.92
R31644,O100553,2025-04-09,Changed Mind,321.85
R31645,O108838,2025-02-13,Not As Described,303.84
R31646,O115250,2025-03-25,Size Issue,243.37
R31647,O104485,2025-04-30,Changed Mind,37.08
R31648,O118718,2025-05-23,Not As Described,155.4
R31649,O102197,2025-03-24,Not As Described,203.52
R31650,O102463,2025-02-05,Size Issue,168.44
R31651,O102313,2025-05-06,Damaged,292.54
R31652,O109152,2025-02-07,Wrong Item,99.55
R31653,O120331,2025-04-09,Changed Mind,259.05
R31654,O105920,2025-06-05,Wrong Item,90.25
R31655,O113593,2025-03-25,Wrong Item,342.14
R31656,O105488,2025-06-03,Size Issue,90.48
R31657,O120951,2025-05-05,Late Delivery,300.44
R31658,O113208,2025-02-28,Wrong Item,17.98
R31659,O112530,2025-03-15,Size Issue,33.8
R31660,O113703,2025-03-23,Late Delivery,303.19
R31661,O105269,2025-06-11,Wrong Item,230.59
R31662,O111578,2025-03-01,Not As Described,26.32
R31663,O100295,2025-01-17,Damaged,266.0
R31664,O100582,2025-04-03,Wrong Item,102.78
R31665,O118291,2025-03-08,Not As Described,116.02
R31666,O116013,2025-05-13,Late Delivery,321.19
R31667,O110950,2025-05-18,Changed Mind,17.28
R31668,O121265,2025-05-24,Late Delivery,204.65
R31669,O114968,2025-01-15,Not As Described,283.1
R31670,O113646,2025-03-05,Late Delivery,7.06
R31671,O107542,2025-02-26,Changed Mind,308.88
R31672,O108715,2025-02-08,Not As Described,246.16
R31673,O106469,2025-05-23,Changed Mind,239.64
R31674,O112970,2025-03-04,Not As Described,138.58
R31675,O106367,2025-04-25,Size Issue,75.62
R31676,O114875,2025-01-29,Changed Mind,248.59
R31677,O108671,2025-01-25,Changed Mind,336.41
R31678,O121121,2025-07-03,Size Issue,90.43
R31679,O121879,2025-02-28,Size Issue,34.49
R31680,O121087,2025-03-10,Changed Mind,14.49
R31681,O116499,2025-06-21,Wrong Item,312.03
R31682,O101387,2025-05-21,Size Issue,243.02
R31683,O118320,2025-06-10,Changed Mind,142.64
R31684,O121183,2025-02-23,Damaged,73.29
R31685,O101045,2025-04-27,Damaged,155.78
R31686,O108455,2025-01-17,Damaged,15.12
R31687,O117265,2025-05-19,Size Issue,252.1
R31689,O110802,2025-05-17,Late Delivery,339.25
R31690,O116418,2025-05-24,Not As Described,186.45
R31691,O106660,2025-02-21,Size Issue,323.98
R31692,O101166,2025-05-30,Size Issue,84.0
R31693,O104622,2025-01-25,Late Delivery,169.73
R31694,O107273,2025-04-08,Late Delivery,108.25
R31695,O105866,2025-02-21,Wrong Item,291.6
R31696,O116681,2025-05-10,Wrong Item,323.71
R31697,O120987,2025-05-27,Changed Mind,65.36
R31698,O113942,2025-05-09,Changed Mind,241.56
R31699,O114445,2025-02-27,Wrong Item,240.18
R31700,O102764,2025-01-10,Size Issue,348.43
R31701,O117785,2025-03-22,Damaged,244.63
R31702,O100350,2025-05-30,Wrong Item,208.01
R31703,O107407,2025-04-29,Wrong Item,133.07
R31704,O111425,2025-02-24,Wrong Item,77.23
R31705,O120007,2025-03-29,Not As Described,160.1
R31706,O114819,2025-07-02,Late Delivery,56.93
R31707,O107652,2025-01-24,Changed Mind,298.21
R31708,O109708,2025-03-29,Damaged,194.25
R31709,O115542,2025-02-23,Wrong Item,75.69
R31710,O107893,2025-02-08,Late Delivery,159.47
R31711,O106920,2025-05-01,Wrong Item,305.92
R31712,O111893,2025-07-04,Changed Mind,48.84
R31713,O108563,2025-03-27,Size Issue,157.36
R31714,O114275,2025-04-22,Changed Mind,300.66
R31715,O117872,2025-04-01,Wrong Item,242.66
R31716,O104595,2025-06-26,Damaged,42.1
R31717,O100722,2025-03-03,Damaged,71.91
R31718,O106849,2025-04-01,Damaged,286.41
R31719,O105770,2025-03-06,Changed Mind,266.74
R31720,O105007,2025-05-11,Late Delivery,126.53
R31721,O114324,2025-05-19,Not As Described,265.56
R31722,O106268,2025-01-20,Changed Mind,180.64
R31723,O111048,2025-02-02,Not As Described,254.65
R31724,O113062,2025-05-19,Changed Mind,149.02
R31725,O111031,2025-06-01,Not As Described,44.19
R31726,O117223,2025-02-04,Late Delivery,248.86
R31727,O100417,2025-04-09,Wrong Item,337.58
R31728,O107567,2025-04-26,Late Delivery,197.06
R31729,O110204,2025-07-02,Size Issue,208.76
R31730,O113589,2025-05-10,Changed Mind,256.05
R31731,O110447,2025-02-25,Wrong Item,84.59
R31732,O104956,2025-03-23,Not As Described,267.75
R31733,O104847,2025-03-20,Damaged,74.91
R31734,O100641,2025-04-15,Wrong Item,264.7
R31735,O121524,2025-05-15,Damaged,37.75
R31736,O105752,2025-01-30,Wrong Item,285.16
R31737,O110470,2025-05-10,Not As Described,321.92
R31738,O110717,2025-05-01,Changed Mind,328.65
R31739,O101085,2025-04-14,Late Delivery,147.65
R31740,O106548,2025-02-18,Damaged,306.66
R31741,O116355,2025-06-08,Late Delivery,170.89
R31742,O121750,2025-04-19,Damaged,177.32
R31743,O112827,2025-06-07,Wrong Item,260.97
R31744,O102652,2025-01-24,Late Delivery,141.87
R31745,O115355,2025-03-28,Damaged,257.45
R31746,O114775,2025-03-06,Wrong Item,229.21
R31747,O120077,2025-03-02,Late Delivery,16.0
R31748,O119599,2025-04-19,Late Delivery,157.05
R31749,O107006,2025-02-11,Damaged,117.94
R31750,O117097,2025-06-07,Wrong Item,40.05
R31751,O105274,2025-06-11,Damaged,301.35
R31752,O106100,2025-06-04,Not As Described,349.95
R31753,O103861,2025-03-14,Wrong Item,278.56
R31754,O104706,2025-04-14,Changed Mind,247.19
R31755,O112873,2025-06-18,Changed Mind,92.46
R31756,O108098,2025-04-28,Late Delivery,107.89
R31757,O114108,2025-03-16,Changed Mind,116.4
R31758,O103332,2025-04-05,Damaged,210.82
R31759,O121400,2025-01-21,Wrong Item,183.04
R31760,O121337,2025-06-13,Damaged,349.94
R31761,O119069,2025-06-07,Late Delivery,166.15
R31762,O111056,2025-06-04,Late Delivery,69.16
R31763,O112099,2025-06-06,Late Delivery,187.01
R31764,O119811,2025-01-15,Wrong Item,290.06
R31765,O118408,2025-07-03,Wrong Item,261.82
R31766,O116645,2025-01-17,Size Issue,295.55
R31767,O118179,2025-02-05,Not As Described,192.76
R31768,O102282,2025-01-20,Size Issue,234.85
R31769,O121987,2025-05-24,Wrong Item,53.02
R31770,O117755,2025-06-09,Damaged,221.05
R31771,O110784,2025-05-29,Late Delivery,151.06
R31772,O118395,2025-04-05,Not As Described,236.63
R31773,O106524,2025-05-10,Not As Described,127.02
R31774,O102802,2025-03-07,Damaged,215.02
R31775,O113718,2025-06-04,Late Delivery,74.1
R31776,O121745,2025-01-12,Wrong Item,152.99
R31777,O104662,2025-05-24,Late Delivery,38.78
R31778,O111905,2025-03-08,Late Delivery,326.3
R31779,O111552,2025-07-02,Late Delivery,148.51
R31780,O108542,2025-04-05,Damaged,222.99
R31781,O121376,2025-02-18,Not As Described,18.69
R31782,O115955,2025-02-01,Size Issue,186.88
R31783,O110518,2025-01-29,Size Issue,282.61
R31784,O121075,2025-05-26,Wrong Item,79.17
R31785,O115777,2025-06-09,Size Issue,110.2
R31786,O112270,2025-04-22,Not As Described,12.47
R31787,O121758,2025-06-26,Wrong Item,218.26
R31788,O118173,2025-05-21,Size Issue,35.27
R31789,O103596,2025-03-23,Not As Described,159.53
R31790,O113293,2025-03-22,Damaged,113.26
R31791,O121447,2025-02-20,Not As Described,296.6
R31792,O103888,2025-06-23,Damaged,59.87
R31793,O107932,2025-03-24,Not As Described,297.4
R31794,O106792,2025-04-17,Late Delivery,298.46
R31795,O103593,2025-03-19,Size Issue,156.19
R31796,O121209,2025-05-19,Not As Described,319.3
R31797,O111952,2025-05-20,Size Issue,344.38
R31798,O117567,2025-03-25,Changed Mind,92.13
R31799,O113721,2025-06-15,Wrong Item,7.36
R31800,O108400,2025-06-28,Late Delivery,100.36
R31801,O112480,2025-06-14,Damaged,98.89
R31802,O100067,2025-05-05,Changed Mind,299.18
R31803,O116908,2025-06-06,Size Issue,61.46
R31804,O109727,2025-04-12,Late Delivery,85.56
R31805,O100655,2025-04-30,Late Delivery,21.04
R31806,O106628,2025-02-20,Wrong Item,166.83
R31807,O121313,2025-05-31,Changed Mind,311.51
R31808,O113964,2025-04-12,Changed Mind,97.85
R31809,O105111,2025-05-13,Late Delivery,85.28
R31810,O106567,2025-04-02,Size Issue,39.3
R31811,O110921,2025-06-19,Damaged,228.94
R31812,O105732,2025-06-03,Size Issue,47.28
R31813,O101936,2025-04-07,Late Delivery,108.07
R31814,O115187,2025-05-21,Wrong Item,159.39
R31815,O100751,2025-02-09,Changed Mind,18.92
R31816,O121398,2025-05-20,Late Delivery,77.97
R31817,O109138,2025-02-05,Wrong Item,296.34
R31818,O101358,2025-06-08,Not As Described,321.9
R31819,O108922,2025-01-21,Size Issue,92.2
R31820,O119036,2025-02-22,Size Issue,154.6
R31821,O113073,2025-02-13,Not As Described,238.64
R31823,O111081,2025-04-30,Not As Described,81.94
R31824,O117016,2025-06-06,Not As Described,125.37
R31825,O119761,2025-05-06,Damaged,177.7
R31826,O103399,2025-05-25,Size Issue,120.55
R31827,O108266,2025-06-12,Size Issue,211.96
R31828,O111040,2025-06-26,Damaged,119.71
R31829,O106375,2025-06-26,Wrong Item,143.52
R31830,O119793,2025-06-18,Late Delivery,215.38
R31831,O109294,2025-01-26,Late Delivery,118.61
R31832,O118875,2025-02-12,Size Issue,178.68
R31833,O108116,2025-03-25,Late Delivery,267.5
R31834,O121117,2025-05-23,Late Delivery,9.2
R31835,O121701,2025-05-26,Damaged,321.3
R31836,O107405,2025-02-25,Size Issue,329.86
R31837,O120044,2025-06-20,Wrong Item,122.82
R31838,O110536,2025-06-12,Wrong Item,271.78
R31839,O111513,2025-05-03,Size Issue,229.74
R31840,O100701,2025-01-28,Late Delivery,106.27
R31841,O108212,2025-05-06,Damaged,343.02
R31842,O113393,2025-01-11,Not As Described,259.57
R31843,O118798,2025-04-02,Damaged,17.47
R31844,O103909,2025-06-05,Size Issue,40.14
R31845,O100726,2025-05-23,Size Issue,47.5
R31846,O100056,2025-03-25,Late Delivery,196.02
R31847,O106656,2025-03-16,Damaged,78.77
R31848,O114242,2025-04-02,Not As Described,90.07
R31849,O112136,2025-02-02,Damaged,21.53
R31850,O117664,2025-03-17,Damaged,246.25
R31851,O102324,2025-03-01,Not As Described,139.34
R31852,O114230,2025-04-26,Damaged,81.41
R31854,O120868,2025-02-17,Damaged,54.63
R31855,O118529,2025-05-21,Changed Mind,227.64
R31856,O120842,2025-04-18,Size Issue,58.82
R31857,O101817,2025-05-21,Changed Mind,178.28
R31858,O110552,2025-02-03,Wrong Item,267.44
R31859,O117768,2025-01-29,Damaged,230.32
R31860,O112169,2025-02-23,Not As Described,133.61
R31861,O115295,2025-03-04,Late Delivery,172.52
R31862,O101062,2025-06-20,Size Issue,86.99
R31863,O102685,2025-01-15,Not As Described,43.42
R31864,O110420,2025-03-02,Late Delivery,94.94
R31865,O107817,2025-05-23,Late Delivery,175.18
R31866,O111767,2025-05-16,Changed Mind,281.46
R31867,O111189,2025-04-05,Changed Mind,196.8
R31868,O102865,2025-04-29,Size Issue,219.01
R31869,O111827,2025-05-25,Size Issue,146.41
R31870,O110876,2025-02-06,Late Delivery,211.46
R31871,O101027,2025-01-28,Changed Mind,98.35
R31872,O114196,2025-06-04,Damaged,305.04
R31873,O113970,2025-03-11,Wrong Item,86.63
R31874,O107724,2025-06-13,Damaged,173.36
R31875,O101459,2025-05-13,Late Delivery,332.39
R31876,O117545,2025-05-25,Damaged,140.9
R31877,O118517,2025-01-28,Late Delivery,248.59
R31878,O105516,2025-03-19,Late Delivery,226.69
R31879,O109466,2025-04-04,Damaged,226.91
R31880,O115038,2025-06-04,Damaged,177.34
R31881,O106695,2025-01-10,Damaged,85.1
R31882,O116353,2025-01-13,Wrong Item,75.61
R31883,O101963,2025-06-15,Wrong Item,125.49
R31884,O107414,2025-06-25,Not As Described,299.86
R31885,O113744,2025-06-03,Damaged,267.78
R31886,O106913,2025-06-18,Late Delivery,331.29
R31887,O100997,2025-02-19,Late Delivery,244.66
R31888,O113502,2025-02-03,Changed Mind,153.66
R31889,O104073,2025-05-01,Changed Mind,70.3
R31890,O121290,2025-05-07,Changed Mind,76.17
R31891,O109495,2025-06-04,Changed Mind,88.84
R31892,O109860,2025-01-20,Not As Described,79.5
R31893,O120196,2025-04-12,Wrong Item,174.52
R31894,O115489,2025-03-29,Damaged,130.15
R31895,O103989,2025-02-14,Size Issue,97.72
R31896,O101851,2025-05-31,Damaged,94.88
R31897,O102123,2025-04-26,Damaged,112.62
R31898,O101938,2025-04-26,Late Delivery,147.97
R31899,O112477,2025-06-06,Not As Described,242.67
R31900,O119070,2025-03-02,Not As Described,266.69
R31901,O102265,2025-03-05,Late Delivery,317.35
R31902,O100660,2025-04-13,Late Delivery,204.13
R31903,O103011,2025-01-30,Changed Mind,34.53
R31904,O109071,2025-06-17,Damaged,245.13
R31905,O107861,2025-06-25,Changed Mind,35.28
R31906,O114914,2025-03-29,Wrong Item,10.1
R31907,O111310,2025-05-17,Late Delivery,152.89
R31908,O103582,2025-05-25,Damaged,88.73
R31909,O115869,2025-01-13,Wrong Item,290.04
R31910,O117798,2025-05-06,Not As Described,328.73
R31911,O102861,2025-01-11,Wrong Item,86.24
R31912,O112134,2025-06-28,Size Issue,273.82
R31913,O118965,2025-03-30,Changed Mind,55.54
R31914,O108817,2025-02-26,Wrong Item,302.45
R31915,O109202,2025-02-09,Not As Described,164.9
R31916,O114357,2025-06-29,Not As Described,77.41
R31917,O112241,2025-04-19,Changed Mind,40.29
R31918,O111303,2025-01-13,Wrong Item,198.55
R31919,O108116,2025-02-08,Late Delivery,23.11
R31920,O103575,2025-02-08,Wrong Item,235.9
R31921,O117522,2025-06-04,Changed Mind,250.16
R31922,O108418,2025-03-10,Late Delivery,238.38
R31923,O102237,2025-06-06,Damaged,206.24
R31924,O119383,2025-01-28,Wrong Item,132.81
R31925,O107559,2025-01-10,Wrong Item,42.51
R31926,O107041,2025-03-12,Size Issue,44.9
R31927,O105346,2025-05-24,Size Issue,51.87
R31928,O116212,2025-02-09,Not As Described,208.61
R31929,O114036,2025-06-03,Size Issue,295.71
R31930,O113452,2025-05-09,Not As Described,64.34
R31931,O119968,2025-03-27,Damaged,136.13
R31932,O103855,2025-02-11,Wrong Item,252.71
R31933,O114145,2025-06-22,Size Issue,217.85
R31934,O115387,2025-03-29,Size Issue,195.6
R31935,O116485,2025-04-07,Not As Described,175.46
R31936,O117785,2025-02-08,Not As Described,47.64
R31937,O117220,2025-03-11,Damaged,124.14
R31938,O107768,2025-04-27,Wrong Item,30.96
R31939,O111989,2025-01-18,Not As Described,179.05
R31940,O112972,2025-06-03,Changed Mind,278.42
R31941,O120243,2025-01-23,Size Issue,313.2
R31942,O112226,2025-07-03,Size Issue,161.04
R31943,O102216,2025-05-23,Changed Mind,108.68
R31944,O118316,2025-04-01,Not As Described,44.63
R31945,O104172,2025-05-24,Not As Described,292.17
R31946,O114621,2025-02-02,Changed Mind,323.08
R31947,O102240,2025-05-16,Wrong Item,204.65
R31948,O102681,2025-02-08,Size Issue,10.16
R31949,O103818,2025-01-18,Size Issue,254.69
R31950,O116879,2025-03-21,Not As Described,317.34
R31951,O121328,2025-04-01,Size Issue,67.17
R31952,O110015,2025-01-23,Late Delivery,126.71
R31953,O108736,2025-02-11,Not As Described,89.88
R31954,O119395,2025-03-25,Size Issue,85.92
R31955,O117673,2025-03-03,Wrong Item,32.4
R31956,O121805,2025-05-06,Late Delivery,215.55
R31957,O109045,2025-03-01,Changed Mind,85.67
R31958,O102877,2025-04-20,Changed Mind,100.24
R31959,O110879,2025-01-25,Late Delivery,310.01
R31960,O112719,2025-04-05,Size Issue,57.2
R31961,O102582,2025-05-23,Late Delivery,28.07
R31962,O113419,2025-05-15,Changed Mind,182.67
R31963,O103662,2025-03-01,Size Issue,283.87
R31964,O107876,2025-04-15,Changed Mind,141.58
R31965,O104602,2025-04-20,Changed Mind,8.23
R31966,O121044,2025-02-12,Wrong Item,36.16
R31967,O121500,2025-04-30,Changed Mind,236.76
R31968,O110539,2025-01-28,Damaged,284.61
R31969,O114628,2025-03-04,Not As Described,151.09
R31970,O108552,2025-07-03,Late Delivery,71.96
R31971,O107190,2025-04-07,Damaged,106.33
R31972,O112177,2025-05-18,Changed Mind,122.95
R31973,O104246,2025-06-10,Wrong Item,214.66
R31974,O105021,2025-04-20,Wrong Item,152.21
R31975,O115425,2025-06-02,Late Delivery,14.52
R31976,O106004,2025-03-11,Size Issue,155.16
R31977,O104288,2025-03-02,Changed Mind,134.31
R31978,O120180,2025-04-08,Late Delivery,138.67
R31979,O112179,2025-03-10,Not As Described,95.71
R31980,O103453,2025-06-15,Damaged,27.78
R31981,O107141,2025-01-23,Damaged,134.67
R31982,O104694,2025-01-09,Damaged,235.16
R31983,O103867,2025-06-17,Changed Mind,13.41
R31985,O102180,2025-05-27,Not As Described,128.95
R31986,O102995,2025-03-31,Size Issue,284.57
R31987,O116372,2025-04-28,Not As Described,60.91
R31988,O117153,2025-01-31,Wrong Item,85.96
R31989,O120390,2025-04-11,Late Delivery,264.25
R31990,O115471,2025-06-19,Damaged,300.51
R31991,O115364,2025-03-23,Size Issue,243.44
R31992,O117782,2025-05-03,Damaged,179.43
R31993,O108797,2025-06-27,Damaged,271.49
R31994,O104968,2025-03-12,Not As Described,155.94
R31995,O105894,2025-01-30,Changed Mind,348.87
R31996,O102460,2025-06-23,Wrong Item,7.83
R31997,O107790,2025-04-03,Late Delivery,32.1
R31998,O118304,2025-04-16,Not As Described,258.7
R31999,O108672,2025-04-14,Changed Mind,251.36
R32000,O104410,2025-03-10,Changed Mind,136.16
R32001,O121547,2025-06-06,Changed Mind,295.56
R32002,O102970,2025-05-12,Not As Described,301.0
R32003,O100706,2025-06-02,Not As Described,94.44
R32004,O110837,2025-02-24,Changed Mind,314.07
R32005,O110049,2025-04-09,Damaged,337.51
R32006,O120041,2025-04-06,Size Issue,121.86
R32007,O118458,2025-02-06,Wrong Item,36.17
R32008,O113719,2025-02-02,Not As Described,288.43
R32009,O116836,2025-04-15,Not As Described,193.91
R32010,O104835,2025-03-23,Late Delivery,201.7
R32011,O111369,2025-03-12,Changed Mind,271.7
R32012,O104686,2025-04-18,Damaged,187.33
R32014,O117941,2025-06-14,Changed Mind,108.44
R32015,O102490,2025-01-18,Not As Described,212.66
R32016,O106253,2025-06-25,Damaged,136.48
R32017,O111994,2025-02-11,Wrong Item,159.57
R32018,O109669,2025-05-18,Changed Mind,114.27
R32019,O105942,2025-03-10,Wrong Item,287.82
R32020,O118922,2025-05-08,Changed Mind,66.59
R32021,O109547,2025-05-12,Wrong Item,215.92
R32022,O108809,2025-02-23,Size Issue,335.35
R32023,O112375,2025-05-04,Damaged,176.86
R32024,O115333,2025-01-15,Changed Mind,105.48
R32025,O117103,2025-02-17,Late Delivery,129.19
R32026,O118921,2025-05-27,Not As Described,312.67
R32027,O109100,2025-06-09,Size Issue,343.33
R32028,O111692,2025-04-25,Size Issue,91.5
R32029,O102824,2025-06-23,Changed Mind,92.89
R32030,O104985,2025-04-14,Damaged,186.77
R32031,O105891,2025-04-22,Damaged,145.39
R32033,O111141,2025-04-05,Late Delivery,270.79
R32034,O103784,2025-03-12,Size Issue,158.49
R32035,O113041,2025-03-24,Not As Described,208.81
R32036,O104289,2025-02-22,Late Delivery,150.62
R32037,O116621,2025-05-21,Size Issue,110.99
R32038,O116450,2025-01-29,Wrong Item,42.93
R32039,O120747,2025-04-14,Size Issue,184.18
R32040,O121053,2025-03-14,Wrong Item,115.69
R32041,O106165,2025-03-14,Changed Mind,62.13
R32042,O117212,2025-01-25,Late Delivery,27.25
R32043,O110741,2025-07-01,Not As Described,248.77
R32044,O103021,2025-04-23,Wrong Item,285.67
R32045,O100170,2025-01-27,Late Delivery,238.62
R32046,O102543,2025-01-16,Changed Mind,93.09
R32047,O102715,2025-02-03,Changed Mind,131.09
R32048,O111626,2025-06-16,Damaged,310.87
R32049,O112669,2025-05-06,Wrong Item,335.75
R32050,O103263,2025-03-31,Wrong Item,18.0
R32051,O100145,2025-06-19,Damaged,282.29
R32052,O107813,2025-03-01,Changed Mind,82.58
R32053,O118375,2025-04-03,Changed Mind,27.11
R32054,O105920,2025-05-25,Damaged,265.32
R32055,O119638,2025-06-19,Size Issue,198.74
R32056,O121892,2025-03-25,Not As Described,333.73
R32057,O112226,2025-04-22,Late Delivery,167.85
R32058,O108439,2025-03-16,Wrong Item,7.02
R32059,O109602,2025-01-18,Not As Described,229.87
R32060,O118480,2025-04-13,Late Delivery,205.74
R32061,O121141,2025-02-08,Damaged,220.24
R32062,O115288,2025-01-17,Size Issue,91.04
R32063,O105213,2025-02-25,Not As Described,189.24
R32064,O114143,2025-06-28,Changed Mind,48.59
R32065,O111508,2025-05-31,Late Delivery,237.8
R32066,O114404,2025-05-27,Damaged,122.48
R32067,O115109,2025-01-08,Wrong Item,299.81
R32068,O119299,2025-02-11,Late Delivery,181.29
R32069,O119487,2025-05-13,Size Issue,56.69
R32070,O100340,2025-03-03,Late Delivery,325.7
R32071,O101026,2025-01-10,Late Delivery,178.56
R32072,O104908,2025-03-16,Not As Described,62.29
R32073,O113596,2025-02-13,Late Delivery,19.14
R32074,O101709,2025-05-12,Changed Mind,305.76
R32075,O107326,2025-04-25,Size Issue,100.71
R32076,O120300,2025-03-02,Not As Described,331.51
R32077,O101235,2025-04-26,Not As Described,124.89
R32078,O102108,2025-02-11,Size Issue,11.84
R32079,O103227,2025-05-18,Size Issue,40.66
R32080,O110194,2025-02-03,Size Issue,323.02
R32081,O106078,2025-03-16,Late Delivery,287.87
R32082,O109338,2025-06-19,Not As Described,139.05
R32083,O103223,2025-03-15,Changed Mind,216.85
R32084,O115524,2025-06-30,Damaged,186.83
R32085,O103283,2025-03-18,Changed Mind,266.96
R32086,O117442,2025-05-04,Size Issue,326.81
R32087,O100074,2025-02-06,Changed Mind,188.0
R32088,O112149,2025-05-23,Wrong Item,276.19
R32089,O105722,2025-06-05,Not As Described,343.79
R32090,O114609,2025-03-07,Changed Mind,322.07
R32091,O121590,2025-06-08,Late Delivery,201.52
R32092,O114713,2025-03-30,Late Delivery,79.05
R32093,O115310,2025-03-03,Size Issue,287.41
R32094,O109604,2025-01-13,Late Delivery,137.05
R32095,O109779,2025-06-04,Late Delivery,275.8
R32096,O114804,2025-04-23,Not As Described,104.12
R32097,O102655,2025-06-04,Wrong Item,243.49
R32098,O101008,2025-01-19,Size Issue,322.82
R32099,O108146,2025-04-25,Wrong Item,243.26
R32100,O117756,2025-05-14,Changed Mind,232.36
R32101,O102507,2025-04-20,Late Delivery,70.38
R32102,O102145,2025-03-15,Wrong Item,45.19
R32103,O113486,2025-07-04,Size Issue,34.51
R32104,O119475,2025-06-25,Damaged,70.77
R32105,O104246,2025-06-12,Changed Mind,197.29
R32106,O120474,2025-06-17,Not As Described,185.56
R32107,O119135,2025-07-04,Damaged,66.56
R32108,O114026,2025-01-08,Late Delivery,27.07
R32109,O119927,2025-06-02,Changed Mind,187.6
R32110,O114528,2025-02-21,Not As Described,293.9
R32111,O104356,2025-02-21,Wrong Item,336.63
R32112,O100796,2025-05-17,Damaged,252.82
R32113,O105451,2025-05-25,Damaged,141.05
R32114,O119381,2025-03-20,Late Delivery,183.07
R32115,O100200,2025-06-14,Size Issue,239.69
R32116,O120294,2025-05-18,Size Issue,213.86
R32117,O114330,2025-05-04,Wrong Item,111.54
R32118,O120836,2025-03-18,Size Issue,276.89
R32119,O120222,2025-03-30,Changed Mind,231.21
R32120,O109748,2025-04-07,Size Issue,163.06
R32121,O115312,2025-02-05,Not As Described,247.01
R32122,O115976,2025-03-09,Changed Mind,54.24
R32123,O108838,2025-04-02,Size Issue,249.57
R32124,O102822,2025-05-25,Changed Mind,126.53
R32125,O109304,2025-05-04,Late Delivery,246.15
R32126,O100735,2025-02-11,Late Delivery,214.38
R32127,O101821,2025-05-13,Damaged,256.6
R32128,O108060,2025-02-08,Not As Described,343.24
R32129,O112096,2025-05-04,Wrong Item,268.74
R32130,O101963,2025-03-17,Damaged,324.16
R32131,O107852,2025-02-27,Late Delivery,36.63
R32132,O106959,2025-01-13,Wrong Item,153.42
R32133,O107161,2025-06-21,Wrong Item,134.5
R32134,O107636,2025-04-26,Wrong Item,224.47
R32135,O101799,2025-05-29,Size Issue,182.56
R32136,O117040,2025-05-31,Not As Described,217.5
R32137,O104189,2025-02-07,Late Delivery,287.62
R32138,O118581,2025-02-04,Not As Described,144.41
R32139,O105632,2025-04-16,Wrong Item,12.57
R32140,O117486,2025-03-18,Late Delivery,99.44
R32141,O116030,2025-01-16,Size Issue,211.15
R32142,O104692,2025-02-28,Damaged,20.87
R32143,O103193,2025-03-27,Size Issue,239.74
R32144,O118955,2025-03-02,Late Delivery,198.14
R32145,O103991,2025-06-08,Wrong Item,313.39
R32146,O103106,2025-05-16,Late Delivery,229.52
R32147,O120926,2025-05-21,Damaged,257.48
R32148,O119349,2025-01-24,Wrong Item,86.87
R32149,O103530,2025-05-17,Late Delivery,347.78
R32150,O116001,2025-05-14,Not As Described,188.83
R32151,O114066,2025-03-01,Changed Mind,311.47
R32152,O112719,2025-05-28,Wrong Item,329.48
R32153,O102174,2025-05-08,Wrong Item,214.77
R32154,O116116,2025-05-01,Changed Mind,155.85
R32155,O103578,2025-06-23,Size Issue,235.63
R32156,O113615,2025-04-09,Not As Described,156.13
R32157,O120255,2025-05-19,Size Issue,152.52
R32158,O117174,2025-03-05,Wrong Item,120.65
R32159,O118358,2025-03-08,Changed Mind,187.48
R32160,O118562,2025-03-03,Size Issue,326.65
R32161,O118430,2025-04-21,Wrong Item,307.9
R32162,O114427,2025-03-21,Late Delivery,321.3
R32163,O116184,2025-05-09,Changed Mind,43.88
R32164,O110490,2025-05-03,Changed Mind,37.12
R32165,O107973,2025-01-11,Damaged,228.97
R32166,O106643,2025-03-13,Changed Mind,185.55
R32167,O112124,2025-02-01,Wrong Item,94.34
R32168,O108801,2025-03-08,Late Delivery,96.74
R32169,O104452,2025-01-10,Damaged,269.76
R32170,O109986,2025-06-11,Not As Described,269.95
R32171,O109884,2025-01-11,Changed Mind,189.61
R32172,O105348,2025-06-16,Late Delivery,116.12
R32173,O113783,2025-02-05,Changed Mind,134.48
R32174,O119614,2025-04-07,Size Issue,212.17
R32175,O121841,2025-02-26,Late Delivery,338.78
R32176,O120850,2025-05-19,Not As Described,42.48
R32177,O105170,2025-06-20,Changed Mind,274.67
R32178,O119473,2025-04-25,Wrong Item,86.28
R32179,O100107,2025-01-13,Changed Mind,185.7
R32180,O116094,2025-02-24,Wrong Item,189.68
R32181,O110672,2025-05-27,Damaged,245.53
R32182,O113226,2025-02-09,Size Issue,219.06
R32183,O112776,2025-04-19,Late Delivery,327.33
R32184,O102811,2025-02-11,Changed Mind,125.7
R32185,O117446,2025-04-07,Late Delivery,102.5
R32186,O108657,2025-03-16,Size Issue,223.46
R32187,O100911,2025-02-19,Changed Mind,317.01
R32188,O100711,2025-01-18,Late Delivery,109.53
R32189,O110922,2025-03-16,Wrong Item,302.01
R32190,O105309,2025-01-25,Wrong Item,60.79
R32191,O116005,2025-06-24,Late Delivery,225.83
R32192,O105156,2025-02-20,Changed Mind,15.06
R32193,O113595,2025-03-08,Wrong Item,214.97
R32194,O118360,2025-01-29,Size Issue,234.87
R32195,O119966,2025-06-13,Size Issue,280.17
R32196,O116470,2025-01-16,Size Issue,294.16
R32197,O105164,2025-06-24,Late Delivery,141.82
R32198,O108875,2025-04-09,Late Delivery,192.8
R32199,O105201,2025-05-03,Late Delivery,301.51
R32200,O119436,2025-05-06,Changed Mind,123.69
R32201,O105987,2025-02-11,Damaged,224.63
R32202,O104075,2025-01-09,Damaged,247.97
R32203,O112397,2025-03-17,Changed Mind,92.87
R32204,O118142,2025-03-20,Not As Described,33.84
R32205,O112640,2025-01-24,Late Delivery,202.1
R32206,O120185,2025-01-13,Size Issue,62.62
R32207,O113454,2025-01-22,Changed Mind,278.64
R32208,O120072,2025-07-03,Changed Mind,278.62
R32209,O114117,2025-05-14,Not As Described,213.98
R32210,O100825,2025-07-03,Damaged,67.14
R32211,O118295,2025-06-08,Size Issue,84.77
R32212,O107153,2025-03-18,Size Issue,113.48
R32213,O112794,2025-02-02,Wrong Item,289.86
R32214,O107604,2025-06-01,Not As Described,200.16
R32215,O101857,2025-03-04,Damaged,44.38
R32216,O121288,2025-02-17,Late Delivery,105.9
R32217,O107335,2025-03-18,Late Delivery,313.19
R32218,O120239,2025-04-13,Damaged,298.62
R32219,O102885,2025-03-10,Wrong Item,292.82
R32220,O109299,2025-05-29,Damaged,294.79
R32221,O107329,2025-06-21,Changed Mind,161.72
R32222,O108453,2025-01-27,Wrong Item,146.67
R32223,O111815,2025-01-23,Size Issue,278.05
R32224,O115511,2025-06-16,Size Issue,171.28
R32225,O115901,2025-05-11,Damaged,85.87
R32226,O105318,2025-06-14,Changed Mind,121.11
R32227,O117649,2025-03-28,Wrong Item,299.89
R32228,O115368,2025-02-02,Not As Described,237.25
R32229,O117812,2025-06-19,Not As Described,213.08
R32230,O117785,2025-02-13,Wrong Item,11.7
R32231,O116679,2025-02-13,Late Delivery,33.69
R32232,O117282,2025-03-19,Damaged,149.72
R32233,O109695,2025-05-27,Size Issue,342.73
R32234,O107647,2025-05-07,Size Issue,307.89
R32235,O117990,2025-01-15,Size Issue,342.54
R32236,O120485,2025-06-07,Changed Mind,110.88
R32237,O121665,2025-05-30,Damaged,68.41
R32238,O109440,2025-05-09,Wrong Item,71.65
R32239,O110817,2025-02-15,Changed Mind,44.76
R32240,O112191,2025-04-17,Size Issue,349.67
R32241,O114672,2025-03-14,Not As Described,215.43
R32242,O118226,2025-06-04,Wrong Item,89.13
R32243,O107944,2025-04-22,Late Delivery,191.9
R32244,O116090,2025-03-01,Wrong Item,8.18
R32245,O112955,2025-02-23,Wrong Item,226.96
R32246,O101674,2025-02-22,Size Issue,123.79
R32247,O108115,2025-04-13,Size Issue,41.39
R32248,O112202,2025-01-28,Size Issue,327.64
R32249,O109249,2025-05-14,Damaged,340.13
R32250,O100360,2025-03-25,Size Issue,132.29
R32251,O110241,2025-02-13,Size Issue,30.57
R32252,O104466,2025-02-24,Late Delivery,22.85
R32253,O113494,2025-03-23,Late Delivery,51.44
R32254,O117358,2025-01-11,Changed Mind,336.28
R32255,O109914,2025-03-16,Not As Described,72.58
R32256,O106510,2025-07-04,Late Delivery,243.64
R32257,O112361,2025-06-22,Size Issue,127.38
R32258,O118194,2025-06-29,Changed Mind,228.0
R32259,O107706,2025-03-03,Changed Mind,59.16
R32260,O108283,2025-02-21,Size Issue,179.23
R32261,O105641,2025-04-25,Changed Mind,149.95
R32262,O104085,2025-02-02,Size Issue,319.96
R32263,O111232,2025-02-04,Changed Mind,64.82
R32264,O100196,2025-05-24,Changed Mind,167.85
R32265,O107613,2025-06-16,Wrong Item,253.12
R32266,O108321,2025-01-21,Changed Mind,242.53
R32267,O113006,2025-01-17,Size Issue,118.67
R32268,O113715,2025-02-26,Changed Mind,152.91
R32269,O108225,2025-03-27,Late Delivery,226.62
R32270,O112977,2025-04-15,Size Issue,302.58
R32271,O117188,2025-05-22,Changed Mind,258.71
R32272,O100291,2025-04-28,Damaged,108.07
R32273,O110744,2025-02-02,Not As Described,115.23
R32274,O105174,2025-07-03,Changed Mind,5.93
R32275,O106525,2025-04-15,Size Issue,148.03
R32276,O111258,2025-03-04,Wrong Item,326.83
R32277,O104157,2025-01-20,Damaged,178.2
R32278,O114254,2025-05-09,Size Issue,103.71
R32279,O101388,2025-01-11,Damaged,260.45
R32280,O104989,2025-02-15,Wrong Item,16.92
R32281,O105510,2025-05-27,Late Delivery,268.53
R32282,O105815,2025-04-20,Late Delivery,278.31
R32283,O110006,2025-05-02,Wrong Item,98.05
R32284,O102291,2025-07-04,Wrong Item,275.27
R32285,O119464,2025-06-24,Not As Described,103.57
R32286,O107854,2025-02-20,Wrong Item,245.84
R32287,O111044,2025-01-22,Changed Mind,164.32
R32288,O106275,2025-02-15,Damaged,135.6
R32289,O115357,2025-01-16,Changed Mind,229.14
R32290,O113537,2025-01-16,Not As Described,73.47
R32291,O111694,2025-06-09,Late Delivery,43.65
R32292,O112601,2025-04-03,Changed Mind,133.35
R32293,O109496,2025-03-09,Not As Described,46.54
R32294,O115909,2025-04-18,Size Issue,97.53
R32295,O105222,2025-04-24,Wrong Item,202.94
R32296,O111401,2025-02-11,Damaged,57.28
R32297,O118450,2025-01-25,Size Issue,118.0
R32298,O111637,2025-06-03,Size Issue,183.87
R32299,O102232,2025-04-10,Damaged,81.45
R32300,O109767,2025-02-27,Wrong Item,240.87
R32301,O107717,2025-04-22,Changed Mind,91.19
R32302,O101302,2025-05-27,Changed Mind,270.05
R32303,O111829,2025-06-06,Changed Mind,136.58
R32304,O114410,2025-01-15,Damaged,324.06
R32305,O121918,2025-01-10,Wrong Item,150.5
R32306,O106547,2025-04-04,Not As Described,197.45
R32307,O105527,2025-05-07,Late Delivery,96.74
R32308,O101309,2025-05-09,Changed Mind,30.43
R32309,O107087,2025-06-11,Changed Mind,158.44
R32310,O117968,2025-03-29,Not As Described,188.99
R32311,O111360,2025-01-15,Damaged,214.33
R32312,O119527,2025-01-23,Damaged,343.47
R32313,O106123,2025-02-01,Not As Described,119.65
R32314,O109361,2025-05-14,Not As Described,289.45
R32315,O117359,2025-03-11,Not As Described,302.68
R32316,O102893,2025-02-11,Changed Mind,216.37
R32318,O119095,2025-06-01,Wrong Item,314.45
R32319,O110528,2025-01-11,Not As Described,227.22
R32320,O120213,2025-01-14,Not As Described,91.74
R32321,O110950,2025-05-06,Size Issue,245.76
R32322,O102331,2025-03-04,Wrong Item,198.29
R32323,O106597,2025-06-14,Size Issue,72.92
R32324,O106165,2025-05-06,Damaged,138.66
R32325,O107746,2025-01-30,Changed Mind,24.48
R32326,O115077,2025-02-25,Not As Described,115.51
R32327,O101896,2025-01-16,Size Issue,98.8
R32328,O107268,2025-06-24,Wrong Item,115.27
R32329,O116241,2025-05-03,Late Delivery,136.39
R32330,O118084,2025-02-20,Damaged,342.42
R32331,O110423,2025-02-18,Changed Mind,216.03
R32332,O111750,2025-01-31,Late Delivery,217.47
R32333,O106049,2025-02-04,Wrong Item,307.75
R32334,O100377,2025-03-01,Size Issue,57.82
R32335,O104232,2025-05-26,Late Delivery,128.84
R32336,O101775,2025-04-15,Not As Described,235.6
R32337,O103987,2025-06-01,Late Delivery,190.84
R32338,O121773,2025-01-18,Size Issue,307.75
R32339,O106000,2025-05-18,Not As Described,22.78
R32340,O117907,2025-05-08,Changed Mind,19.75
R32341,O114283,2025-01-27,Size Issue,205.15
R32342,O119050,2025-06-24,Changed Mind,182.04
R32343,O111713,2025-04-17,Late Delivery,232.71
R32344,O100838,2025-05-14,Not As Described,25.61
R32345,O112417,2025-02-13,Size Issue,203.28
R32346,O106907,2025-02-24,Late Delivery,103.86
R32347,O103498,2025-02-07,Damaged,119.52
R32348,O117429,2025-01-14,Wrong Item,10.32
R32349,O106174,2025-03-13,Not As Described,130.72
R32350,O117921,2025-03-29,Changed Mind,259.8
R32351,O102918,2025-03-20,Changed Mind,321.71
R32352,O117323,2025-04-22,Changed Mind,126.18
R32353,O105965,2025-02-05,Not As Described,85.26
R32354,O108179,2025-05-14,Not As Described,193.73
R32355,O114020,2025-02-05,Late Delivery,87.67
R32356,O102465,2025-06-02,Not As Described,112.86
R32357,O114064,2025-02-19,Damaged,201.09
R32358,O105386,2025-05-28,Late Delivery,209.88
R32359,O121067,2025-01-25,Size Issue,191.16
R32360,O110717,2025-05-09,Size Issue,159.7
R32361,O111990,2025-01-09,Size Issue,33.04
R32362,O109441,2025-05-04,Not As Described,193.73
R32363,O113210,2025-03-14,Late Delivery,144.08
R32364,O109107,2025-03-27,Wrong Item,36.23
R32365,O100862,2025-03-11,Damaged,325.5
R32366,O119631,2025-04-22,Wrong Item,134.18
R32367,O101160,2025-01-21,Not As Described,102.14
R32368,O104149,2025-02-14,Changed Mind,21.37
R32369,O118158,2025-03-06,Late Delivery,128.76
R32370,O106239,2025-03-26,Damaged,290.14
R32371,O100406,2025-03-24,Size Issue,55.86
R32372,O112603,2025-02-10,Late Delivery,223.43
R32373,O110972,2025-02-24,Not As Described,273.35
R32374,O102505,2025-04-10,Not As Described,193.6
R32375,O103395,2025-02-13,Late Delivery,155.71
R32376,O105092,2025-01-31,Not As Described,79.97
R32377,O105351,2025-06-22,Not As Described,143.32
R32378,O110634,2025-04-19,Wrong Item,242.24
R32379,O116656,2025-01-11,Changed Mind,75.11
R32380,O103894,2025-02-13,Changed Mind,185.88
R32381,O108274,2025-04-05,Changed Mind,237.34
R32382,O100581,2025-02-23,Size Issue,174.84
R32383,O116941,2025-03-03,Late Delivery,117.17
R32384,O112544,2025-06-07,Size Issue,29.25
R32385,O112310,2025-03-18,Wrong Item,264.99
R32386,O120860,2025-01-29,Size Issue,320.12
R32387,O107486,2025-02-13,Not As Described,261.12
R32388,O113585,2025-06-27,Size Issue,59.08
R32389,O119253,2025-01-12,Damaged,170.88
R32390,O117499,2025-06-06,Wrong Item,175.43
R32391,O118413,2025-03-18,Late Delivery,198.37
R32392,O112053,2025-03-27,Damaged,240.82
R32393,O114195,2025-05-02,Size Issue,188.18
R32394,O117865,2025-05-09,Changed Mind,199.17
R32395,O109782,2025-02-23,Damaged,15.63
R32396,O110026,2025-04-14,Not As Described,203.61
R32397,O116214,2025-06-14,Size Issue,30.19
R32398,O119640,2025-01-13,Changed Mind,203.21
R32399,O108820,2025-03-02,Late Delivery,319.49
R32400,O107256,2025-06-29,Wrong Item,288.78
R32401,O108135,2025-02-23,Wrong Item,86.09
R32402,O121362,2025-04-25,Changed Mind,21.04
R32403,O104588,2025-06-21,Wrong Item,332.68
R32404,O116200,2025-06-17,Changed Mind,134.36
R32405,O118736,2025-04-08,Late Delivery,240.22
R32406,O103451,2025-03-29,Wrong Item,239.04
R32407,O111703,2025-02-01,Late Delivery,221.48
R32408,O110102,2025-03-06,Not As Described,199.2
R32409,O107877,2025-02-10,Damaged,246.93
R32410,O102437,2025-05-08,Changed Mind,12.91
R32411,O101992,2025-04-22,Wrong Item,296.87
R32412,O106218,2025-01-28,Not As Described,339.44
R32413,O100222,2025-06-23,Damaged,155.11
R32414,O119523,2025-05-07,Late Delivery,296.0
R32415,O112484,2025-06-11,Not As Described,30.13
R32416,O107635,2025-03-25,Late Delivery,308.05
R32417,O110072,2025-05-30,Damaged,167.29
R32418,O100881,2025-01-14,Size Issue,276.17
R32419,O115596,2025-06-30,Not As Described,214.04
R32420,O113411,2025-02-11,Late Delivery,67.99
R32421,O109229,2025-03-18,Size Issue,204.86
R32422,O111437,2025-04-06,Wrong Item,86.59
R32423,O101108,2025-07-04,Not As Described,37.3
R32424,O118800,2025-04-09,Damaged,66.77
R32425,O106162,2025-06-06,Damaged,320.47
R32426,O118139,2025-05-26,Damaged,97.67
R32427,O113151,2025-04-07,Wrong Item,252.96
R32428,O102805,2025-02-05,Damaged,228.54
R32429,O117284,2025-04-15,Late Delivery,235.52
R32430,O111863,2025-01-17,Wrong Item,241.81
R32431,O103709,2025-02-10,Changed Mind,310.93
R32432,O109812,2025-02-04,Not As Described,185.23
R32433,O111666,2025-02-04,Wrong Item,143.6
R32434,O112402,2025-06-04,Wrong Item,341.18
R32435,O106881,2025-06-27,Damaged,273.65
R32436,O110650,2025-02-05,Not As Described,19.1
R32437,O111467,2025-03-30,Late Delivery,163.29
R32438,O101407,2025-05-25,Late Delivery,347.62
R32439,O108585,2025-06-05,Damaged,73.29
R32440,O116291,2025-01-31,Wrong Item,13.4
R32441,O118555,2025-02-20,Size Issue,19.48
R32442,O116699,2025-04-28,Damaged,43.89
R32443,O100260,2025-05-26,Size Issue,297.81
R32444,O113549,2025-04-21,Not As Described,163.63
R32445,O114871,2025-03-22,Not As Described,286.46
R32446,O120023,2025-06-12,Changed Mind,208.73
R32447,O117851,2025-05-25,Size Issue,9.75
R32448,O105497,2025-04-23,Damaged,147.49
R32449,O113635,2025-03-14,Size Issue,22.97
R32450,O120452,2025-05-10,Not As Described,142.65
R32451,O115861,2025-05-30,Not As Described,171.11
R32452,O114660,2025-04-27,Late Delivery,33.99
R32453,O106875,2025-05-19,Late Delivery,67.6
R32454,O121857,2025-06-29,Changed Mind,254.61
R32455,O107997,2025-04-25,Size Issue,248.95
R32456,O114282,2025-02-09,Late Delivery,77.22
R32457,O105693,2025-03-03,Size Issue,332.08
R32458,O117018,2025-05-06,Not As Described,324.11
R32459,O104856,2025-04-15,Size Issue,169.92
R32460,O114319,2025-01-23,Late Delivery,35.23
R32461,O113274,2025-01-10,Damaged,138.66
R32462,O119410,2025-05-16,Late Delivery,250.39
R32463,O102781,2025-05-22,Not As Described,158.39
R32464,O115910,2025-03-17,Changed Mind,7.43
R32465,O101842,2025-03-28,Wrong Item,163.36
R32466,O113955,2025-05-04,Damaged,319.72
R32467,O116023,2025-03-15,Late Delivery,193.39
R32468,O120520,2025-01-14,Damaged,190.33
R32469,O117422,2025-05-18,Damaged,188.52
R32470,O106322,2025-03-08,Wrong Item,178.38
R32471,O103181,2025-04-30,Size Issue,286.03
R32472,O100076,2025-06-25,Late Delivery,248.21
R32473,O109810,2025-05-30,Wrong Item,28.62
R32474,O105787,2025-01-30,Not As Described,346.44
R32475,O113671,2025-06-01,Size Issue,227.42
R32476,O103351,2025-02-05,Wrong Item,314.6
R32477,O121878,2025-06-03,Wrong Item,13.23
R32479,O113567,2025-05-13,Wrong Item,101.5
R32480,O107508,2025-03-23,Wrong Item,207.07
R32481,O105165,2025-06-15,Wrong Item,56.81
R32482,O106059,2025-06-02,Damaged,54.66
R32483,O101810,2025-02-10,Size Issue,207.79
R32484,O120405,2025-01-29,Wrong Item,46.77
R32485,O117055,2025-04-29,Changed Mind,198.54
R32486,O101046,2025-03-25,Late Delivery,59.88
R32487,O116750,2025-01-19,Size Issue,298.27
R32488,O106834,2025-01-20,Wrong Item,207.4
R32489,O115964,2025-04-21,Size Issue,56.1
R32490,O102518,2025-06-03,Damaged,322.59
R32491,O110919,2025-05-23,Late Delivery,273.23
R32492,O111002,2025-02-28,Wrong Item,97.14
R32493,O121686,2025-04-18,Damaged,237.92
R32494,O119714,2025-06-12,Late Delivery,20.05
R32495,O108832,2025-06-17,Late Delivery,109.68
R32496,O106743,2025-02-09,Size Issue,242.71
R32497,O113816,2025-02-27,Wrong Item,7.68
R32498,O111314,2025-04-01,Damaged,152.06
R32499,O121721,2025-03-07,Damaged,85.41
R32500,O105375,2025-03-20,Changed Mind,117.96
R32501,O117810,2025-05-26,Late Delivery,313.88
R32502,O118811,2025-03-17,Changed Mind,32.19
R32503,O103643,2025-05-18,Changed Mind,194.95
R32504,O104985,2025-04-29,Wrong Item,248.87
R32505,O110606,2025-03-18,Late Delivery,160.44
R32506,O113077,2025-05-02,Size Issue,179.5
R32507,O119509,2025-01-18,Size Issue,279.19
R32509,O111083,2025-02-17,Changed Mind,15.12
R32510,O118966,2025-02-07,Size Issue,150.07
R32511,O106655,2025-03-06,Changed Mind,308.8
R32512,O106220,2025-06-03,Changed Mind,180.04
R32513,O120619,2025-05-23,Changed Mind,169.57
R32514,O113166,2025-04-23,Changed Mind,59.89
R32515,O100926,2025-03-30,Size Issue,279.12
R32516,O113549,2025-03-19,Not As Described,223.38
R32517,O113018,2025-04-28,Damaged,238.96
R32518,O113389,2025-02-24,Damaged,118.32
R32519,O116971,2025-02-14,Wrong Item,324.69
R32520,O117874,2025-01-10,Not As Described,309.94
R32521,O103331,2025-02-20,Not As Described,262.92
R32522,O105551,2025-01-24,Late Delivery,57.37
R32523,O111677,2025-02-19,Wrong Item,319.44
R32524,O112110,2025-02-28,Late Delivery,107.71
R32525,O105987,2025-05-13,Changed Mind,99.63
R32526,O121904,2025-07-02,Late Delivery,124.93
R32528,O120995,2025-01-11,Wrong Item,192.77
R32529,O117602,2025-04-09,Changed Mind,71.38
R32530,O103425,2025-04-02,Late Delivery,49.91
R32531,O112121,2025-01-08,Late Delivery,179.03
R32532,O117546,2025-03-02,Changed Mind,321.96
R32533,O103855,2025-03-04,Changed Mind,347.44
R32534,O114325,2025-01-08,Size Issue,121.99
R32535,O106764,2025-01-23,Late Delivery,346.5
R32536,O113612,2025-01-13,Size Issue,100.43
R32537,O101105,2025-01-12,Wrong Item,124.16
R32538,O103695,2025-05-28,Not As Described,56.69
R32539,O115510,2025-05-20,Size Issue,240.44
R32540,O109994,2025-04-14,Damaged,240.4
R32541,O104918,2025-03-12,Damaged,125.14
R32542,O111257,2025-03-23,Not As Described,348.85
R32543,O111235,2025-04-21,Late Delivery,316.46
R32544,O110288,2025-05-04,Not As Described,188.02
R32545,O118270,2025-03-10,Changed Mind,71.95
R32546,O111170,2025-06-08,Size Issue,21.98
R32547,O101519,2025-02-05,Changed Mind,151.8
R32548,O120914,2025-06-13,Late Delivery,242.87
R32549,O118011,2025-01-09,Size Issue,227.63
R32550,O118846,2025-01-08,Size Issue,236.19
R32551,O103598,2025-05-20,Changed Mind,256.45
R32552,O112792,2025-05-21,Damaged,155.56
R32553,O107369,2025-06-03,Changed Mind,213.6
R32554,O107201,2025-06-02,Damaged,295.93
R32555,O116702,2025-01-31,Wrong Item,292.73
R32556,O107719,2025-02-08,Not As Described,189.32
R32557,O121656,2025-03-13,Late Delivery,71.78
R32558,O116297,2025-02-07,Wrong Item,277.11
R32559,O112621,2025-04-21,Not As Described,312.58
R32560,O118133,2025-01-08,Late Delivery,103.67
R32561,O101226,2025-01-13,Not As Described,169.59
R32562,O101744,2025-06-05,Wrong Item,21.22
R32563,O101756,2025-01-31,Changed Mind,78.51
R32564,O112685,2025-04-16,Damaged,26.9
R32565,O115571,2025-06-02,Size Issue,42.11
R32566,O117111,2025-06-17,Damaged,247.13
R32567,O112661,2025-02-15,Damaged,296.56
R32568,O102082,2025-03-09,Late Delivery,344.92
R32569,O111333,2025-02-12,Size Issue,110.06
R32570,O117706,2025-07-02,Changed Mind,17.22
R32571,O109835,2025-05-14,Wrong Item,79.1
R32572,O101683,2025-02-28,Size Issue,49.1
R32573,O120928,2025-05-04,Wrong Item,298.19
R32574,O107347,2025-06-05,Changed Mind,64.76
R32575,O102822,2025-06-29,Late Delivery,12.23
R32576,O120314,2025-05-24,Not As Described,114.67
R32577,O111251,2025-06-04,Size Issue,160.43
R32578,O120506,2025-05-05,Not As Described,208.99
R32579,O109005,2025-06-15,Size Issue,196.9
R32580,O121840,2025-01-19,Wrong Item,225.89
R32581,O109148,2025-04-17,Damaged,105.11
R32582,O103080,2025-01-10,Not As Described,73.02
R32583,O102670,2025-05-26,Wrong Item,220.5
R32584,O104653,2025-04-04,Changed Mind,308.07
R32585,O105797,2025-03-25,Damaged,291.98
R32586,O108186,2025-05-27,Size Issue,284.51
R32587,O102376,2025-01-29,Not As Described,320.36
R32588,O111104,2025-05-28,Size Issue,92.63
R32589,O118884,2025-04-26,Not As Described,140.43
R32590,O115709,2025-05-10,Late Delivery,243.92
R32591,O107046,2025-03-15,Late Delivery,76.43
R32592,O106762,2025-04-17,Size Issue,45.96
R32593,O102476,2025-03-11,Not As Described,76.0
R32594,O103661,2025-01-18,Size Issue,298.61
R32595,O115677,2025-01-20,Not As Described,180.68
R32596,O116122,2025-01-13,Changed Mind,178.58
R32597,O104450,2025-06-09,Late Delivery,298.58
R32598,O110374,2025-06-07,Damaged,36.77
