customer_id,first_name,last_name,email,city,signup_date,age
C10000,Lilit.,petrosyan,customer0@example.com,vandz.,2024-10-16,36
C10001,Nare,mkrtchyan,customer1@example.com,"""GYUMRI""",2023-04-25,60
C10002,Eva,Stepanyan,customer2@example.com,gyumri,2023-01-26,58
C10003,"""""Mane""""",Martirosyan,customer3@example.com,Hrazdan,2025-01-29,46
C10004,Sona,PEtRoSyan,customer4@example.com,  EtChmIadzin  ,2023-10-09,23
C10005,Lilit,grigoryan,customer5@example.com,Abovyan,2023-09-08,42
C10006,Saro,SARgSyan,customer6@example.com,Artashat.,2023-08-17,N/A
C10007,Mane,Sargsyan,customer7@example.com,"""Etch.""",2023-05-23,42
C10008,Mane,MANUKYAN,customer8@example.com,VANAdZOR,2025-01-24,33
C10009,Arman,Vardanyan,customer9@example.com,Abovyan,2023-04-15,33
C10010,"Sona,","""""GRIGORYAN""""",customer10@example.com,"Artashat,",2024-11-23,23
C10011,Anna,gRigorYaN,customer11@example.com,vanadzor,2025-01-28,54
C10012,Mariam,Petrosyan,customer12@example.com,Etchmiadzin,2025-07-02,38
C10013,Suren,Martirosyan,customer13@example.com,Abovyan,2024-07-12,21
C10014,Hayk,Hovhannisyan,customer14@example.com,'Vanadzor',2023-03-31,51
C10015,#Mariam,'Avetisyan',customer15@example.com,#YEREVAN,2024-08-27,45
C10016,"Ani,",Vardanyan,customer16@example.com,yerevan city,2024-03-08,55
C10017,Suren,#Petrosyan,,"""""diliJaN""""",2023-02-02,58
C10018,Suren,HAKOBYAN,customer18@example.com,"""Abovyan""",2023-01-31,45
C10019,LUSINE,Stepanyan,customer19@example.com,"vanadzor,",2023-04-06,34
C10020,gOR,SaRgsYAN,customer20@example.com,'artashat',2023-08-12,N/A
C10021,Mikael,Stepanyan,customer21@example.com,Vanadzor.,2023-08-27,24
C10022,eva,'sargSyaN',customer22@example.com,'Gyumri',2024-06-01,39
C10023,'Eva',maNuKyAN,customer23@example.com,Hrazdan,2024-09-08,18
C10024,Saro,Hovhannisyan,customer24@example.com,"""Hrazdan""",2023-01-28,46
C10025,Suren,HAKOBYAN,customer25@example.com,Yev.,2024-07-28,48
C10026,Nare,Sargsyan,customer26@example.com,gYuMRI,2023-07-23,47
C10027,Anna,Petrosyan,,Gym,2025-01-03,32
C10028,"naREk,",HAKOBYAN,customer28@example.com,Yerev.,2024-10-27,35
C10029,  Saro  ,Petrosyan,customer29@example.com,GMR,2024-12-19,52
C10030,LILIT,Avetisyan,customer30@example.com,yer,2024-07-12,47
C10031,"""David""",Avetisyan,customer31@example.com,Yerevan,2024-03-05,51
C10032,Lilit,STEPANYAN,customer32@example.com,  yerevan  ,2023-08-14,59
C10033,Karen,#Sargsyan,customer33@example.com,Yerevan,2024-04-04,28
C10034,Arman,SARGSYAN.,customer34@example.com,VANADZOR,2024-08-26,44
C10035,Arsen,Martirosyan,customer35@example.com,"Kapan,",2023-10-12,41
C10036,Karen,AVETISYAN,customer36@example.com,"Hrazdan,",2025-04-08,52
C10037,  David  ,hovhannisyan,customer37@example.com,Yerevan,2025-06-09,56
C10038,Mariam,'Hovhannisyan',customer38@example.com,Yerevan,2023-01-07,25
C10039,Nare,Mkrtchyan,customer39@example.com,'Yerevan',2025-02-16,35
C10040,Eva,Mkrtchyan,customer40@example.com,Gym,2025-04-05,30
C10041,Lilit,Manukyan,customer41@example.com,Yerevan,2023-06-13,62
C10042,Suren,#Avetisyan,customer42@example.com,#Gyumri,2024-12-15,41
C10043,Sona,#Petrosyan,customer43@example.com,YEREVAN,2024-03-08,40
C10044,Eva.,Petrosyan,customer44@example.com,Kapan,2023-12-15,29
C10045,anna,#Harutyunyan,customer45@example.com,Yer,2023-10-12,47
C10046,Arsen.,"""Hakobyan""",customer46@example.com,yereVAn,2023-06-09,48
C10047,lusine,"""karapetyan""",customer47@example.com,Etchmiadzin,2023-08-09,45
C10048,#Arman,Stepanyan,customer48@example.com,YER,2025-02-20,39
C10049,"Karen,",Mkrtchyan,customer49@example.com,YerEvaN,2023-12-11,61
C10050,Sona,Stepanyan,customer50@example.com,vanadzor.,2023-04-15,45
C10051,Arman,Sargsyan,customer51@example.com,Vanadzor,2023-04-05,30
C10052,MARIAM,"""Manukyan""",customer52@example.com,hrazdan,2024-01-25,42
C10053,Hayk,Hovhannisyan,customer53@example.com,Yev.,2023-04-10,61
C10054,Gor,Karapetyan,customer54@example.com,yerevan city,2024-01-03,63
C10055,ArMan,GRIGORYAN,customer55@example.com,Yerevan,2025-05-17,24
C10056,Karen.,MANukyaN,customer56@example.com,YEREVAN,2023-12-19,62
C10057,sureN,gRiGoRyAn,customer57@example.com,Armavir,2024-09-10,23
C10058,"""Mariam""",Ghazaryan,customer58@example.com,"""""Hrazdan""""",2023-09-28,41
C10059,gor,AvetisYaN,customer59@example.com,'Yer',2025-04-06,36
C10060,arman,Grigoryan,customer60@example.com,Vanadzor.,2023-02-14,36
C10061,arsen,Grigoryan,customer61@example.com,"yev.,",2025-01-17,53
C10062,Mikael,stepanyan,customer62@example.com,ARmAviR,2024-04-15,26
C10063,  eva  ,"Ghazaryan,",customer63@example.com,yer,2024-07-03,65
C10064,Sona,martirosyan,customer64@example.com,yerevan city,2023-05-08,53
C10065,"""""Arsen""""",  Martirosyan  ,customer65@example.com,"""Gyumri""",2025-08-02,55
C10066,Sona,"Martirosyan,",customer66@example.com,"vanadzor,",2024-01-23,57
C10067,Mikael,  Avetisyan  ,customer67@example.com,vaNADzOR,2023-03-22,46
C10068,"""Tatev""",Karapetyan,customer68@example.com,YEREVAN,2024-07-19,41
C10069,Karen,Manukyan,customer69@example.com,#Yerevan,2023-10-28,65
C10070,Eva,Manukyan,customer70@example.com,GMR,2025-04-29,22
C10071,TATEV,"""""vardanyan""""",customer71@example.com,YEREVAN,2024-10-05,59
C10072,david,"Sargsyan,",customer72@example.com,"Armavir,",2024-09-25,62
C10073,EVA,MARTIROSYAN,customer73@example.com,YVN,2025-06-25,43
C10074,'Tatev',Avetisyan,customer74@example.com,Gyumri City,2025-06-01,N/A
C10075,Ani,sARgSYAN,customer75@example.com,Abovyan,2024-01-06,56
C10076,"""Lilit""",Hakobyan,customer76@example.com,Yerev.,2024-08-14,46
C10077,daviD,sARgsyan,customer77@example.com,Vandz.,2023-07-16,23
C10078,Ani,"""Stepanyan""",customer78@example.com,Vagharshapat,2024-12-22,24
C10079,suren,Stepanyan,customer79@example.com,Yerevan,2023-03-13,54
C10080,sona,'Karapetyan',customer80@example.com,armavir,2023-02-16,35
C10081,mANe,Mkrtchyan,customer81@example.com,Vanadzor,2024-11-08,40
C10082,Saro.,Grigoryan,customer82@example.com,YEREVAN,2023-08-22,61
C10083,Lusine,Martirosyan,customer83@example.com,"Yerevan,",2025-03-02,N/A
C10084,"sona,",'Vardanyan',customer84@example.com,  yerevan  ,2023-10-24,18
C10085,  Anna  ,Ghazaryan,customer85@example.com,Hrazdan,2023-03-23,21
C10086,Anna,  Vardanyan  ,customer86@example.com,Etchmiadzin,2025-05-25,61
C10087,ANI,Mkrtchyan,customer87@example.com,Kapan,2023-08-27,64
C10088,Narek.,"""""Hovhannisyan""""",customer88@example.com,dIlIjan,2025-06-06,52
C10089,"Gor,",'SARgsYan',customer89@example.com,ETCHMIADZIN,2023-04-14,40
C10090,Lilit,avetisyan,customer90@example.com,Vanadzor,2024-01-25,44
C10091,'David',grigoryan,customer91@example.com,Yev.,2023-10-12,43
C10092,"lilit,",Manukyan,customer92@example.com,#Gyumri,2024-04-09,25
C10093,David,Petrosyan,customer93@example.com,YEREVAN,2024-10-12,60
C10094,sOna,Grigoryan.,customer94@example.com,Hrazdan,2025-05-04,33
C10095,SUREN,Karapetyan,customer95@example.com,Yer,2024-01-09,58
C10096,MARIAM,#Hovhannisyan,customer96@example.com,Yerevan,2023-06-16,-5
C10097,Ani,Karapetyan,customer97@example.com,"""""YER""""",2024-01-15,49
C10098,Mikael,Stepanyan,customer98@example.com,Yerevan,2023-12-30,22
C10099,  Narek  ,"""""SARGSYAN""""",customer99@example.com,Vandz.,2023-08-03,37
C10100,anna,hAKObYAN.,customer100@example.com,Gyumri,2024-11-17,31
C10101,Suren,'Stepanyan',customer101@example.com,"""VNZ""",2023-10-01,49
C10102,"""Sona""",Karapetyan,customer102@example.com,Gym,2024-12-19,43
C10103,anna,Karapetyan,customer103@example.com,Abovyan,2024-11-30,64
C10104,ANI,AVETISYAN,customer104@example.com,yerev.,2024-10-25,23
C10105,Anna,  Sargsyan  ,customer105@example.com,YEREVAN,2023-03-15,53
C10106,Narek.,GRIGoRYaN,customer106@example.com,Vanadzor,2024-09-15,57
C10107,#eva,Hakobyan,customer107@example.com,"""""Gyumri""""",2024-10-12,22
C10108,  arsen  ,Mkrtchyan,customer108@example.com,#Yerevan,2023-06-25,30
C10109,ANNA,"""""Petrosyan""""",customer109@example.com,yer,2024-06-30,49
C10110,ANI,"martirosYaN,",customer110@example.com,YEREVAN,2025-01-16,33
C10111,NAREK,manuKYan,customer111@example.com,"gyumri,",2023-09-08,18
C10112,"""""Arsen""""",Karapetyan,customer112@example.com,"""""yvn""""",2023-06-17,30
C10113,"Lilit,",Sargsyan,customer113@example.com,VNZ,2024-04-18,28
C10114,"""David""",Martirosyan,customer114@example.com,Vagharshapat,2024-01-24,25
C10115,Eva,'Stepanyan',customer115@example.com,"YEREVAN,",2023-10-04,42
C10116,Eva,MANUKyAn,customer116@example.com,Dilijan,2025-08-05,57
C10117,Gor,"vardanyan,",customer117@example.com,Gyumri,2024-10-17,49
C10118,Tatev,Manukyan,customer118@example.com,VNZ,2024-12-05,41
C10119,Saro,VARDANYAN,customer119@example.com,Abovyan,2024-07-24,45
C10120,"Lilit,",Mkrtchyan,customer120@example.com,Abovyan,2023-08-13,31
C10121,Lusine,Mkrtchyan,customer121@example.com,  Gyumri  ,2024-12-02,62
C10122,Nare,Stepanyan,customer122@example.com,#yer,2023-11-29,20
C10123,Arman,Mkrtchyan,customer123@example.com,Yerevan,2025-05-13,53
C10124,narek,Ghazaryan,customer124@example.com,Yerevan,2025-02-25,44
C10125,'LiliT',Harutyunyan,customer125@example.com,Yerevan,2025-03-05,37
C10126,TATEV,HARUTYUNYAN,customer126@example.com,yerevan,2023-02-27,-5
C10127,Eva,  Manukyan  ,customer127@example.com,"""Yerevan""",2023-08-23,32
C10128,Mane,Mkrtchyan,customer128@example.com,Yerevan,2025-04-21,44
C10129,ARMAN,avetisyan,,"""Hrazdan""",2023-02-02,62
C10130,Tatev,"karapetyan,",customer130@example.com,kapan,2025-04-04,58
C10131,"""Lilit""",  MARTIROSYAN  ,customer131@example.com,Artashat,2023-11-20,45
C10132,Saro,Martirosyan,customer132@example.com,Gyumri,2024-02-15,42
C10133,MARIAM,Harutyunyan,customer133@example.com,ABovyaN,2023-10-02,59
C10134,Gor,MANUKYAN,customer134@example.com,kapan,2023-03-09,61
C10135,Tatev,stepanyan,customer135@example.com,#Yerevan,2023-08-05,63
C10136,Hayk,Sargsyan,customer136@example.com,Yerevan,2025-07-24,50
C10137,SUREN,#GRIGORYAN,customer137@example.com,aRtAshAT,2024-08-03,63
C10138,Suren,Grigoryan,customer138@example.com,Gyumri,2025-06-16,31
C10139,nARE,HARUTYUNYAN,customer139@example.com,gyumri,2025-01-05,25
C10140,mane,Sargsyan,customer140@example.com,  Yerevan  ,2023-11-19,65
C10141,LILIT,"""""ghazaryan""""",customer141@example.com,Yerevan,2023-08-06,31
C10142,ANI,Ghazaryan,customer142@example.com,'Kapan',2024-11-02,18
C10143,Ani,harutyunyan,customer143@example.com,Vanadzor,2024-05-26,-5
C10144,"""""Nare""""",  GRIGORYAN  ,customer144@example.com,"""YEREVAN""",2024-02-10,35
C10145,TATEV,Sargsyan,customer145@example.com,Yev.,2025-06-24,24
C10146,"""David""",Mkrtchyan.,customer146@example.com,Vanadzor,2025-07-25,32
C10147,Anna,Manukyan,customer147@example.com,Vanadzor,2024-10-20,41
C10148,Lilit,Stepanyan,customer148@example.com,YEREVAN,2024-04-14,30
C10149,HAYK,  martirosyan  ,customer149@example.com,"""""Kapan""""",2023-05-27,26
C10150,Sona,Avetisyan,customer150@example.com,yerevan,2023-09-29,32
C10151,david,Hakobyan,customer151@example.com,Yerevan.,2023-05-23,52
C10152,  Narek  ,VaRDanyAn,customer152@example.com,abovyan,2023-09-10,41
C10153,Ani,#Vardanyan,customer153@example.com,"""yev.""",2025-02-01,50
C10154,"Saro,",  manukyan  ,customer154@example.com,Etchmiadzin,2024-07-28,33
C10155,Gor,  Mkrtchyan  ,customer155@example.com,Hrazdan,2024-07-05,25
C10156,  suren  ,Hovhannisyan,customer156@example.com,  etchmiadzin  ,2023-09-27,46
C10157,Eva,Grigoryan,customer157@example.com,"""""yerevan city""""",2025-02-03,40
C10158,DAVID,Vardanyan,customer158@example.com,  Yerevan  ,2024-08-21,62
C10159,Nare,Mkrtchyan,customer159@example.com,Yer,2024-03-14,48
C10160,Lusine,Vardanyan,customer160@example.com,gyumri city,2025-07-08,57
C10161,LUSINE,Hovhannisyan,customer161@example.com,Hrazdan,2024-08-20,31
C10162,Nare,Harutyunyan,customer162@example.com,  Kapan  ,2024-02-13,47
C10163,SUREn,Sargsyan,customer163@example.com,"""""ABOVYAN""""",2024-01-06,56
C10164,lILiT,Martirosyan,customer164@example.com,ARTASHAT,2023-08-13,44
C10165,  Mariam  ,'kARAPETYaN',,Hrazdan,2023-05-22,64
C10166,aNnA,Harutyunyan,,Yerevan,2024-06-05,33
C10167,'Lusine',MAnUkyaN,customer167@example.com,yerevan,2024-05-20,23
C10168,Narek,HArUTYunyaN,customer168@example.com,Abovyan,2023-04-04,50
C10169,Lusine,"""""Manukyan""""",customer169@example.com,'Yerevan',2025-02-12,61
C10170,Lusine,Karapetyan,customer170@example.com,  YEREVAN  ,2023-02-18,35
C10171,lusine,  Petrosyan  ,customer171@example.com,Gyumri City,2025-05-31,33
C10172,'Mariam',Hovhannisyan,customer172@example.com,Etchmiadzin,2023-04-23,29
C10173,Mariam,Martirosyan,customer173@example.com,yeREVan,2023-06-06,-5
C10174,Narek,Avetisyan,customer174@example.com,Etchmiadzin,2024-10-04,62
C10175,ani,#AVETISYAN,customer175@example.com,Etchmiadzin,2023-06-13,57
C10176,ANI,Hovhannisyan.,customer176@example.com,gyumri,2025-03-22,46
C10177,Saro,Hakobyan,customer177@example.com,#Yerevan,2024-11-27,47
C10178,"""""Mariam""""",Vardanyan.,customer178@example.com,yERevan,2024-03-08,43
C10179,Suren,"""""Mkrtchyan""""",,abovyan,2024-09-02,39
C10180,Hayk,Petrosyan,customer180@example.com,hRAzDAn,2023-03-07,50
C10181,Arman,Hovhannisyan,customer181@example.com,Armavir,2024-01-30,56
C10182,  MANE  ,Avetisyan.,customer182@example.com,Vandz.,2024-01-26,64
C10183,LUSINE,"""""Harutyunyan""""",customer183@example.com,"""YEREVAN""",2024-09-02,46
C10184,"""HaYK""",'Mkrtchyan',customer184@example.com,Yerevan,2024-04-24,39
C10185,#Narek,Petrosyan,customer185@example.com,Hrazdan,2024-06-25,62
C10186,nArE,"""Sargsyan""",customer186@example.com,yer,2023-09-15,30
C10187,"""""Mariam""""",  Sargsyan  ,customer187@example.com,Yerevan,2024-07-20,26
C10188,Hayk,MKRTCHYAN,customer188@example.com,Gym,2025-05-31,41
C10189,mane,Hovhannisyan,customer189@example.com,'yerev.',2023-01-12,32
C10190,"mIkAEl,",manukyan,customer190@example.com,YER,2024-11-27,53
C10191,MIkaEl,Manukyan,customer191@example.com,yerevan.,2025-01-08,30
C10192,Ani,HARUTYUNYAN,,YvN,2023-04-28,44
C10193,David,Petrosyan,customer193@example.com,"""""Yerevan""""",2024-11-29,61
C10194,'Hayk',Petrosyan,customer194@example.com,hrazdan,2025-06-25,54
C10195,  Mikael  ,"MKRTCHYAN,",customer195@example.com,vagharshapat,2024-07-03,24
C10196,Anna.,Grigoryan,customer196@example.com,  yEREvaN  ,2025-02-07,25
C10197,naRe,"""""Sargsyan""""",customer197@example.com,ETCHMIADZIN,2023-10-01,54
C10198,ARMAN,Petrosyan,customer198@example.com,"""yerevan city""",2025-02-26,58
C10199,Saro,"""""mkRTCHyAn""""",customer199@example.com,Gyumri City,2024-10-18,31
C10200,  anNa  ,Karapetyan,customer200@example.com,KAPAN,2023-12-15,29
C10201,"Saro,",Hakobyan,customer201@example.com,"""Hrazdan""",2023-04-25,53
C10202,Nare,'kARAPetyAn',customer202@example.com,"""Etchmiadzin""",2023-10-28,57
C10203,Lilit,MArtIROSYAN,customer203@example.com,Yerevan,2024-03-21,34
C10204,nAre,Hovhannisyan,customer204@example.com,"yerevan,",2023-06-11,57
C10205,David,"""""Harutyunyan""""",customer205@example.com,  armavir  ,2024-04-09,46
C10206,"""Ani""",petRosYAN.,customer206@example.com,YEREVAN,2023-01-04,44
C10207,Sona,MARTIROSYAN,customer207@example.com,Yvn,2025-01-09,18
C10208,"Lilit,",Avetisyan,customer208@example.com,hrazdan,2025-06-15,51
C10209,Karen,Martirosyan,customer209@example.com,Kapan,2025-01-06,21
C10210,"""""Sona""""",stepanyan,customer210@example.com,#Kapan,2023-09-27,41
C10211,Ani,Vardanyan,customer211@example.com,Yerevan,2024-05-27,38
C10212,Mane,Mkrtchyan,customer212@example.com,Kapan,2025-02-19,50
C10213,Karen,#PetRoSYAn,customer213@example.com,yer,2023-07-02,24
C10214,gor,Hakobyan,customer214@example.com,YeR.,2024-06-03,18
C10215,anna,Hovhannisyan,customer215@example.com,Vanadzor,2025-07-23,58
C10216,lilit,Mkrtchyan,customer216@example.com,"Yerevan,",2023-04-19,20
C10217,mikael,stepanyan,customer217@example.com,YEreVAn,2025-06-10,61
C10218,  MIKAEL  ,"""""mkrtchyan""""",customer218@example.com,ABOVyAn,2024-10-02,32
C10219,"Nare,",Stepanyan,customer219@example.com,'Yerevan',2023-11-02,48
C10220,LUSIne,"""""Harutyunyan""""",customer220@example.com,Yerevan,2025-05-11,33
C10221,MARIAM,Harutyunyan,customer221@example.com,"""""Yerevan""""",2024-10-16,27
C10222,Ani,Sargsyan,customer222@example.com,GYUMRI,2024-06-03,46
C10223,Mikael,Sargsyan,customer223@example.com,#GYUMRI,2024-09-15,23
C10224,Suren,Manukyan,customer224@example.com,Etchmiadzin,2023-07-23,46
C10225,Narek,"grigoryan,",customer225@example.com,Hrazdan.,2023-06-06,34
C10226,"""Narek""",  petrosyan  ,customer226@example.com,Gyumri,2024-01-18,39
C10227,  David  ,Petrosyan,customer227@example.com,Kapan,2025-02-19,41
C10228,"David,",Ghazaryan,customer228@example.com,yeREv.,2023-06-15,34
C10229,"ANNA,","""STEPANYAN""",customer229@example.com,#YEREVAN,2024-07-06,38
C10230,SArO,Martirosyan,customer230@example.com,etchmiadzin,2025-03-08,28
C10231,MiKAeL,'Petrosyan',customer231@example.com,Yer,2025-08-02,24
C10232,"""""Mikael""""",petrosyan,customer232@example.com,Dilijan,2024-06-27,59
C10233,Anna,"""griGOrYan""",customer233@example.com,Gyumri,2025-07-29,56
C10234,'Nare',Avetisyan,customer234@example.com,"""""Etchmiadzin""""",2023-01-01,22
C10235,ANI,Sargsyan,customer235@example.com,'Yerev.',2024-09-05,61
C10236,Nare,sarGsYan,customer236@example.com,#YEREVAN,2023-11-28,65
C10237,Mane,Hakobyan,customer237@example.com,Yerevan,2024-05-15,38
C10238,Lusine,Petrosyan,customer238@example.com,Hrazdan,2023-01-20,35
C10239,Sona,  Grigoryan  ,customer239@example.com,GYUMRI,2023-04-25,52
C10240,  Arman  ,hovhannisyan,customer240@example.com,ARTASHAT,2024-01-07,37
C10241,Hayk,Sargsyan,customer241@example.com,"""yerevan city""",2025-06-18,32
C10242,Sona,Grigoryan,customer242@example.com,'yerevan',2025-05-01,22
C10243,NARE,"""""Karapetyan""""",customer243@example.com,yerevan,2025-04-06,30
C10244,anna,vardanyan,,'Vandz.',2023-11-11,29
C10245,MIKAEL,avetisyan,customer245@example.com,#KAPAN,2023-09-03,38
C10246,Anna,"""PETROSYAN""",customer246@example.com,Yer,2023-03-01,54
C10247,Karen,Vardanyan,customer247@example.com,abovyAN,2023-09-04,23
C10248,Arsen,"""""Hakobyan""""",customer248@example.com,YEREVAN,2025-06-18,24
C10249,#Karen,Stepanyan,customer249@example.com,vanadzor,2024-08-03,43
C10250,Mariam,Martirosyan,customer250@example.com,'ARMAVIR',2023-03-22,59
C10251,Anna,sarGsYan,customer251@example.com,YEREVAN,2023-03-29,65
C10252,Mikael,"""Karapetyan""",customer252@example.com,"""""Yerevan""""",2025-01-19,25
C10253,david,hovhannisyan.,customer253@example.com,Dilijan,2024-05-12,26
C10254,arman,STEPANYAN,customer254@example.com,'KApan',2025-04-15,44
C10255,ani,Grigoryan,customer255@example.com,"""""Vanadzor""""",2023-03-12,21
C10256,Arman,Harutyunyan,customer256@example.com,Gyumri City,2025-02-17,38
C10257,ani,Mkrtchyan,customer257@example.com,Yerevan,2024-06-29,48
C10258,  Arsen  ,PETrosyan,customer258@example.com,Gyumri,2025-02-23,38
C10259,  MIKAEL  ,#PETROSYAN,customer259@example.com,Kapan,2023-05-09,57
C10260,Nare,Karapetyan,customer260@example.com,Abovyan,2023-05-12,42
C10261,SONA,#GRIgOrYAN,customer261@example.com,Yer,2024-11-06,56
C10262,LILIT,Manukyan,customer262@example.com,Yerevan,2024-05-01,32
C10263,Anna,petrosyan,customer263@example.com,yerevan city,2024-07-16,52
C10264,Lusine,"""Manukyan""",customer264@example.com,Yerevan,2023-06-19,60
C10265,ANI,Hovhannisyan,,'YVN',2023-09-29,58
C10266,Mikael,Harutyunyan,customer266@example.com,  Yerev.  ,2024-06-24,54
C10267,Suren,karapetyan,customer267@example.com,YEREVAN,2025-06-12,59
C10268,"""""Saro""""",  Stepanyan  ,customer268@example.com,Yerevan,2024-09-13,64
C10269,  ArSen  ,Vardanyan,customer269@example.com,GMR,2024-03-09,45
C10270,Hayk,Grigoryan,customer270@example.com,YVN,2023-08-05,31
C10271,Hayk,  Grigoryan  ,customer271@example.com,Yerev.,2024-07-06,21
C10272,Tatev,#ghAzArYan,customer272@example.com,"Yerevan,",2025-02-12,37
C10273,saro,HOVHANNISYAN,customer273@example.com,yerevan city,2025-01-17,51
C10274,Sona,Hovhannisyan,,  Gym  ,2024-12-07,29
C10275,Mariam,avETIsyan,customer275@example.com,YVN,2023-07-25,50
C10276,Ani,  Mkrtchyan  ,customer276@example.com,"""Hrazdan""",2024-12-31,41
C10277,#eva,Sargsyan,customer277@example.com,  Armavir  ,2023-11-16,37
C10278,"""""Ani""""",'Sargsyan',customer278@example.com,Hrazdan,2024-02-13,22
C10279,Narek,GHAZARYAN,customer279@example.com,gyumri,2024-11-18,55
C10280,"""""Mikael""""",  Martirosyan  ,customer280@example.com,"kaPAN,",2024-10-27,47
C10281,sarO,'hakobyan',customer281@example.com,Abovyan,2024-01-18,41
C10282,armAn,"""karapetyan""",customer282@example.com,Yerev.,2024-03-24,60
C10283,AnNA,"harutyunyan,",customer283@example.com,yerevan city,2025-07-10,57
C10284,Lusine,  GRIGORYAN  ,customer284@example.com,Kapan,2024-06-13,24
C10285,lusine,mKRTcHYAN,customer285@example.com,Yerevan,2024-04-07,53
C10286,SUREN,manuKYAN,customer286@example.com,YEREVAN,2023-05-04,55
C10287,#ARSEN,"Karapetyan,",customer287@example.com,Hrazdan,2023-09-11,33
C10288,Hayk,Martirosyan,customer288@example.com,Etchmiadzin.,2023-08-19,32
C10289,anna,'Vardanyan',customer289@example.com,YVN,2023-03-07,63
C10290,David,KARAPETYAN,customer290@example.com,"Gyumri,",2023-12-13,40
C10291,Narek,Martirosyan,customer291@example.com,#yerevan,2023-01-22,29
C10292,lusine,"Grigoryan,",customer292@example.com,hrazdan,2024-08-25,46
C10293,arsen,#Hakobyan,customer293@example.com,Yerevan,2024-07-21,61
C10294,Anna,"""Martirosyan""",customer294@example.com,Yerev.,2023-08-24,65
C10295,Ani,Grigoryan,customer295@example.com,Kapan,2024-08-25,32
C10296,"""""nare""""",  Grigoryan  ,customer296@example.com,Gyumri City,2023-08-14,46
C10297,Ani,HAKOBYAN,customer297@example.com,"""Abovyan""",2023-01-08,62
C10298,"""ANNA""","""""sargsyan""""",customer298@example.com,"""""Yev.""""",2023-03-14,60
C10299,Karen,Karapetyan,customer299@example.com,Yerevan,2024-12-25,38
C10300,Gor,  Ghazaryan  ,customer300@example.com,vandz.,2024-10-08,32
C10301,Anna,"""pEtROsYAn""",customer301@example.com,Yerevan,2023-03-02,31
C10302,Sona,Petrosyan,customer302@example.com,Yer,2023-08-23,59
C10303,"Arsen,",Ghazaryan,customer303@example.com,Yerevan,2023-03-11,61
C10304,Karen,Vardanyan,customer304@example.com,ABOVYAN,2025-07-16,33
C10305,Eva,Manukyan,customer305@example.com,"Artashat,",2023-02-02,32
C10306,maRIaM,Hovhannisyan,customer306@example.com,Dilijan,2025-05-30,59
C10307,Gor,MANUkyAn,customer307@example.com,Gyumri City,2023-12-05,21
C10308,MARIAM,Hovhannisyan,,Yerevan,2023-03-14,44
C10309,#Lusine,GHAZARYAN,customer309@example.com,Yev.,2024-06-10,40
C10310,#Sona,"Petrosyan,",customer310@example.com,Kapan,2023-09-01,46
C10311,ANI,harutyunyan,customer311@example.com,Yerevan,2023-10-13,58
C10312,"""""David""""",PETROSYAN,customer312@example.com,artashat,2024-11-16,26
C10313,"""Mane""",Manukyan,customer313@example.com,Yev.,2024-05-12,60
C10314,mikAEL.,MKRTCHYAN,customer314@example.com,"""""Dilijan""""",2023-08-08,60
C10315,LilIt,Ghazaryan,customer315@example.com,Kapan,2024-07-06,N/A
C10316,Gor,Vardanyan,customer316@example.com,etch.,2023-05-16,59
C10317,Anna,Manukyan,customer317@example.com,YerEVAN,2025-01-10,21
C10318,'KAREN',hAruTYunyan,customer318@example.com,Yerevan,2025-06-22,22
C10319,Tatev,KaraPetYaN,customer319@example.com,Yer,2024-08-07,22
C10320,"""Lilit""",Hovhannisyan,customer320@example.com,"""Yerev.""",2024-08-13,28
C10321,arman,petrosYaN,customer321@example.com,"Yerevan,",2024-04-29,58
C10322,'taTEv',Vardanyan.,customer322@example.com,#GYUMRI,2023-09-06,45
C10323,'Nare',hakobyan,customer323@example.com,YER,2025-03-14,33
C10324,Ani,MKRTchyaN,customer324@example.com,Vandz.,2024-04-29,58
C10325,Sona,gRIGorYaN,customer325@example.com,  Vanadzor  ,2025-04-06,47
C10326,"""arsen""",Harutyunyan,customer326@example.com,yerevan city,2024-02-21,21
C10327,MIKael,Manukyan,customer327@example.com,DILIJAN,2023-07-14,19
C10328,ARSEN,'hovhannisyan',customer328@example.com,YVN,2023-04-07,63
C10329,Suren,"HAKOBYAN,",customer329@example.com,YVN,2023-04-10,N/A
C10330,SARo,VARDANYAN,customer330@example.com,GYuMRI,2024-11-05,38
C10331,Eva,martirosyan,customer331@example.com,Etchmiadzin.,2024-03-17,23
C10332,Mariam,Sargsyan,customer332@example.com,Yerevan,2023-12-29,60
C10333,MaRiAM,  Petrosyan  ,customer333@example.com,Yerevan,2024-03-09,35
C10334,"""""Saro""""",Stepanyan,customer334@example.com,Vanadzor,2024-02-25,61
C10335,"""Lusine""","""""Sargsyan""""",customer335@example.com,Yev.,2024-04-23,22
C10336,"""""Nare""""",Harutyunyan,customer336@example.com,Vanadzor.,2025-06-03,26
C10337,"""Gor""",'maRtIROsyAn',customer337@example.com,Artashat,2025-01-16,37
C10338,Hayk,"MARTIROSYAN,",customer338@example.com,Dilijan,2023-02-25,45
C10339,Eva,vardaNYAN,customer339@example.com,Yev.,2024-11-20,43
C10340,Mane,Martirosyan,customer340@example.com,"""YEREVAN""",2024-10-31,35
C10341,"narEK,",grigoryan,customer341@example.com,Yerevan,2024-10-23,36
C10342,ANI,harutyunyan,customer342@example.com,#YEREVAN,2023-04-11,20
C10343,Sona.,Stepanyan,customer343@example.com,YErevaN,2023-03-04,26
C10344,suren,KARaPetyAN.,customer344@example.com,Yerevan,2024-02-17,53
C10345,Suren.,Sargsyan,customer345@example.com,Artashat,2025-01-15,48
C10346,"""""Narek""""",Stepanyan.,,Armavir,2023-12-14,34
C10347,Lilit,  Karapetyan  ,customer347@example.com,Yerev.,2025-03-30,40
C10348,  arman  ,"""Hakobyan""",customer348@example.com,Yerevan.,2025-06-01,51
C10349,HAYK,"""Avetisyan""",customer349@example.com,yerevan,2023-04-22,58
C10350,TateV,Mkrtchyan,customer350@example.com,yerevan city,2023-09-12,58
C10351,nare,mkrtChYan,customer351@example.com,"""""Vanadzor""""",2023-07-16,22
C10352,Eva,Karapetyan,customer352@example.com,Abovyan,2023-07-14,32
C10353,anna,Avetisyan,customer353@example.com,kapan,2024-07-03,64
C10354,Sona,Vardanyan,customer354@example.com,"""Hrazdan""",2024-04-04,20
C10355,Nare,Stepanyan,customer355@example.com,Gyumri,2023-05-24,36
C10356,MIKAEL,  Avetisyan  ,customer356@example.com,Abovyan,2024-03-08,45
C10357,Tatev,'Petrosyan',customer357@example.com,'Yerevan',2023-07-07,20
C10358,Karen,HAKOBYAN,customer358@example.com,vanadzor,2023-10-13,55
C10359,gOr,"""""Harutyunyan""""",customer359@example.com,GYUmrI,2024-04-18,21
C10360,Saro,Avetisyan,customer360@example.com,yerevan,2023-09-13,41
C10361,Lusine,#Manukyan,customer361@example.com,YEREVAN,2025-06-14,48
C10362,Saro,Ghazaryan,customer362@example.com,yerevan,2025-08-03,62
C10363,Narek,Vardanyan,customer363@example.com,artashat,2023-03-19,62
C10364,David,Mkrtchyan,customer364@example.com,YEREVAN,2024-03-29,28
C10365,#Suren,Manukyan,customer365@example.com,YEREVAN,2025-04-07,54
C10366,Ani,HakoBYAN,customer366@example.com,  YEREVAN  ,2025-06-01,18
C10367,"""Ani""",Avetisyan,customer367@example.com,aboVyAN,2025-05-26,26
C10368,  eVa  ,"""Sargsyan""",customer368@example.com,"""Yerevan""",2024-07-17,34
C10369,Mariam,  Mkrtchyan  ,customer369@example.com,Artashat,2023-04-11,18
C10370,Mikael,petRosyan,customer370@example.com,#Kapan,2023-02-21,20
C10371,'sona',hovHannISYan,customer371@example.com,"VAnaDzor,",2024-10-29,64
C10372,Tatev,#PETROSYAN,customer372@example.com,ABOVYAN,2024-07-07,43
C10373,Ani,"GhaZarYAN,",customer373@example.com,Yerevan,2025-05-06,48
C10374,Mikael,'Martirosyan',,yER,2023-01-16,43
C10375,Lilit,Hovhannisyan,customer375@example.com,etChmiAdzin,2023-04-06,40
C10376,Narek,Grigoryan,customer376@example.com,YEREVAN,2025-08-06,47
C10377,Anna,"""Avetisyan""",customer377@example.com,Yerevan,2025-02-10,27
C10378,Suren,"""""Hakobyan""""",customer378@example.com,VANaDZOr,2025-05-19,25
C10379,Mikael,MKRTCHYAN,customer379@example.com,"""""Yerevan""""",2023-08-31,61
C10380,SARO,GrIgorYaN,customer380@example.com,Artashat,2023-06-20,42
C10381,narek,Hakobyan.,customer381@example.com,"""YEREvaN CiTy""",2024-02-21,39
C10382,aRSeN,GHAZARYAN,customer382@example.com,Vagharshapat,2024-05-12,32
C10383,Narek,#Karapetyan,customer383@example.com,Gyumri,2024-05-07,58
C10384,eva,Avetisyan,customer384@example.com,Hrazdan,2023-08-07,27
C10385,LUSINE,#Harutyunyan,customer385@example.com,"""""YEREVan""""",2025-06-04,37
C10386,Arsen,HARUTYUNYAN,customer386@example.com,GyuMri,2024-02-15,58
C10387,"""NARE""","""""Avetisyan""""",customer387@example.com,KApAn,2025-07-13,64
C10388,"""""Narek""""",HOVHANNISYAN,customer388@example.com,"""""gyumri""""",2023-03-02,40
C10389,Suren,"martirosyan,",,yerevan city,2023-06-18,18
C10390,Mikael,  Martirosyan  ,,  Gyumri  ,2024-01-24,19
C10391,'miKaEl',"Hovhannisyan,",customer391@example.com,Hrazdan,2023-01-03,36
C10392,LILIT.,"sTEPaNyaN,",customer392@example.com,yerevan city,2024-02-04,31
C10393,Arman,HARUTYUNYAN,customer393@example.com,Artashat,2023-09-29,25
C10394,Ani,Sargsyan,customer394@example.com,Yerevan,2025-08-06,55
C10395,NArek,Hovhannisyan,customer395@example.com,gyumri.,2025-03-13,29
C10396,"""""gor""""",MKRTCHYAN,customer396@example.com,Hrazdan,2025-03-14,43
C10397,Narek,Harutyunyan,customer397@example.com,abOVYaN,2024-04-10,44
C10398,ArMaN,Sargsyan,customer398@example.com,Kapan,2023-10-20,46
C10399,#Mariam,"Ghazaryan,",customer399@example.com,'Dilijan',2024-03-09,32
C10400,Nare,GrIgoRyAn,customer400@example.com,'YEREVAN',2024-12-14,63
C10401,gor,Sargsyan,customer401@example.com,Yer,2025-01-18,18
C10402,Saro,GRIGORYAN,customer402@example.com,"""Yerevan""",2025-03-13,60
C10403,Ani,Hakobyan,customer403@example.com,Hrazdan,2024-07-23,45
C10404,Narek,vardanyan,customer404@example.com,  Armavir  ,2024-11-08,20
C10405,Tatev,Manukyan,customer405@example.com,YerEVAN,2025-01-05,35
C10406,Arman,'hakobyan',customer406@example.com,"Yerevan,",2024-05-13,51
C10407,Mikael.,Harutyunyan,customer407@example.com,YVN,2023-06-08,N/A
C10408,Mikael,Grigoryan,customer408@example.com,#ETCHMIADZIN,2023-07-14,46
C10409,'Mariam',"Harutyunyan,",customer409@example.com,YVN.,2023-10-31,42
C10410,"Lusine,",Hovhannisyan,customer410@example.com,'Yerevan',2023-08-11,43
C10411,'Nare','Avetisyan',customer411@example.com,Gym,2023-03-01,-5
C10412,Suren,'Mkrtchyan',customer412@example.com,Kapan,2024-08-16,25
C10413,Karen,"Petrosyan,",customer413@example.com,aboVYAn,2025-01-23,36
C10414,Anna,harutyunyan,,VanadZoR,2024-07-09,64
C10415,Ani,Mkrtchyan,customer415@example.com,yerevan city,2023-03-04,59
C10416,"""""Ani""""",Hovhannisyan,customer416@example.com,GYUMRI.,2025-02-04,39
C10417,sarO,Sargsyan,customer417@example.com,Hrazdan,2023-11-18,46
C10418,Mane,Hovhannisyan,customer418@example.com,Dilijan,2023-02-28,50
C10419,Narek,ghazaryan,customer419@example.com,YEREVAN,2023-02-21,55
C10420,suren,Hakobyan,customer420@example.com,yvn,2024-08-21,62
C10421,ANna,Stepanyan,customer421@example.com,Yerevan,2024-05-03,N/A
C10422,Ani.,Sargsyan,customer422@example.com,yerevan city,2024-05-29,52
C10423,Ani,Petrosyan,customer423@example.com,"""""Etchmiadzin""""",2025-07-30,60
C10424,Sona,  Grigoryan  ,customer424@example.com,Yerevan,2025-05-23,20
C10425,Gor,#AVETISYAN,customer425@example.com,Gyumri City,2024-06-27,36
C10426,Mane,MKrTchYAN,customer426@example.com,yerevan city,2023-06-11,27
C10427,"Suren,",Avetisyan,customer427@example.com,Yerevan.,2023-02-28,44
C10428,Tatev,manukyan,customer428@example.com,Gyumri,2024-06-04,32
C10429,Suren.,hovhAnnisyaN,customer429@example.com,YeRevAN,2023-03-24,28
C10430,Arsen,  harutyunyan  ,customer430@example.com,yerevan,2025-05-21,64
C10431,mAriAM,  Grigoryan  ,customer431@example.com,Abovyan,2023-07-10,43
C10432,Saro,manukyan,customer432@example.com,Gym,2023-03-12,41
C10433,Karen,"""""Hovhannisyan""""",customer433@example.com,YEREVAN,2024-09-01,30
C10434,"anna,","""KARAPETYAN""",customer434@example.com,Dilijan,2023-03-11,49
C10435,Lusine,#hARUtYuNYAN,customer435@example.com,vanadzor.,2024-11-22,54
C10436,Sona.,Sargsyan,customer436@example.com,Hrazdan,2025-06-01,21
C10437,GOR,HAkoByaN.,customer437@example.com,Yerevan,2023-08-29,30
C10438,'Mariam','vardanyan',,'Yerevan',2024-02-18,26
C10439,Saro,Mkrtchyan,customer439@example.com,Yerev.,2023-05-03,51
C10440,David,sTEPanyan,customer440@example.com,#Yerevan,2025-06-30,54
C10441,Lilit,Ghazaryan,customer441@example.com,YVN,2024-08-06,65
C10442,Arman,Petrosyan,customer442@example.com,Artashat.,2023-09-10,24
C10443,Karen,Petrosyan,customer443@example.com,GYUMRI,2024-08-15,N/A
C10444,Tatev,Stepanyan,customer444@example.com,yerevan,2024-08-31,29
C10445,Mane,Sargsyan,customer445@example.com,"Vanadzor,",2023-02-10,38
C10446,"""""ARMAN""""",Martirosyan,customer446@example.com,"Yerevan,",2024-09-26,28
C10447,"""""Arman""""",pETrOsyAN,customer447@example.com,#Vanadzor,2023-03-25,61
C10448,GOR,Mkrtchyan,customer448@example.com,Vanadzor.,2024-03-05,61
C10449,Narek,Sargsyan.,customer449@example.com,etchmiadzin.,2024-11-04,61
C10450,david,GRIGORYAN.,customer450@example.com,"DILiJAN,",2024-08-20,31
C10451,Anna,"""petrosyan""",customer451@example.com,YVN,2024-08-01,51
C10452,Lusine.,'Avetisyan',customer452@example.com,Gyumri,2024-06-19,51
C10453,Anna,SARGSYAN,customer453@example.com,#ARMAVIR,2023-11-20,42
C10454,Mikael,'MKRTCHYAN',customer454@example.com,Vagharshapat,2023-09-25,21
C10455,ARMAN,stepanyan,customer455@example.com,GYUMRI,2023-07-29,43
C10456,Karen,vARdAnYAN,customer456@example.com,artashat,2024-11-16,33
C10457,'Lusine',  avetisyan  ,customer457@example.com,yerevan,2025-01-03,27
C10458,Lilit,hARUtYunyan,customer458@example.com,ArTasHaT,2023-11-18,62
C10459,Narek,harutyunyan,,Yerevan.,2023-09-02,19
C10460,Suren,Petrosyan.,customer460@example.com,  gym  ,2023-09-29,52
C10461,Lusine,Avetisyan,customer461@example.com,aRMAViR,2024-02-10,36
C10462,tatev,HAKOBYAN,customer462@example.com,#Yerevan,2023-05-15,23
C10463,anna,Hovhannisyan,customer463@example.com,"Gyumri,",2024-11-18,36
C10464,"""""DAVID""""",Harutyunyan,customer464@example.com,YEREVAN,2024-10-22,25
C10465,lusine,Hakobyan,customer465@example.com,ARTASHAT,2023-11-04,31
C10466,Lusine,GRIGORYAN.,customer466@example.com,#ETCHMIADZIN,2024-04-13,27
C10467,NARE.,SARGSYAN,customer467@example.com,  Abovyan  ,2023-11-20,20
C10468,mikael,Hovhannisyan.,customer468@example.com,"""vanadzor""",2025-02-08,55
C10469,Tatev,Manukyan,customer469@example.com,EtchMIAdzIN,2023-03-16,46
C10470,Saro,"""""MKRTCHYAN""""",customer470@example.com,YEREVAN.,2023-01-10,32
C10471,"LusInE,",Ghazaryan,customer471@example.com,"YEREVAN,",2024-04-14,40
C10472,ARMAN,saRGSYaN,customer472@example.com,Hrazdan,2024-09-28,40
C10473,Suren,StePANyAN,customer473@example.com,"""""Yerevan""""",2024-07-30,35
C10474,David.,  Hovhannisyan  ,customer474@example.com,Yerevan,2023-04-13,63
C10475,SaRo,  Mkrtchyan  ,customer475@example.com,YEREVAN,2023-03-17,36
C10476,Suren,hovHaNnISyaN,customer476@example.com,'yerevan city',2024-07-04,45
C10477,David,AVETISYAN,customer477@example.com,'Kapan',2023-08-07,43
C10478,LILIT,Grigoryan,customer478@example.com,"Gyumri,",2024-06-02,27
C10479,Arsen,"Karapetyan,",customer479@example.com,Hrazdan,2023-09-29,64
C10480,NARE,GHAZARYAN,customer480@example.com,'yerevan city',2023-05-16,21
C10481,SarO,Petrosyan,customer481@example.com,yvn,2023-12-24,19
C10482,Eva.,Hovhannisyan,customer482@example.com,yeReVaN CitY,2025-06-21,20
C10483,MIKAEL,Mkrtchyan,customer483@example.com,Etchmiadzin,2023-03-12,24
C10484,Narek,MKRTCHYAN,customer484@example.com,Vanadzor,2025-06-19,33
C10485,anna,Avetisyan,customer485@example.com,artAShaT.,2023-09-08,48
C10486,#Suren,Hakobyan,customer486@example.com,Abovyan,2024-01-14,27
C10487,Nare,Sargsyan,customer487@example.com,Vanadzor,2023-10-19,36
C10488,  Arman  ,sTEpAnyAN,customer488@example.com,Vanadzor,2023-06-11,45
C10489,Mikael,Karapetyan,customer489@example.com,Artashat,2024-03-24,34
C10490,Lilit,Martirosyan,customer490@example.com,"""ETCHMIADZIN""",2025-05-03,45
C10491,Tatev,Petrosyan,customer491@example.com,#yerevan,2024-07-10,36
C10492,gor,  Manukyan  ,customer492@example.com,gyumri,2024-12-21,54
C10493,Lilit,martirosyan,customer493@example.com,"""""AbOvYAn""""",2023-11-06,40
C10494,Arsen,SARGSYAN,customer494@example.com,'Hrazdan',2024-09-18,37
C10495,"""Narek""",Petrosyan,customer495@example.com,Yerevan,2025-04-06,30
C10496,Anna,"""""mkrtchyan""""",customer496@example.com,Kapan,2024-10-31,30
C10497,Mane,'vardanyan',customer497@example.com,Artashat,2024-06-25,N/A
C10498,Mane,Manukyan,customer498@example.com,Yerev.,2023-01-09,28
C10499,"Karen,",#Hovhannisyan,customer499@example.com,Armavir,2024-11-14,65
C10500,Eva,"Hakobyan,",,yerevan city,2025-04-16,32
C10501,Suren,"Karapetyan,",customer501@example.com,"""Yerev.""",2024-07-21,34
C10502,DAVID,Hovhannisyan,,'yEr',2023-11-03,45
C10503,"""GoR""",'STEPANYAN',customer503@example.com,#YVN,2024-11-10,36
C10504,Suren,Hakobyan,customer504@example.com,Kapan,2023-04-17,21
C10505,Lusine,GRIGORYAN,customer505@example.com,Yev.,2025-06-18,39
C10506,'Hayk',Vardanyan,customer506@example.com,YEREVAN,2023-05-18,39
C10507,Lilit,AVETISYAN,customer507@example.com,YEREVAN,2023-09-28,54
C10508,#ArSeN,petROsyAn,customer508@example.com,#Yerevan,2023-04-29,56
C10509,  Tatev  ,Hovhannisyan,customer509@example.com,yerevan,2025-06-30,51
C10510,Sona,Hakobyan,customer510@example.com,'Abovyan',2023-04-20,50
C10511,#GOR,Vardanyan,customer511@example.com,YEREV.,2025-01-30,61
C10512,david,Martirosyan,customer512@example.com,'Kapan',2024-07-20,59
C10513,Karen,Avetisyan,customer513@example.com,"""Etchmiadzin""",2023-06-09,57
C10514,Mariam.,Hakobyan,customer514@example.com,Yerevan,2023-10-06,50
C10515,#narek,Harutyunyan.,customer515@example.com,ARMAVIR,2023-10-16,29
C10516,Narek,Grigoryan,customer516@example.com,#YEREVAN,2024-09-11,19
C10517,Hayk,sargsYAn,customer517@example.com,#Yerev.,2023-08-04,45
C10518,Saro,Hovhannisyan,customer518@example.com,yerevan city,2025-01-04,27
C10519,Sona.,Stepanyan,customer519@example.com,yerevan,2023-12-18,39
C10520,Mikael,KARAPETYAN,customer520@example.com,"gyumri,",2023-07-28,34
C10521,Tatev,Vardanyan,customer521@example.com,Etchmiadzin,2024-12-04,43
C10522,Ani,Grigoryan,customer522@example.com,"Yerevan,",2024-10-11,20
C10523,'Nare',Avetisyan,customer523@example.com,Abovyan,2025-05-23,24
C10524,Lusine,Harutyunyan,customer524@example.com,Yerevan,2023-09-28,61
C10525,"Lilit,",petrosyan,customer525@example.com,"hrazdan,",2024-06-01,25
C10526,"""""TaTEv""""",Martirosyan,customer526@example.com,yerevan city,2024-05-15,37
C10527,#Arman,Karapetyan,customer527@example.com,Yerevan,2023-09-15,29
C10528,Arman,#Hovhannisyan,customer528@example.com,YEREVAN,2025-07-16,52
C10529,"""""Hayk""""",varDanyaN,customer529@example.com,yErEVAN,2025-07-18,34
C10530,Saro,KARAPETYAN,customer530@example.com,#Gyumri,2025-05-16,45
C10531,Suren,Grigoryan,customer531@example.com,Kapan.,2023-02-22,58
C10532,LILIT,VARDANYAN,customer532@example.com,YerEVAn,2023-04-05,27
C10533,'Gor',avetisyan,customer533@example.com,Abovyan,2024-10-11,39
C10534,"""""Saro""""",Petrosyan,customer534@example.com,abovyan,2024-03-09,55
C10535,Lilit,Mkrtchyan,customer535@example.com,"Armavir,",2025-04-29,50
C10536,ANNA,Stepanyan,customer536@example.com,YER,2023-10-11,39
C10537,'Tatev',"HARUTYUNYAN,",customer537@example.com,Gyumri,2023-02-15,61
C10538,Tatev,Hovhannisyan,customer538@example.com,"""ARTASHAT""",2023-01-04,54
C10539,Karen,"Mkrtchyan,",customer539@example.com,"abovyan,",2023-12-08,N/A
C10540,Nare,Martirosyan,customer540@example.com,Yerevan,2025-02-28,44
C10541,'Sona',Petrosyan,customer541@example.com,Yerev.,2023-05-14,32
C10542,David,Ghazaryan.,,YEREVAN,2024-10-14,N/A
C10543,Lilit,ghazaryan,customer543@example.com,"Vanadzor,",2023-09-26,47
C10544,ANI,Petrosyan,customer544@example.com,Hrazdan,2023-06-15,60
C10545,Anna.,"""""Harutyunyan""""",customer545@example.com,YERevAN.,2025-01-29,57
C10546,"""Tatev""","""""MANUKYAN""""",customer546@example.com,#Vanadzor,2024-03-28,54
C10547,Lusine,"""""Mkrtchyan""""",customer547@example.com,vANadZOR,2024-07-18,51
C10548,Ani,Hakobyan,customer548@example.com,Gym,2024-12-23,61
C10549,#Hayk,karapetyan,customer549@example.com,Abovyan,2024-03-13,51
C10550,Hayk,hovhannisyan,customer550@example.com,KAPAN.,2024-07-28,65
C10551,Suren,#Manukyan,customer551@example.com,Yerevan,2023-01-10,52
C10552,"Tatev,",HAKOBYAN.,customer552@example.com,Armavir,2023-04-25,59
C10553,TATEV,#stepanyan,customer553@example.com,yEr,2023-03-19,36
C10554,EVA.,"""""Avetisyan""""",customer554@example.com,Yer,2025-06-23,25
C10555,mikael,Hovhannisyan,customer555@example.com,YEREVAN,2024-12-08,56
C10556,Mane,HoVhannisYaN,customer556@example.com,YEREVAN,2025-07-14,50
C10557,Narek,Ghazaryan,customer557@example.com,YVN,2023-06-02,61
C10558,ARmAN,haruTyUNYaN,,"yerevan,",2024-07-12,45
C10559,"""Anna""",  avetisyan  ,customer559@example.com,  vAGHArshapat  ,2023-02-06,54
C10560,Saro,Karapetyan,customer560@example.com,yerevan city,2025-05-04,65
C10561,nare,'Sargsyan',customer561@example.com,hrazdan,2024-01-14,42
C10562,KAREN,HAKOBYAN,customer562@example.com,YEREVAN,2024-08-19,53
C10563,eva,Ghazaryan,customer563@example.com,"""""Artashat""""",2024-07-19,34
C10564,DAVID,  hOvHANnISYAN  ,customer564@example.com,HRAZDAN,2023-06-01,41
C10565,LUSINE,Manukyan,customer565@example.com,Yerevan,2024-03-16,38
C10566,"ARSEN,",Ghazaryan,customer566@example.com,Hrazdan,2023-05-11,19
C10567,Eva,"HAkObYAN,",customer567@example.com,'GMR',2023-02-12,48
C10568,Ani,Hakobyan,customer568@example.com,"""""Etchmiadzin""""",2023-11-12,N/A
C10569,Anna,Harutyunyan,customer569@example.com,Gyumri,2024-01-09,50
C10570,mikael,"Hovhannisyan,",customer570@example.com,#Abovyan,2025-07-09,47
C10571,MANE,Avetisyan,customer571@example.com,etchmiadzin.,2025-03-26,29
C10572,SUREN,Mkrtchyan,customer572@example.com,Yerevan,2025-05-31,61
C10573,Gor.,Stepanyan,,yerevan city,2023-02-10,29
C10574,#MiKAEL,Sargsyan,customer574@example.com,Kapan,2025-07-09,41
C10575,Sona,harutyunyan,customer575@example.com,Yerevan,2024-01-02,41
C10576,HAYK,Martirosyan,customer576@example.com,  Gyumri City  ,2023-08-04,28
C10577,SUREN,Stepanyan,customer577@example.com,"""YVN""",2024-11-29,30
C10578,Sona,Hovhannisyan,customer578@example.com,Gyumri,2023-09-13,N/A
C10579,Arman,HaRutyUNYAn,customer579@example.com,Dilijan,2024-11-13,N/A
C10580,Sona,"Karapetyan,",customer580@example.com,  Yerevan  ,2023-04-16,27
C10581,Karen.,"SaRGsYAn,",customer581@example.com,  Yerevan  ,2023-12-29,25
C10582,narek,Ghazaryan,customer582@example.com,Abovyan,2025-03-09,37
C10583,David,petrosyan,customer583@example.com,Etchmiadzin,2024-07-27,25
C10584,Arman,'Martirosyan',customer584@example.com,YeREvan,2025-06-24,26
C10585,Lusine,Grigoryan,customer585@example.com,Yerevan,2025-06-14,24
C10586,David,Vardanyan,customer586@example.com,artashat,2024-02-21,31
C10587,ANI,  Harutyunyan  ,customer587@example.com,'Abovyan',2024-09-27,45
C10588,Nare,HAkoByaN,customer588@example.com,Yev.,2025-02-06,19
C10589,'Tatev',Mkrtchyan,customer589@example.com,YEREVAN,2023-06-08,60
C10590,Mikael.,PETROSYAN,customer590@example.com,"GYUMRI,",2025-08-05,25
C10591,Tatev,harutyunyan,customer591@example.com,Yerevan,2023-08-31,30
C10592,ARSen,Harutyunyan,customer592@example.com,YEReVAN,2025-06-04,38
C10593,anna,Manukyan,customer593@example.com,arMaViR,2023-06-16,64
C10594,HaYK.,stepaNyAN,customer594@example.com,"yerevan city,",2025-03-30,45
C10595,KaREn,Manukyan,,#Hrazdan,2025-04-10,52
C10596,Saro.,PETROSYAN,customer596@example.com,yerevan,2023-07-01,40
C10597,narEK,avetISYaN,customer597@example.com,hRAzdAN,2025-06-21,63
C10598,Eva,"""GhAzarYAN""",customer598@example.com,Hrazdan,2024-02-27,32
C10599,"""""Mariam""""",manukyan.,customer599@example.com,YEREVAN,2023-01-26,19
C10600,gor,  hAkObyAN  ,customer600@example.com,"gyumri,",2023-07-03,29
C10601,karen,Martirosyan,customer601@example.com,yerevan city,2025-01-24,53
C10602,tatev,Grigoryan,customer602@example.com,Kapan,2025-08-04,20
C10603,nAreK,"""STEPANYAN""",customer603@example.com,ArMAVir,2023-12-07,22
C10604,Ani,Sargsyan,customer604@example.com,#Yerevan,2025-03-12,20
C10605,Ani,Grigoryan,customer605@example.com,YEREVAN,2024-02-26,64
C10606,Karen,Grigoryan,customer606@example.com,YEREVAN,2025-04-01,36
C10607,eva.,sargsyan,,hrazdan,2024-11-16,19
C10608,"Lusine,",manukyan,customer608@example.com,yerevan city,2025-06-03,61
C10609,"mAnE,",Petrosyan,customer609@example.com,Yerevan,2025-01-22,54
C10610,Lusine,'Sargsyan',customer610@example.com,YEREVAN CITY,2025-04-10,34
C10611,Tatev,Ghazaryan,customer611@example.com,YEReVan,2023-09-12,31
C10612,#Ani,  ghazaryan  ,customer612@example.com,Hrazdan,2023-10-01,45
C10613,MARIAM,Hovhannisyan,customer613@example.com,Yerevan,2023-06-13,44
C10614,DAvID,Karapetyan,customer614@example.com,#Abovyan,2025-03-17,27
C10615,"""""anna""""",Avetisyan,customer615@example.com,YER,2024-12-19,20
C10616,Ani,Martirosyan,customer616@example.com,YEREVaN cIty,2023-04-21,53
C10617,mikael,mkrtchyan,customer617@example.com,Vanadzor,2024-01-27,55
C10618,"""""Hayk""""",Manukyan,customer618@example.com,dilIjAn.,2025-06-12,42
C10619,lusine,STepanyAN,customer619@example.com,Etchmiadzin,2023-02-09,39
C10620,Narek,Avetisyan,customer620@example.com,  YEREVAN  ,2025-05-29,65
C10621,Narek,SARGSYAN,customer621@example.com,YEREVan,2024-04-26,56
C10622,Hayk,Karapetyan,customer622@example.com,Kapan,2023-08-16,64
C10623,anna,Mkrtchyan,customer623@example.com,Yerevan,2023-07-24,N/A
C10624,Narek,Stepanyan,customer624@example.com,  Yerevan  ,2025-04-16,38
C10625,NARek,Martirosyan,customer625@example.com,kapan,2025-07-29,47
C10626,Gor,Vardanyan,customer626@example.com,Etchmiadzin,2024-04-16,45
C10627,GOR,martirosyan,customer627@example.com,Dilijan,2023-12-25,48
C10628,Saro,Manukyan,customer628@example.com,Armavir,2023-11-09,43
C10629,Lusine,SARGSYAN,customer629@example.com,Kapan,2025-04-20,60
C10630,"""arsen""",Vardanyan,customer630@example.com,"""Yerevan""",2025-03-25,39
C10631,David,  AVETISYAN  ,customer631@example.com,"""yerevan city""",2025-06-11,38
C10632,Arsen,#Petrosyan,customer632@example.com,VNZ,2023-08-22,18
C10633,#Ani,AVETISYAN,customer633@example.com,Gyumri,2023-08-17,54
C10634,Saro,Avetisyan,customer634@example.com,Gyumri,2023-01-25,30
C10635,tatev,MARTIROSYAN,customer635@example.com,YeReVAn.,2024-11-06,38
C10636,"Tatev,",Petrosyan,customer636@example.com,Yerevan,2023-07-17,63
C10637,Arman,PEtrOSYaN,customer637@example.com,Vanadzor.,2024-02-13,26
C10638,Ani,  MANUKYAN  ,customer638@example.com,Yerevan,2023-12-03,34
C10639,"Lusine,",stepanyan,customer639@example.com,YEREVAN CITY,2023-10-13,64
C10640,#Sona,MkRtchYan,customer640@example.com,gyumri,2025-06-04,38
C10641,mariam,Harutyunyan.,customer641@example.com,Hrazdan,2023-03-13,48
C10642,Sona,Grigoryan,customer642@example.com,'Yerevan',2025-03-02,56
C10643,Lilit,"Stepanyan,",,Gyumri,2023-10-13,39
C10644,mARiAm,Grigoryan,customer644@example.com,Hrazdan,2023-12-26,29
C10645,"Anna,",Martirosyan,customer645@example.com,Yer,2024-10-18,23
C10646,"""""Karen""""","""""HARUTYUNYAN""""",customer646@example.com,Yev.,2024-06-05,33
C10647,suren,Mkrtchyan.,customer647@example.com,#YEREVAN,2024-02-14,43
C10648,ani,HarUTYUnYAn,customer648@example.com,"""yerevan city""",2024-11-26,22
C10649,suren,MANUkyAN,customer649@example.com,artashat,2025-05-13,26
C10650,Narek,Avetisyan,customer650@example.com,Yev.,2024-07-03,63
C10651,Lusine,"""mArTIrOsyAn""",customer651@example.com,'Abovyan',2023-12-06,57
C10652,mikael,peTROsYan,customer652@example.com,YEREVAN,2023-01-29,31
C10653,"Eva,",Ghazaryan,customer653@example.com,'YVN',2023-04-29,61
C10654,Eva,Martirosyan,customer654@example.com,"Vanadzor,",2025-06-17,59
C10655,Narek.,Grigoryan,customer655@example.com,YEREVAN,2023-09-25,47
C10656,Arsen,"""Vardanyan""",customer656@example.com,Gyumri,2023-07-02,43
C10657,Mariam,Mkrtchyan,customer657@example.com,Yev.,2024-08-17,62
C10658,Mane,Harutyunyan,customer658@example.com,Yerevan,2023-09-29,46
C10659,sARO,#MkRtchyAn,customer659@example.com,Vanadzor,2023-02-09,36
C10660,LILIT,"""Stepanyan""",,Yerevan,2023-04-22,64
C10661,HAYK,Manukyan,customer661@example.com,Armavir,2024-09-02,25
C10662,"""""MARiAm""""",Martirosyan,customer662@example.com,VANAdZor,2024-03-20,40
C10663,HaYk,Stepanyan,customer663@example.com,yEREvAn,2023-12-20,59
C10664,Karen,Vardanyan,customer664@example.com,Yerevan.,2025-01-16,52
C10665,MARIAM,Sargsyan,customer665@example.com,Gyumri,2025-03-16,48
C10666,"""""Karen""""",Martirosyan,customer666@example.com,hrazdan,2023-11-18,52
C10667,eva,Stepanyan,customer667@example.com,yEREvAn,2024-03-22,49
C10668,#sArO,petroSyAn,customer668@example.com,Etchmiadzin,2024-09-12,22
C10669,mariam.,MARTIROSYAN,customer669@example.com,'Yerevan',2024-06-07,33
C10670,Nare,Karapetyan,customer670@example.com,Etchmiadzin,2023-04-29,34
C10671,  Hayk  ,Manukyan,customer671@example.com,yer.,2024-01-30,49
C10672,Ani,Hakobyan,customer672@example.com,#Kapan,2025-07-10,55
C10673,'Eva',Manukyan,customer673@example.com,gyumri,2024-08-13,49
C10674,"""Gor""",Harutyunyan,customer674@example.com,Yerevan,2023-07-14,37
C10675,Saro,GHAZARYAN,customer675@example.com,"Yerevan,",2023-09-18,65
C10676,Lusine,Hakobyan,customer676@example.com,Yerevan,2023-02-15,19
C10677,naREk,Vardanyan,customer677@example.com,"Dilijan,",2024-12-26,37
C10678,Arman,HaruTyunYAn,customer678@example.com,"""""yvn""""",2024-03-22,64
C10679,gor,Harutyunyan,customer679@example.com,YEREVAN,2023-01-02,35
C10680,Lusine,  PETROSYAN  ,customer680@example.com,Vanadzor,2024-06-16,18
C10681,"Gor,",Vardanyan,customer681@example.com,#Gyumri,2025-08-05,46
C10682,Lusine,Petrosyan,customer682@example.com,gyumri,2025-04-05,46
C10683,  Nare  ,"Vardanyan,",,'AbOvYaN',2024-07-05,36
C10684,Narek,Hovhannisyan,customer684@example.com,Yerevan,2024-12-04,61
C10685,MARIAM,Avetisyan.,customer685@example.com,"""armavir""",2025-01-06,57
C10686,Hayk,GrIgoRyAN,customer686@example.com,yerevan city,2025-01-29,N/A
C10687,"""maRIam""",vARDAnyan,customer687@example.com,Yer,2025-01-24,61
C10688,"Tatev,",Avetisyan,customer688@example.com,Hrazdan,2024-11-17,56
C10689,"""Mane""",Avetisyan,customer689@example.com,ABOVYAN,2023-07-21,63
C10690,Mane,'gHaZaRYAN',,#yerevan city,2024-01-08,25
C10691,Mikael.,grigoryan,customer691@example.com,vanadzor,2024-03-17,41
C10692,mane,"""Sargsyan""",customer692@example.com,  Yerevan  ,2023-03-13,37
C10693,Saro,hAkoBYAN,customer693@example.com,Yev..,2024-11-11,31
C10694,Eva,MKRTCHYAN,customer694@example.com,Armavir,2025-07-31,22
C10695,Mikael,  Avetisyan  ,customer695@example.com,YVN,2023-12-05,58
C10696,MANE,Ghazaryan,customer696@example.com,Yerevan,2024-09-30,57
C10697,Mikael,HoVHAnnisyAN,,etchmiadzin,2023-11-18,51
C10698,Sona,VardanYan,customer698@example.com,dilijan,2024-11-10,33
C10699,Arman,Martirosyan,customer699@example.com,gyumri,2025-05-18,62
C10700,SONA,'Martirosyan',customer700@example.com,"GYuMRI city,",2023-05-08,24
C10701,Arman,HARUTYUNYAN,customer701@example.com,vanadzor,2025-01-07,33
C10702,'Anna',griGORYan,customer702@example.com,artAShat,2025-07-10,24
C10703,anna,"harutyunyan,",customer703@example.com,"""""KApaN""""",2023-11-04,-5
C10704,KArEn,"""Vardanyan""",customer704@example.com,Yerevan.,2024-06-03,31
C10705,Saro,'Ghazaryan',customer705@example.com,'yerevan',2023-11-13,31
C10706,saro,Karapetyan,customer706@example.com,gyumri,2024-11-13,61
C10707,"""Narek""",KARAPETYAN,customer707@example.com,etChMiAdzin.,2024-02-23,50
C10708,KaReN,Hovhannisyan,customer708@example.com,vanadzor,2023-12-01,50
C10709,Gor,Stepanyan,customer709@example.com,Abovyan,2024-02-17,61
C10710,Hayk.,'Mkrtchyan',customer710@example.com,DiLijaN,2024-12-14,37
C10711,ani,"""""Petrosyan""""",customer711@example.com,"""YEREV.""",2023-10-30,64
C10712,Narek,Vardanyan,customer712@example.com,Yev.,2024-07-21,53
C10713,David,'PetRoSYAN',customer713@example.com,  yerevan  ,2023-05-11,24
C10714,Suren,"""""Grigoryan""""",customer714@example.com,yerevan city,2023-07-16,49
C10715,'Arsen',Grigoryan,customer715@example.com,yerevan city,2024-03-06,65
C10716,Mariam,Avetisyan,customer716@example.com,YeREvan,2024-11-11,20
C10717,Lusine,Karapetyan,customer717@example.com,"Abovyan,",2024-01-24,56
C10718,"""""ArSEn""""",#Avetisyan,customer718@example.com,  Armavir  ,2024-11-24,46
C10719,Tatev,Petrosyan,customer719@example.com,'Gyumri',2025-02-05,41
C10720,DavId,"""""Stepanyan""""",customer720@example.com,Gyumri,2025-07-13,39
C10721,Eva,"""""HAKOBYAN""""",customer721@example.com,YEREVAN,2023-06-28,23
C10722,"""""Eva""""",hakobyan,customer722@example.com,Hrazdan,2024-09-22,65
C10723,Mane,Grigoryan,customer723@example.com,#Hrazdan,2024-08-05,41
C10724,MiKael,STEPANYAN,customer724@example.com,"Vanadzor,",2023-11-05,57
C10725,Lusine,Harutyunyan,customer725@example.com,Yerevan,2024-02-20,40
C10726,Arman,PETROSYAN,customer726@example.com,YEV.,2024-07-15,55
C10727,"""ANI""",HaKOByaN,customer727@example.com,Yerevan,2025-05-03,27
C10728,Sona,Stepanyan,customer728@example.com,VNZ,2023-01-01,33
C10729,LUSINE,STEPANYAN,customer729@example.com,Vagharshapat,2023-11-08,28
C10730,Anna,Petrosyan,customer730@example.com,Kapan,2023-10-21,49
C10731,Nare,"""Manukyan""",customer731@example.com,GMR,2023-08-04,62
C10732,eva,Stepanyan,customer732@example.com,Etch.,2024-03-16,23
C10733,"""Eva""",stepanyan,customer733@example.com,ARTASHAT,2025-03-15,41
C10734,Arsen,MARTIROSYAN,customer734@example.com,Yerevan,2024-08-16,50
C10735,Arsen,Karapetyan,customer735@example.com,Yerevan,2024-09-13,29
C10736,Mariam,avetisyan,customer736@example.com,Artashat,2024-11-01,44
C10737,TATEV,Petrosyan,customer737@example.com,Yerevan,2023-11-26,55
C10738,Arsen.,Martirosyan,customer738@example.com,Armavir,2024-04-21,35
C10739,Saro,Stepanyan,customer739@example.com,Dilijan,2024-03-28,62
C10740,Lilit,'Manukyan',customer740@example.com,abovyan,2024-03-28,56
C10741,"Anna,",  avetisyan  ,customer741@example.com,Etchmiadzin,2024-11-22,30
C10742,  eva  ,Petrosyan,customer742@example.com,  Hrazdan  ,2023-08-07,57
C10743,Arsen,grigoryan,customer743@example.com,"Abovyan,",2024-06-07,47
C10744,Mane,"""Martirosyan""",customer744@example.com,Yerevan,2024-04-29,58
C10745,Eva,'AVETISYAN',customer745@example.com,  Yev.  ,2025-03-23,30
C10746,tatev,Petrosyan,customer746@example.com,yEv.,2025-07-11,51
C10747,Karen,  Martirosyan  ,customer747@example.com,AboVYAN,2025-03-26,53
C10748,'Hayk',Manukyan,customer748@example.com,#Yer,2025-01-23,47
C10749,Anna,PETROSYAN.,customer749@example.com,YEREVAN,2023-06-23,42
C10750,SARO,'PETROSYAN',customer750@example.com,"""""yerevan""""",2024-11-05,19
C10751,Eva,Vardanyan,,hrazdan,2023-03-28,53
C10752,Narek,Petrosyan,customer752@example.com,"""""Dilijan""""",2023-10-18,35
C10753,GOR,Hovhannisyan,customer753@example.com,Dilijan,2024-06-11,22
C10754,Lilit.,"""MKRTCHYAN""",customer754@example.com,gyumri,2024-11-10,36
C10755,Lusine,Hovhannisyan,customer755@example.com,'Kapan',2024-10-10,59
C10756,Lilit,stEPANYan,customer756@example.com,'Hrazdan',2024-09-26,35
C10757,Suren,Grigoryan,customer757@example.com,Gym,2023-12-10,49
C10758,LuSiNe,"""Stepanyan""",customer758@example.com,VNZ,2023-04-06,38
C10759,Tatev,Manukyan,customer759@example.com,yev.,2025-04-18,27
C10760,  NaRE  ,Hovhannisyan,customer760@example.com,Artashat,2025-02-08,54
C10761,arman,Avetisyan,customer761@example.com,"""""YEV.""""",2023-08-29,39
C10762,GOR,Ghazaryan,,Yer,2024-11-19,30
C10763,anna,Mkrtchyan,customer763@example.com,Abovyan,2023-11-14,34
C10764,"David,",#Harutyunyan,customer764@example.com,yerevan,2023-08-19,26
C10765,tatev,GhAzarYAN,customer765@example.com,Yerevan,2025-04-05,41
C10766,Karen,  MKRTCHYAN  ,customer766@example.com,vANAdzOr,2023-07-23,61
C10767,Eva,Karapetyan,customer767@example.com,yerevan,2023-05-31,31
C10768,ARmAn,kArAPEtyan,customer768@example.com,  HRAZDAN  ,2023-01-26,63
C10769,#Eva,Petrosyan,customer769@example.com,"""""Gyumri""""",2023-02-17,25
C10770,Mariam,Stepanyan,customer770@example.com,#Vanadzor,2023-09-08,N/A
C10771,"""""Eva""""",MkrtcHyAN,customer771@example.com,  vandz.  ,2024-05-01,36
C10772,Sona,Harutyunyan,customer772@example.com,gyumri,2024-09-17,45
C10773,Sona,#Mkrtchyan,customer773@example.com,"""""vanadzor""""",2025-05-20,63
C10774,Lusine,Grigoryan,customer774@example.com,Abovyan,2025-02-25,58
C10775,Suren,'ghazaryan',customer775@example.com,"hraZdAN,",2023-03-16,47
C10776,SARO,Grigoryan,customer776@example.com,HRAZDAN,2024-04-11,24
C10777,Gor,Harutyunyan,customer777@example.com,Kapan,2024-02-29,43
C10778,David,Mkrtchyan,customer778@example.com,YER,2025-06-26,57
C10779,Narek,MARTIROSYAN,customer779@example.com,#Yerevan,2024-10-06,63
C10780,Hayk.,Vardanyan,customer780@example.com,Artashat,2024-08-12,63
C10781,"""Nare""","""""Stepanyan""""",customer781@example.com,Yerevan,2023-07-19,28
C10782,Mariam,#GRIGORYAN,customer782@example.com,yerevan,2025-01-05,31
C10783,Tatev,Grigoryan,customer783@example.com,"""""gyumri""""",2024-12-14,N/A
C10784,HayK,Hakobyan,customer784@example.com,"Yerevan,",2024-01-29,25
C10785,"Narek,",'Mkrtchyan',customer785@example.com,Yerevan,2024-05-21,20
C10786,"""ani""",Stepanyan,customer786@example.com,Dilijan,2024-02-14,45
C10787,"Hayk,",gRigoRYAn,customer787@example.com,GYUMRI,2023-09-07,46
C10788,  Hayk  ,hovhannisyan,customer788@example.com,Yev.,2023-06-01,40
C10789,mikael,Manukyan,customer789@example.com,dilijan,2024-11-02,35
C10790,Arman,"vardanyan,",customer790@example.com,dIliJAn,2024-12-05,52
C10791,Mane,VARDANYAN,customer791@example.com,"""Yerevan""",2023-01-06,30
C10792,David,"mkrtchyan,",customer792@example.com,yerevan city,2025-07-03,29
C10793,Anna,Karapetyan,customer793@example.com,KAPAN,2025-02-07,64
C10794,Saro,"""""HAKOBYAN""""",customer794@example.com,#hrAzdAn,2025-05-31,22
C10795,"Sona,",Grigoryan,customer795@example.com,Abovyan.,2025-02-27,56
C10796,"""""NAREK""""",Hakobyan,customer796@example.com,Armavir,2025-06-25,28
C10797,Arman.,Karapetyan,customer797@example.com,#ABOVYAN,2023-04-20,28
C10798,Hayk,Harutyunyan,customer798@example.com,#yeRevAn,2025-03-08,64
C10799,  Mariam  ,Harutyunyan,customer799@example.com,Abovyan,2024-03-11,59
C10800,"""""NaRe""""",Ghazaryan,customer800@example.com,  Yer  ,2023-08-13,64
C10801,MANE.,"""MKRTCHYAN""",customer801@example.com,HRAZDAN.,2023-06-30,48
C10802,arman,#Karapetyan,customer802@example.com,vanadzor.,2025-04-03,48
C10803,Eva,Sargsyan,customer803@example.com,YEREVAN.,2024-12-13,30
C10804,hayk,ghazaryan,customer804@example.com,Gyumri,2024-06-14,31
C10805,"LUSINE,","""""Sargsyan""""",customer805@example.com,yerevan city,2024-04-20,62
C10806,  HAYK  ,mkrtchyan,customer806@example.com,YVN,2023-02-21,59
C10807,Saro,"""""Petrosyan""""",customer807@example.com,"""Vanadzor""",2024-07-24,42
C10808,Mariam.,  stepanyaN  ,customer808@example.com,Yerevan,2023-09-13,50
C10809,eva,hakobyan,customer809@example.com,EtcHMIaDzin,2025-07-28,50
C10810,MaNe,HAKOBYAN,customer810@example.com,YVN,2025-05-18,32
C10811,"""sona""",Stepanyan,customer811@example.com,Abovyan,2023-05-05,33
C10812,Saro,"""STEPANYAN""",customer812@example.com,'Etchmiadzin',2024-04-12,61
C10813,'Tatev',  Harutyunyan  ,customer813@example.com,ABOVYAN,2023-05-17,55
C10814,sUren,Sargsyan,customer814@example.com,"""Gyumri""",2025-03-31,23
C10815,Narek,  Stepanyan  ,customer815@example.com,Artashat,2024-04-20,61
C10816,'Hayk',HOvHaNniSYan,customer816@example.com,yerevan.,2024-11-14,42
C10817,Arman,Avetisyan,customer817@example.com,Yerevan,2024-06-27,32
C10818,Saro,Stepanyan,customer818@example.com,YVN,2024-07-26,21
C10819,'Nare',GRIGORYAN,customer819@example.com,"Yerev.,",2024-09-01,21
C10820,Ani,grigoryan,customer820@example.com,"""ArTAshat""",2023-11-21,47
C10821,Nare,grigoryan,customer821@example.com,Yerevan,2025-02-12,51
C10822,LuSiNe,Harutyunyan,customer822@example.com,Etchmiadzin,2025-07-01,44
C10823,"""""suren""""",vardanyan,customer823@example.com,ETCHMIADZIN.,2024-03-29,48
C10824,Eva,Karapetyan,customer824@example.com,YeRevaN,2024-09-19,49
C10825,Ani,"""Hovhannisyan""",customer825@example.com,VANADZOR,2025-04-14,61
C10826,  Arsen  ,Martirosyan,customer826@example.com,Yerevan.,2025-01-06,-5
C10827,"""Hayk""",Vardanyan,customer827@example.com,gyumri,2025-07-02,26
C10828,narek,"""""Sargsyan""""",customer828@example.com,#YerEVan,2024-05-31,58
C10829,Mane,Hovhannisyan,customer829@example.com,  artashat  ,2024-03-12,25
C10830,Arman,Ghazaryan,customer830@example.com,DILIJAN,2025-04-30,31
C10831,Tatev,  SARGSYAN  ,customer831@example.com,  YEREVAN  ,2025-07-17,50
C10832,Mane,Hovhannisyan,customer832@example.com,YeReVAn,2024-07-15,40
C10833,Anna,Avetisyan,customer833@example.com,hrazdan.,2024-04-01,38
C10834,"""Ani""",Hovhannisyan,customer834@example.com,Yerevan,2025-07-07,29
C10835,hayk,HOvHannIsYAN,customer835@example.com,armavir,2023-06-12,19
C10836,Karen,Vardanyan,customer836@example.com,Vanadzor,2025-01-31,30
C10837,Gor,Hovhannisyan,customer837@example.com,#Yerevan,2025-06-01,21
C10838,Narek,HAKOByaN,customer838@example.com,'Kapan',2024-05-01,37
C10839,Gor,Vardanyan,customer839@example.com,gyumri,2024-04-05,65
C10840,"Suren,",Petrosyan,customer840@example.com,Armavir,2023-09-23,31
C10841,"MARIAM,",Mkrtchyan.,customer841@example.com,ARTASHAT,2025-02-08,47
C10842,Tatev,ghazaryan,customer842@example.com,Yerevan,2023-09-11,46
C10843,"""""SONA""""","""""Ghazaryan""""",customer843@example.com,yerevan,2025-05-10,-5
C10844,Mariam,#Hakobyan,customer844@example.com,DilIJan,2024-10-14,29
C10845,Nare,STEPANYAN,customer845@example.com,Armavir,2023-10-11,58
C10846,Ani,Karapetyan,,Yerevan,2025-02-23,55
C10847,"""""narEk""""",Mkrtchyan,customer847@example.com,Kapan,2025-03-07,43
C10848,David,#SaRGSyan,customer848@example.com,gyumri,2024-06-17,19
C10849,"""""luSine""""",kARAPEtyAN,customer849@example.com,"YEREVAN,",2024-05-11,57
C10850,DAVID,Mkrtchyan,customer850@example.com,armavir,2024-10-03,31
C10851,mane,Avetisyan,customer851@example.com,#yeREvAN,2023-09-02,23
C10852,Eva,AVetiSyan,customer852@example.com,  Artashat  ,2023-10-09,59
C10853,hayk,Manukyan,customer853@example.com,Yerevan,2024-03-26,57
C10854,ANNa,Stepanyan,customer854@example.com,Vandz.,2023-03-21,48
C10855,#lusine,  VardaNyaN  ,customer855@example.com,  Yerev.  ,2024-12-31,34
C10856,Narek.,"""MARTIROSYAN""",customer856@example.com,"Gyumri,",2023-10-20,42
C10857,Suren,Avetisyan,customer857@example.com,Abovyan,2023-08-29,49
C10858,"""""Karen""""",Sargsyan,customer858@example.com,YEREVAN,2023-10-06,29
C10859,Arsen,"""Petrosyan""",customer859@example.com,GMR,2023-12-10,30
C10860,"""""Mane""""",GRIGORYAN,customer860@example.com,gyumri,2023-11-24,N/A
C10861,David,Manukyan,customer861@example.com,'Yerevan',2025-07-03,61
C10862,Mariam,Grigoryan.,customer862@example.com,'vagharshapat',2024-07-07,65
C10863,Suren,Ghazaryan,customer863@example.com,yereVAn,2023-03-24,42
C10864,Anna,Stepanyan,customer864@example.com,"Vandz.,",2023-05-22,48
C10865,Anna,hovhannisyan,customer865@example.com,  Gym  ,2023-06-04,54
C10866,Ani,Martirosyan,customer866@example.com,Gyumri,2023-08-25,42
C10867,sOnA,Ghazaryan,customer867@example.com,Yer,2024-01-28,33
C10868,Sona,Mkrtchyan,customer868@example.com,Yerevan,2024-12-11,55
C10869,Mane,GHAZARYAN,customer869@example.com,Gyumri City,2023-06-06,60
C10870,'david',"Harutyunyan,",customer870@example.com,hrazdan,2024-12-24,40
C10871,NarEk,Stepanyan,customer871@example.com,Kapan,2023-08-08,31
C10872,ARSEN,Avetisyan,customer872@example.com,'Gyumri',2023-03-07,23
C10873,Anna,PETROSYAN,customer873@example.com,Yerevan,2024-02-29,42
C10874,Narek,Martirosyan,customer874@example.com,'Yerevan',2024-02-22,40
C10875,Narek,Grigoryan,customer875@example.com,#Yer,2023-12-05,60
C10876,'Saro',"""Manukyan""",customer876@example.com,yErev.,2024-07-09,29
C10877,Arsen,AVETISYAN,customer877@example.com,Yerevan,2024-04-22,30
C10878,Arman.,Sargsyan,customer878@example.com,YVN,2024-03-01,53
C10879,Tatev,#Avetisyan,customer879@example.com,  yErEVAN  ,2023-03-05,56
C10880,gor,#Manukyan,customer880@example.com,'yerevan',2023-07-31,51
C10881,KAREN,MANUKYAN,customer881@example.com,YEREVAN,2025-05-02,23
C10882,Sona,Harutyunyan,customer882@example.com,  Yerevan  ,2024-03-06,55
C10883,"""Sona""","""Vardanyan""",customer883@example.com,YEREVAN,2024-02-03,-5
C10884,"""""LiLiT""""",  Avetisyan  ,customer884@example.com,  Yerevan  ,2025-07-15,25
C10885,Sona,Ghazaryan,customer885@example.com,Gyumri,2025-02-27,25
C10886,Arsen,"""AVETISYAN""",customer886@example.com,yerevan,2024-08-21,57
C10887,SARo,stepanyan,customer887@example.com,Yerevan,2024-12-13,50
C10888,hayk.,"stepanyan,",customer888@example.com,yerevan,2023-01-21,51
C10889,Ani,#Hovhannisyan,customer889@example.com,"""Yerevan""",2025-05-27,61
C10890,Eva,harutyunyan,customer890@example.com,yerevan,2025-06-20,32
C10891,Ani,karapetyan,customer891@example.com,Gyumri.,2025-02-22,53
C10892,Lusine,Karapetyan,customer892@example.com,AboVyAN,2024-08-12,52
C10893,Ani,Hovhannisyan,customer893@example.com,'YEREVAN',2024-01-25,63
C10894,Eva,Mkrtchyan,customer894@example.com,  Yerev.  ,2024-05-03,39
C10895,#mariam,KARAPETYAN,customer895@example.com,'Armavir',2023-01-07,40
C10896,Arsen,Stepanyan,customer896@example.com,#Yev.,2023-12-27,57
C10897,"""SOna""","""""Hovhannisyan""""",customer897@example.com,  Yerev.  ,2023-11-02,62
C10898,Sona.,  Hakobyan  ,customer898@example.com,Kapan,2025-02-10,39
C10899,Saro,'VARDANYAN',customer899@example.com,vAGhARSHApat,2024-02-04,22
C10900,lilit,Vardanyan,customer900@example.com,Yerevan,2025-05-23,48
C10901,'Saro',Ghazaryan,customer901@example.com,gyumri,2025-07-02,30
C10902,Hayk,avetisyan,customer902@example.com,YEREVAN.,2025-05-05,45
C10903,Hayk,Ghazaryan,customer903@example.com,yerevan,2024-03-05,37
C10904,'Anna',Hovhannisyan,customer904@example.com,"""Vandz.""",2024-07-05,50
C10905,Lilit,"""Petrosyan""",customer905@example.com,"YVN,",2025-02-04,33
C10906,Saro,Avetisyan,customer906@example.com,YEREVAN,2025-01-22,46
C10907,Sona,  Hakobyan  ,customer907@example.com,ARTASHAT,2024-07-13,40
C10908,#Gor,HAKOBYAN,customer908@example.com,Artashat,2025-03-30,41
C10909,Nare,Ghazaryan,customer909@example.com,Yerev.,2024-09-09,N/A
C10910,EVA,grigoryan,customer910@example.com,vnz,2025-07-08,24
C10911,eva,Avetisyan.,customer911@example.com,Gyumri,2023-08-14,55
C10912,Ani,MARTiRosyAn,customer912@example.com,Armavir,2024-05-14,54
C10913,Nare,hakobyan,customer913@example.com,YEREVAN,2023-08-13,21
C10914,Lilit,'Vardanyan',customer914@example.com,YEREVAN,2023-10-07,51
C10915,Arman,"""PETROSYAN""",customer915@example.com,Yerevan,2024-03-22,59
C10916,Hayk,Vardanyan,customer916@example.com,YEREVAN,2024-05-12,39
C10917,'Ani',HARUTYUNYAN,customer917@example.com,Yerevan,2023-01-30,22
C10918,nareK,MkrtCHYan,customer918@example.com,Etchmiadzin,2024-02-03,59
C10919,ANI,Grigoryan,customer919@example.com,Abovyan.,2023-12-11,40
C10920,arman,Harutyunyan,customer920@example.com,YEREVAN,2024-11-15,32
C10921,mariam,grigoryan.,customer921@example.com,'Gyumri',2024-11-26,48
C10922,'GOR','Vardanyan',customer922@example.com,Yerevan,2025-03-28,26
C10923,Narek,"""""Stepanyan""""",customer923@example.com,Armavir.,2024-02-19,60
C10924,Gor,Petrosyan,customer924@example.com,Artashat,2025-01-11,42
C10925,ANI,VardAnyAN,customer925@example.com,diLijan,2023-06-19,42
C10926,Hayk,Stepanyan,customer926@example.com,Kapan,2025-05-10,38
C10927,tatev,GHAzAryAN,customer927@example.com,Yerevan,2024-04-23,26
C10928,EVA,Manukyan,customer928@example.com,YEREVAN,2025-07-30,65
C10929,'Arman',Avetisyan,customer929@example.com,Vanadzor,2023-05-11,55
C10930,Tatev,Vardanyan,customer930@example.com,Armavir,2024-09-29,39
C10931,"Nare,",STEPANYAN,customer931@example.com,yev..,2024-06-30,60
C10932,Eva,HOvhaNNIsYan,customer932@example.com,YEREVAN,2023-01-28,40
C10933,sona,Sargsyan,customer933@example.com,Etchmiadzin,2025-07-17,21
C10934,"""""Narek""""",Martirosyan,customer934@example.com,YerEV.,2024-02-08,46
C10935,Eva,HaruTYUNyan,customer935@example.com,YEREVAN,2024-08-29,32
C10936,'Arman',"""avetisyan""",customer936@example.com,Abovyan,2024-07-31,18
C10937,suren,"Martirosyan,",,Yerev.,2024-11-09,47
C10938,"tAteV,",mAnUkYan,customer938@example.com,"""Yerevan""",2023-01-28,46
C10939,Mariam,"sargsyan,",customer939@example.com,Etchmiadzin,2023-03-27,37
C10940,Saro,Martirosyan,customer940@example.com,Vandz.,2024-10-20,N/A
C10941,"""Saro""",Martirosyan,customer941@example.com,Dilijan,2024-03-14,58
C10942,Arman.,Harutyunyan,,YEREVAN,2023-05-19,61
C10943,#Arman,Karapetyan,customer943@example.com,yerevan,2025-06-06,53
C10944,"MANE,",Sargsyan,customer944@example.com,Hrazdan,2024-04-17,39
C10945,"""Narek""",avEtISyaN,customer945@example.com,Gyumri City,2023-07-06,30
C10946,Nare,manUkyaN,customer946@example.com,Yerevan,2023-02-21,24
C10947,Mane,"Sargsyan,",customer947@example.com,Vagharshapat,2023-09-24,25
C10948,Gor,  Ghazaryan  ,customer948@example.com,YEREVAN,2024-01-24,45
C10949,Sona.,"""PETROSYAN""",customer949@example.com,  Yerevan  ,2023-12-02,62
C10950,  Hayk  ,"gHazArYaN,",customer950@example.com,YerevAN,2023-08-05,60
C10951,hayk,Karapetyan,customer951@example.com,Yev.,2024-04-10,26
C10952,"""""SONA""""","""""Petrosyan""""",customer952@example.com,yvn,2023-12-01,42
C10953,Eva,Manukyan.,customer953@example.com,Gyumri,2023-12-12,33
C10954,"ARSEN,",Harutyunyan,,"""Abovyan""",2025-02-18,27
C10955,"""Mane""",harutyunyan,customer955@example.com,'ARMAvIr',2025-06-19,28
C10956,Suren,"""Stepanyan""",customer956@example.com,YEREVAN,2024-01-24,48
C10957,"""Tatev""",MANUKYAN,customer957@example.com,Yerev..,2023-10-12,29
C10958,  Sona  ,grigoryan,customer958@example.com,yerEvAn,2025-02-09,48
C10959,Karen.,manukYaN,customer959@example.com,YEREVAN,2025-05-01,31
C10960,Ani,Ghazaryan,customer960@example.com,Abovyan,2024-03-07,61
C10961,Eva,Karapetyan.,customer961@example.com,#Hrazdan,2023-09-16,49
C10962,Sona,VARDANYAN.,customer962@example.com,Etch.,2025-05-04,34
C10963,Mane,#HAKOBYAN,customer963@example.com,Yerevan,2023-03-25,52
C10964,suren,Harutyunyan,customer964@example.com,#yerEvAN,2024-04-26,18
C10965,  Suren  ,Mkrtchyan,customer965@example.com,Gyumri,2023-01-20,46
C10966,Arman,KARAPETYAN,customer966@example.com,'Yev.',2025-02-06,21
C10967,Mikael,Vardanyan,customer967@example.com,  Vandz.  ,2024-07-06,40
C10968,ARmaN,'Hovhannisyan',customer968@example.com,Dilijan,2023-02-23,45
C10969,Narek,KARAPETYAN,customer969@example.com,yerevan.,2023-12-25,33
C10970,  Narek  ,Karapetyan,customer970@example.com,Hrazdan,2023-08-18,29
C10971,SoNa,'Stepanyan',customer971@example.com,  Gyumri  ,2024-10-27,38
C10972,Gor,Martirosyan.,customer972@example.com,Yerev.,2023-03-12,62
C10973,Lusine,Karapetyan,customer973@example.com,'Vanadzor',2025-03-10,34
C10974,David,Stepanyan,customer974@example.com,YEV.,2024-10-29,57
C10975,Saro,Harutyunyan,customer975@example.com,  yerevan  ,2023-02-11,30
C10976,Arsen,Hakobyan,customer976@example.com,VANADZOR,2025-02-11,49
C10977,Sona,Hakobyan,customer977@example.com,Kapan,2023-02-01,54
C10978,David,"Karapetyan,",customer978@example.com,yeReV.,2023-09-11,32
C10979,Mane,HoVhANNisYaN,customer979@example.com,yerevan,2023-07-24,29
C10980,ani,"""""Petrosyan""""",customer980@example.com,Armavir,2025-05-09,32
C10981,aRSEN.,HARUTYUNYAN,customer981@example.com,Vagharshapat,2023-01-21,51
C10982,Narek,StepANyAN,customer982@example.com,hrazdan,2024-09-28,23
C10983,aRsen,HARUTYUNYAN,customer983@example.com,"""yerevan city""",2023-06-06,34
C10984,Arman,Hovhannisyan,customer984@example.com,Armavir,2023-09-02,65
C10985,aNi,SARGSYAN,customer985@example.com,Yerevan,2023-05-10,37
C10986,Saro,Ghazaryan,customer986@example.com,"""""Vanadzor""""",2024-04-29,26
C10987,Sona,Hovhannisyan,customer987@example.com,YEREVAN,2024-11-16,22
C10988,Eva,"""""Stepanyan""""",customer988@example.com,Abovyan,2023-04-28,40
C10989,Eva,hoVHaNNISYAN.,customer989@example.com,yeReVan,2024-07-31,50
C10990,#David,Stepanyan,customer990@example.com,yer,2023-08-12,55
C10991,"""""David""""",Avetisyan,customer991@example.com,  yerevan  ,2024-04-21,31
C10992,gOr,'Grigoryan',customer992@example.com,Yerevan,2024-12-17,34
C10993,nare,  Stepanyan  ,customer993@example.com,vanadzor,2023-09-20,36
C10994,DAVID,Hovhannisyan,customer994@example.com,Armavir,2025-02-24,50
C10995,ANNa.,"""Grigoryan""",customer995@example.com,ARTASHat,2024-01-13,18
C10996,Nare,"Stepanyan,",customer996@example.com,Yerevan,2023-06-21,30
C10997,mANe,Stepanyan,customer997@example.com,#Hrazdan,2024-09-12,63
C10998,Hayk.,Petrosyan,customer998@example.com,Abovyan,2024-09-13,44
C10999,MaRIAm,grigoryan,customer999@example.com,YEREVAN,2025-02-04,23
C11000,LILIT,Sargsyan,customer1000@example.com,"""""yerevan city""""",2025-01-05,23
C11001,karen,hovhannisyan,customer1001@example.com,Abovyan,2023-04-28,50
C11002,"MARIAM,",Hovhannisyan,customer1002@example.com,Artashat,2025-03-07,47
C11003,LUSINE.,Manukyan,customer1003@example.com,VANADZOR,2025-04-18,63
C11004,'MANE',Grigoryan,customer1004@example.com,yerevan,2023-06-17,52
C11005,SUREN,HARUTYUNYAN,customer1005@example.com,GyumRi,2023-11-15,40
C11006,Saro,Hovhannisyan.,customer1006@example.com,  Yev.  ,2023-04-21,27
C11007,Lilit.,Vardanyan,customer1007@example.com,hrAZdan,2024-08-15,36
C11008,"""""Nare""""",ghazaryan,customer1008@example.com,Hrazdan,2023-01-27,45
C11009,Hayk,"""""Manukyan""""",customer1009@example.com,Yerevan,2023-11-16,40
C11010,Ani,"Grigoryan,",customer1010@example.com,Armavir,2024-08-12,21
C11011,lusine.,"HARUTYUNYAN,",customer1011@example.com,#YEREVAN,2024-11-24,37
C11012,Mane,"""""Harutyunyan""""",,Dilijan,2025-07-18,36
C11013,karen,vardanyan,customer1013@example.com,#Yerevan,2024-01-20,59
C11014,Lusine,#Karapetyan,customer1014@example.com,Yerevan,2024-02-11,44
C11015,#Lilit,Hakobyan,customer1015@example.com,Yev.,2025-01-02,51
C11016,LUSINE.,Petrosyan,customer1016@example.com,Yerevan,2023-07-23,21
C11017,Nare,Sargsyan,customer1017@example.com,"yerev.,",2023-03-19,55
C11018,"David,",MartIRoSYAn,customer1018@example.com,Vanadzor,2024-08-29,24
C11019,Lusine,Hovhannisyan,customer1019@example.com,VANADZOR,2024-12-08,65
C11020,Nare,Avetisyan,customer1020@example.com,HRazdAN,2025-04-30,24
C11021,'Sona',Grigoryan,customer1021@example.com,YEREVAN,2024-10-04,43
C11022,Lusine,Grigoryan,customer1022@example.com,gyumri,2023-09-06,43
C11023,Lilit,Manukyan,customer1023@example.com,Yerevan,2023-04-15,36
C11024,"""""Ani""""",manukyan,customer1024@example.com,abovyan,2024-12-14,26
C11025,TATEV,"""Stepanyan""",customer1025@example.com,yev.,2025-03-02,37
C11026,Saro.,  Avetisyan  ,customer1026@example.com,'Armavir',2023-11-05,59
C11027,saro,Grigoryan,customer1027@example.com,ABOVYAN,2025-05-20,62
C11028,lusINE,Mkrtchyan,customer1028@example.com,Gyumri,2024-12-01,33
C11029,tatev,SARGSYAN,customer1029@example.com,"""yerevan""",2024-09-06,34
C11030,"""Mikael""",  sTEpaNyan  ,,Yer,2025-04-04,39
C11031,Sona.,Stepanyan.,customer1031@example.com,yerEVAn,2023-05-04,30
C11032,sarO,GRIGORYAN,customer1032@example.com,Kapan.,2025-03-26,29
C11033,Karen,hovhannisyan,customer1033@example.com,#Armavir,2024-08-02,27
C11034,#ANI,#Hakobyan,customer1034@example.com,Yerevan.,2025-03-12,18
C11035,Arsen,Avetisyan,customer1035@example.com,VANADZOR,2023-02-12,49
C11036,SARO,  Stepanyan  ,customer1036@example.com,Hrazdan,2023-12-22,47
C11037,eVA,Hovhannisyan,customer1037@example.com,VNZ,2024-06-29,25
C11038,#Karen,"mkrtchyan,",customer1038@example.com,Yerevan,2024-03-14,38
C11039,  Mariam  ,Sargsyan,customer1039@example.com,Yerev.,2024-11-08,39
C11040,'LuSinE',Grigoryan,customer1040@example.com,YEREVAN CITY,2024-01-15,35
C11041,"""Karen""",Martirosyan,customer1041@example.com,Kapan,2023-03-12,19
C11042,  Hayk  ,Karapetyan.,customer1042@example.com,Gyumri,2024-06-02,65
C11043,sARO,Hovhannisyan,customer1043@example.com,GYM,2024-10-25,61
C11044,Arman,Vardanyan,customer1044@example.com,Artashat,2023-12-16,26
C11045,Ani.,Hakobyan,customer1045@example.com,vANAdzOR,2023-01-13,20
C11046,Sona,'Martirosyan',customer1046@example.com,ARMAVIR,2025-05-19,43
C11047,Lilit.,ghazaryan,customer1047@example.com,Gyumri,2024-03-06,38
C11048,Anna,manukyan,customer1048@example.com,"""""Yerevan""""",2025-04-22,47
C11049,Gor,HOVHANNISYAN,customer1049@example.com,Artashat,2024-05-16,45
C11050,Gor,Manukyan,customer1050@example.com,Gyumri,2023-04-19,53
C11051,SARO,Grigoryan,,YEreVAN.,2024-03-19,43
C11052,Arsen,"""""manukyan""""",customer1052@example.com,Yerevan,2024-01-06,51
C11053,#MARIAM,GHAZARYAN,customer1053@example.com,"yerevan,",2024-10-12,25
C11054,Ani,Hakobyan,customer1054@example.com,Gyumri,2025-07-01,27
C11055,Karen,Sargsyan,customer1055@example.com,KapAN,2025-04-28,65
C11056,Lilit,  Harutyunyan  ,customer1056@example.com,ARTAsHat,2024-04-15,60
C11057,Sona,Petrosyan,customer1057@example.com,ARTASHAT,2024-12-25,31
C11058,Ani,Avetisyan,customer1058@example.com,YEREVAN,2023-06-06,57
C11059,"""""Anna""""",Sargsyan,customer1059@example.com,"""""Yerevan""""",2024-03-21,32
C11060,Sona.,Harutyunyan,customer1060@example.com,yerevan city,2023-06-30,34
C11061,eva.,MKRTCHYAN,customer1061@example.com,kapan,2025-01-21,35
C11062,'Narek',Vardanyan,customer1062@example.com,"""""Yerevan""""",2024-06-18,49
C11063,Anna,hovhannisyan,customer1063@example.com,Vanadzor,2024-10-28,55
C11064,"""Saro""","HOVHANNISYAN,",customer1064@example.com,HRAzDAN,2023-10-04,40
C11065,ani,Stepanyan,customer1065@example.com,yerevan city,2024-09-22,63
C11066,Eva,HakOBYaN.,customer1066@example.com,"""""YEREVAN""""",2025-04-07,40
C11067,SONA,hoVHannISYAN,customer1067@example.com,Dilijan,2025-07-30,52
C11068,Mariam,"Martirosyan,",customer1068@example.com,diLiJAN,2024-07-05,56
C11069,Anna,harutyunyan,customer1069@example.com,yerevan,2025-03-04,32
C11070,ArSEN,Hakobyan,customer1070@example.com,"""Gyumri""",2024-05-10,41
C11071,Arsen,Karapetyan,customer1071@example.com,Dilijan.,2024-04-21,45
C11072,manE,mARTirosYaN,customer1072@example.com,Yev.,2024-03-22,33
C11073,MIKAEL,hovhannisyan,customer1073@example.com,yvn,2025-04-25,33
C11074,Arman,Manukyan,customer1074@example.com,"""""yerevan""""",2025-01-18,57
C11075,naRE,Ghazaryan,customer1075@example.com,Gyumri City,2024-08-29,56
C11076,narek,'MANUKYAN',customer1076@example.com,"Yerev.,",2023-10-02,N/A
C11077,ARSEN,MartirOSYan,customer1077@example.com,yerevan,2023-11-27,19
C11078,Mikael,mkrtchyan,customer1078@example.com,Yerevan,2025-05-22,30
C11079,Karen,Hovhannisyan,customer1079@example.com,gyUMri,2023-09-09,61
C11080,Lilit,  MkRtChyan  ,customer1080@example.com,Dilijan,2025-04-30,64
C11081,gor,"""mkrTChyan""",customer1081@example.com,Etchmiadzin,2023-03-30,26
C11082,Lilit,Harutyunyan,customer1082@example.com,Kapan,2023-10-13,51
C11083,Ani,Avetisyan,customer1083@example.com,VNZ,2025-06-21,34
C11084,Saro,Harutyunyan,customer1084@example.com,Yev.,2024-04-06,44
C11085,#Mikael,Grigoryan,,Yerevan,2023-09-07,46
C11086,saro,"""""pETrOSyAN""""",customer1086@example.com,  Artashat  ,2025-02-07,54
C11087,ARmAN,MARTIROSYAN,customer1087@example.com,yEREvAn,2024-04-20,60
C11088,Karen,Sargsyan,customer1088@example.com,Yerev.,2024-08-06,39
C11089,Mariam,"""Petrosyan""",customer1089@example.com,Abovyan,2024-09-16,41
C11090,ani,Karapetyan,customer1090@example.com,Yerevan,2024-11-15,24
C11091,EVA,ghazaryan,customer1091@example.com,Yerevan,2024-01-24,51
C11092,Narek,haRuTYUNyan,customer1092@example.com,DILIJAN,2023-12-11,65
C11093,NARE,"""Harutyunyan""",customer1093@example.com,"""Kapan""",2023-01-30,29
C11094,Mane,hAKOByAn,customer1094@example.com,Yerevan,2024-05-21,40
C11095,Gor,Petrosyan,customer1095@example.com,#Dilijan,2025-05-21,32
C11096,Mariam,STEpanyAn,customer1096@example.com,'Abovyan',2023-11-29,50
C11097,Anna,'Vardanyan',customer1097@example.com,Hrazdan,2023-07-06,30
C11098,'SUREN',"Vardanyan,",customer1098@example.com,"""""Yerevan""""",2024-05-14,40
C11099,NARE,Hakobyan,customer1099@example.com,yErEvAN,2023-08-06,55
C11100,Narek,Sargsyan,customer1100@example.com,vanadzor,2023-12-30,49
C11101,NAREK,HAkOBYAN,customer1101@example.com,"""""Armavir""""",2025-03-27,62
C11102,"""""Hayk""""",  petrosyan  ,customer1102@example.com,vnz,2023-09-22,52
C11103,David,mARtIRoSYAN.,customer1103@example.com,Yerevan,2023-12-15,18
C11104,Mariam,HOVHANNISYAN,customer1104@example.com,Yerevan,2023-10-14,N/A
C11105,"""Suren""",Hovhannisyan,,#Kapan,2025-06-20,62
C11106,#ANNA,GhAzARYAn,customer1106@example.com,Yev.,2024-09-02,22
C11107,Nare,Karapetyan,customer1107@example.com,"""Gyumri""",2024-12-19,30
C11108,'SUREN',Harutyunyan,customer1108@example.com,"""YEREV.""",2025-06-20,22
C11109,LUSINE.,Sargsyan,customer1109@example.com,Yerevan,2023-10-10,49
C11110,"GOR,",VARDANYAN,customer1110@example.com,'ABOVYAN',2024-07-23,38
C11111,ARSEN,#HaRUTYUnyAN,customer1111@example.com,'Abovyan',2023-01-11,41
C11112,Lusine,Grigoryan,customer1112@example.com,YER,2024-06-13,35
C11113,#Karen,Ghazaryan,customer1113@example.com,Yerevan,2023-07-15,38
C11114,"Saro,",karapetyan,customer1114@example.com,Etchmiadzin,2023-03-29,27
C11115,Lusine,Avetisyan,customer1115@example.com,yerevan,2023-09-05,41
C11116,Arsen,Vardanyan,customer1116@example.com,  gyumri  ,2025-01-07,57
C11117,David,Stepanyan,customer1117@example.com,"""""Dilijan""""",2024-02-21,64
C11118,SONA,Stepanyan,customer1118@example.com,YVN,2024-05-15,38
C11119,Mariam,"hakobyan,",customer1119@example.com,ARTASHAT,2024-07-22,42
C11120,Tatev,Manukyan,customer1120@example.com,Yerev.,2025-02-15,40
C11121,Lilit,Petrosyan,customer1121@example.com,Vanadzor,2023-09-04,39
C11122,David,Harutyunyan,customer1122@example.com,Yerevan,2024-12-08,21
C11123,Mane,'hakobyan',customer1123@example.com,DILIJAN,2024-05-02,51
C11124,Arsen,SARGSYAN,customer1124@example.com,YEREVAN,2024-10-23,23
C11125,Arman,"""""Harutyunyan""""",customer1125@example.com,Yerevan,2024-12-29,45
C11126,TatEV,#AVETISYAN,customer1126@example.com,dilijan,2024-05-17,48
C11127,#MARIAM,HOVHANNISYAN,customer1127@example.com,GYUMRI,2024-04-03,52
C11128,NAREK,KArAPETYAn,customer1128@example.com,Gyumri,2025-03-22,56
C11129,Mane,Ghazaryan,customer1129@example.com,Yerevan,2023-01-18,59
C11130,haYK,  KAraPetyAN  ,customer1130@example.com,"Abovyan,",2023-04-06,40
C11131,Karen,Hovhannisyan,customer1131@example.com,yerevan,2023-10-29,23
C11132,Gor,HARUTYUNYAN,customer1132@example.com,Yer,2023-08-15,33
C11133,ARmaN,Sargsyan.,customer1133@example.com,VNZ,2024-02-19,19
C11134,David.,"""""KARaPETYaN""""",customer1134@example.com,"""Yerevan""",2024-12-09,41
C11135,  hAYk  ,#Stepanyan,customer1135@example.com,  ARTASHAT  ,2023-09-07,34
C11136,'Mariam',Karapetyan,customer1136@example.com,Armavir,2023-11-10,62
C11137,Lusine,avetisyan,customer1137@example.com,Hrazdan,2024-11-10,18
C11138,NAREK,vardanyan.,customer1138@example.com,#Etchmiadzin,2024-08-18,23
C11139,'hayk',Petrosyan.,customer1139@example.com,AbOvYan,2024-01-13,22
C11140,suren,sargsyan,customer1140@example.com,yerevan,2024-04-29,62
C11141,Gor,'Sargsyan',customer1141@example.com,Hrazdan,2024-07-20,46
C11142,'Hayk',maRtIRoSyan,customer1142@example.com,Yerevan.,2024-06-27,29
C11143,sona,Vardanyan,customer1143@example.com,"""""Yerevan""""",2023-12-19,56
C11144,Mariam,Vardanyan,customer1144@example.com,"""""Vagharshapat""""",2024-03-11,64
C11145,suren,hovhannisyan,customer1145@example.com,GYM,2025-02-02,20
C11146,Tatev,"""Martirosyan""",customer1146@example.com,KAPAN,2024-07-17,65
C11147,LilIT,Stepanyan,customer1147@example.com,  YVN  ,2023-12-05,18
C11148,GOR,"""""Hovhannisyan""""",customer1148@example.com,vanadzor,2023-12-27,44
C11149,Tatev,karapETyan,customer1149@example.com,YEREV.,2024-12-20,65
C11150,Lusine,Hovhannisyan,customer1150@example.com,Abovyan,2024-04-09,41
C11151,Arsen,MANUKYAN,customer1151@example.com,hRazdaN,2023-10-05,61
C11152,Mariam,Martirosyan,customer1152@example.com,#Vanadzor,2023-11-10,36
C11153,Mane,Karapetyan,customer1153@example.com,Yer,2023-09-15,25
C11154,Ani,MKRTCHYAN,customer1154@example.com,Yerevan,2023-08-25,61
C11155,SaRO,"Grigoryan,",customer1155@example.com,"""Yerevan""",2023-05-04,64
C11156,Arman,GRIGORYAN,customer1156@example.com,Vanadzor.,2025-01-08,19
C11157,Saro,Sargsyan,customer1157@example.com,Artashat,2023-07-17,47
C11158,Mane,Manukyan,customer1158@example.com,YVN,2023-11-20,N/A
C11159,Sona,avetisyan,customer1159@example.com,hrazdan,2023-05-03,56
C11160,mane,Petrosyan,customer1160@example.com,#Kapan,2025-01-30,62
C11161,Arman,Martirosyan,customer1161@example.com,Gym,2024-07-02,49
C11162,LUSINE,"""Mkrtchyan""",customer1162@example.com,"""Abovyan""",2025-02-19,18
C11163,"Lilit,",Karapetyan,customer1163@example.com,ETcHmiAdZIn,2024-12-07,55
C11164,SONA,MAnuKyAN,customer1164@example.com,yerevan city,2023-07-09,30
C11165,ANNA,vardanyan,customer1165@example.com,YEREV.,2023-07-16,28
C11166,Mariam,Vardanyan,customer1166@example.com,yEreV.,2023-08-10,27
C11167,#EVA,SARGSYAN,customer1167@example.com,DILIJAN,2025-01-26,65
C11168,NAREK,GhaZaRyAn,customer1168@example.com,ARMAVIR,2024-05-10,43
C11169,ani,Martirosyan,customer1169@example.com,Hrazdan,2023-10-11,37
C11170,ARMAN,Manukyan,,YEr,2025-01-11,34
C11171,Eva,'mARTIROSYAn',customer1171@example.com,#yErEVan,2024-08-26,34
C11172,Nare,"Ghazaryan,",customer1172@example.com,"""""Yerevan""""",2025-02-17,21
C11173,Saro.,Petrosyan,customer1173@example.com,"""yerevan""",2024-06-21,22
C11174,anna,Petrosyan.,customer1174@example.com,#vnz,2024-09-03,40
C11175,Nare,AVETISYAN,customer1175@example.com,"""""Dilijan""""",2023-10-17,63
C11176,Mane,Vardanyan,customer1176@example.com,armavir,2023-04-13,27
C11177,Lusine,Stepanyan,customer1177@example.com,Abovyan,2025-05-02,63
C11178,TATEV,GRIGORYAN,customer1178@example.com,"""""Yev.""""",2023-07-18,45
C11179,mane,Vardanyan,customer1179@example.com,#yerevan,2023-10-31,50
C11180,Mariam,hOvhAnniSyan,customer1180@example.com,Yerevan,2023-08-21,60
C11181,David,hakobyan,customer1181@example.com,Hrazdan,2024-01-05,43
C11182,#Mariam,Hakobyan,customer1182@example.com,Etchmiadzin,2023-07-03,65
C11183,'DavId',Martirosyan,customer1183@example.com,Yerevan,2023-11-06,46
C11184,David,GhaZaRyaN,customer1184@example.com,'yerevan',2023-01-15,44
C11185,"""""Sona""""",#Avetisyan,customer1185@example.com,Yev.,2024-12-26,35
C11186,lusine,HaKobyAN,customer1186@example.com,Yerevan,2024-06-30,57
C11187,Ani,"Hovhannisyan,",customer1187@example.com,GYUMRI,2023-05-10,27
C11188,Mane,#Sargsyan,customer1188@example.com,Yev.,2023-10-08,59
C11189,SoNA,Hakobyan,customer1189@example.com,gyumri city,2023-02-16,22
C11190,'Gor',Harutyunyan,customer1190@example.com,kapan,2023-02-25,27
C11191,LILIT,Karapetyan,customer1191@example.com,VANADZOR,2024-07-20,38
C11192,Anna,AvetisYAN,customer1192@example.com,YVN,2023-10-27,41
C11193,Anna,#Sargsyan,customer1193@example.com,Yerevan,2024-12-15,55
C11194,kArEN,"""""MANUKYAN""""",customer1194@example.com,Gym,2023-05-10,20
C11195,Narek,Sargsyan,customer1195@example.com,YEREVAN,2024-10-15,57
C11196,surEn,GRIGORYAN,customer1196@example.com,Yerevan,2025-06-08,48
C11197,Suren,"""Manukyan""",customer1197@example.com,Gyumri,2025-02-09,58
C11198,"""""Saro""""",Vardanyan,customer1198@example.com,"VNZ,",2024-05-17,54
C11199,"""""Hayk""""",Mkrtchyan,customer1199@example.com,Etchmiadzin,2023-04-16,19
C11200,'MArIaM',Karapetyan,customer1200@example.com,Yerevan,2025-06-12,19
C11201,SUReN,Karapetyan.,customer1201@example.com,"""""Etchmiadzin""""",2023-01-13,56
C11202,Saro,#Karapetyan,customer1202@example.com,"""Yerevan""",2024-08-10,59
C11203,NAREK,Ghazaryan,customer1203@example.com,YErev.,2023-10-19,61
C11204,SUREN,Karapetyan,customer1204@example.com,VNZ,2024-04-25,51
C11205,"""Lusine""",'Martirosyan',customer1205@example.com,VANADZOR,2024-05-05,59
C11206,  lusine  ,Karapetyan,customer1206@example.com,ARTASHAT.,2024-03-27,37
C11207,gor,HovhAnNisyan,customer1207@example.com,'hrazdan',2023-12-15,N/A
C11208,Lusine,Vardanyan,customer1208@example.com,ARMAVIR,2023-07-08,21
C11209,"eva,",Karapetyan,customer1209@example.com,"Armavir,",2023-02-22,62
C11210,sUReN,Stepanyan,customer1210@example.com,Vandz.,2023-09-16,-5
C11211,Mikael.,Vardanyan,customer1211@example.com,gyumri,2025-06-01,28
C11212,sAro,kArAPETyan,customer1212@example.com,VAnadZOr,2024-05-04,59
C11213,sONa,  GHAZARYAN  ,customer1213@example.com,  Dilijan  ,2023-04-27,64
C11214,LuSiNE,'avetisyan',customer1214@example.com,etchmiadzin,2025-04-21,22
C11215,Narek,MARTIROSYAN,customer1215@example.com,Yerevan.,2023-03-08,42
C11216,Mikael,Ghazaryan,customer1216@example.com,Vagharshapat,2024-02-15,54
C11217,Hayk.,#Petrosyan,customer1217@example.com,Yer.,2024-05-18,51
C11218,sOna,sArgsYan,customer1218@example.com,"yerevan,",2023-03-17,26
C11219,KAREN,"Stepanyan,",customer1219@example.com,'YEREVAN CITY',2024-08-13,23
C11220,"""Suren""",Stepanyan,customer1220@example.com,aBOVYAn,2024-10-06,35
C11221,  Eva  ,sargsyan,customer1221@example.com,Armavir,2024-12-03,31
C11222,DAVID,Manukyan,customer1222@example.com,#Yerevan,2023-02-24,36
C11223,Tatev.,AVETISYAN.,customer1223@example.com,yErEvan,2023-06-05,31
C11224,Eva,Harutyunyan,customer1224@example.com,YEREVAN,2023-06-02,57
C11225,Gor,Sargsyan,customer1225@example.com,Abovyan,2025-04-10,34
C11226,#Mikael,Hakobyan,customer1226@example.com,yerevan,2024-07-30,52
C11227,lilit,#Harutyunyan,customer1227@example.com,Yerevan,2023-11-08,46
C11228,lusine,Karapetyan,customer1228@example.com,Yerevan,2023-03-29,59
C11229,Lilit,Karapetyan,customer1229@example.com,"gyumri,",2023-09-12,34
C11230,ARSeN,Martirosyan,customer1230@example.com,Yerevan,2023-05-02,60
C11231,eva,Harutyunyan,customer1231@example.com,Hrazdan,2024-07-25,25
C11232,Lilit,Hakobyan,customer1232@example.com,yerEvAN,2025-02-21,18
C11233,DavID,martirosyan,customer1233@example.com,Abovyan,2024-03-02,62
C11234,SARO,HOVHANNISYAN,customer1234@example.com,Yerevan,2024-09-12,53
C11235,Mikael,GHAZARYAN,customer1235@example.com,'gyumri',2024-09-02,24
C11236,sona.,vaRDaNYAn,customer1236@example.com,yerevan,2025-03-20,63
C11237,Karen,Vardanyan,customer1237@example.com,Hrazdan.,2024-09-25,22
C11238,karen,Manukyan,customer1238@example.com,'Artashat',2023-08-20,41
C11239,  Nare  ,'Harutyunyan',customer1239@example.com,Armavir,2025-03-05,45
C11240,LILIT,Avetisyan,customer1240@example.com,#vanadzor,2024-06-19,60
C11241,'ANNA',Karapetyan,customer1241@example.com,  gYuMri  ,2024-01-25,34
C11242,"""Karen""",VARDANYAN,customer1242@example.com,Etchmiadzin,2024-04-06,54
C11243,GOR,"karapetyan,",customer1243@example.com,Abovyan,2025-07-19,37
C11244,"""""Lilit""""",GRIGORYAN,customer1244@example.com,Yerevan,2024-03-29,20
C11245,"""luSIne""",Ghazaryan,customer1245@example.com,Etchmiadzin,2023-11-01,54
C11246,Arsen,Ghazaryan,customer1246@example.com,YEREVAN,2025-05-30,43
C11247,Anna,Vardanyan,customer1247@example.com,YEV.,2024-08-25,32
C11248,'Suren',Martirosyan,customer1248@example.com,#YEREVAN,2024-03-15,65
C11249,TATEV,Petrosyan,,YeREVan,2023-11-09,25
C11250,  MARIAM  ,Petrosyan,customer1250@example.com,Gym,2024-08-05,30
C11251,"""""anna""""",  Martirosyan  ,customer1251@example.com,Yerevan.,2024-09-27,65
C11252,narek,aVeTISyAn,customer1252@example.com,yeREVan,2023-03-03,20
C11253,"""MANE""",mkrtchyan,customer1253@example.com,"""""Yerevan""""",2024-09-16,18
C11254,Sona,Martirosyan,customer1254@example.com,Vanadzor,2025-01-27,26
C11255,SUREN,Avetisyan,customer1255@example.com,Hrazdan,2023-04-12,48
C11256,Lilit,Manukyan,customer1256@example.com,Yerevan,2025-02-20,58
C11257,Eva,kARAPetyan.,customer1257@example.com,Yerevan,2023-08-01,43
C11258,  Lusine  ,Hakobyan,customer1258@example.com,YEREVAN,2024-10-02,34
C11259,ARMAN,"""""mkrtchyan""""",customer1259@example.com,ARMaVIr,2023-08-05,51
C11260,#Tatev,Harutyunyan,customer1260@example.com,Gyumri,2023-09-28,26
C11261,Karen,Stepanyan,customer1261@example.com,gYumri ciTy,2024-11-07,30
C11262,ani,Mkrtchyan,customer1262@example.com,Yerevan,2023-03-25,22
C11263,Mikael,"""hakobyan""",customer1263@example.com,HRAZdAn,2023-06-10,58
C11264,Tatev,gRigORYAn,customer1264@example.com,#gyumri,2023-09-03,30
C11265,Gor,Ghazaryan,customer1265@example.com,#yvn,2023-06-27,18
C11266,SUREN,karapetyan,customer1266@example.com,YeReVaN,2024-07-19,42
C11267,MARIAM.,Petrosyan,customer1267@example.com,Yerevan,2023-03-18,64
C11268,"""""ANNA""""",'AvETISYAn',customer1268@example.com,KAPan,2023-06-10,21
C11269,'Gor',Martirosyan,customer1269@example.com,"Kapan,",2023-01-03,53
C11270,  Mariam  ,Martirosyan,customer1270@example.com,vanadzor,2024-02-23,27
C11271,tatev,Stepanyan,customer1271@example.com,Hrazdan,2024-04-06,45
C11272,tatev,Petrosyan,customer1272@example.com,YEV.,2024-12-06,23
C11273,KAREN,"""""Mkrtchyan""""",customer1273@example.com,Vanadzor,2024-08-31,44
C11274,  Anna  ,Karapetyan,customer1274@example.com,Abovyan,2024-04-26,29
C11275,Lilit,  sargsyan  ,customer1275@example.com,yer,2023-10-26,65
C11276,"""Arsen""",AVETISYAN,customer1276@example.com,#ARMAVIR,2023-02-03,20
C11277,Nare,"""Hovhannisyan""",customer1277@example.com,'YereVAn',2023-08-26,63
C11278,Lusine,"Manukyan,",customer1278@example.com,yEreVAn,2023-10-23,50
C11279,Suren,"""HaKObYAN""",customer1279@example.com,Vanadzor,2024-12-24,27
C11280,Mikael,"""""Stepanyan""""",customer1280@example.com,VNZ,2023-10-17,48
C11281,Suren,Mkrtchyan,customer1281@example.com,ABOVYAN,2024-12-20,32
C11282,  Eva  ,Ghazaryan,customer1282@example.com,"""""YEV.""""",2025-05-30,24
C11283,Gor,GHAZARYAN,customer1283@example.com,Kapan,2024-04-09,-5
C11284,lilit,Harutyunyan,customer1284@example.com,Gyumri,2023-03-14,31
C11285,'Nare',Grigoryan,customer1285@example.com,Gym,2024-12-04,65
C11286,narek,"GHAZARYAN,",customer1286@example.com,  Dilijan  ,2023-08-28,31
C11287,aNi,"""""Martirosyan""""",customer1287@example.com,hRAZdan,2025-08-04,20
C11288,'LUSINE',Mkrtchyan,,YVN,2023-09-28,63
C11289,"ANNA,",Grigoryan,customer1289@example.com,Hrazdan,2025-03-17,20
C11290,Tatev,HakobyAN,customer1290@example.com,Yerevan,2025-03-21,39
C11291,"aRSeN,",Martirosyan,customer1291@example.com,YEREVAN,2024-10-02,36
C11292,Karen,MARTIROSYAN,customer1292@example.com,yerevan,2024-08-26,52
C11293,Arman,Sargsyan,,DILIJAN,2024-11-08,29
C11294,#Karen,  HOVHANNISYAN  ,customer1294@example.com,YeREvaN,2025-04-03,22
C11295,NAreK,Mkrtchyan,customer1295@example.com,Abovyan,2023-07-22,27
C11296,Mikael,Vardanyan,customer1296@example.com,Yerevan,2024-03-11,58
C11297,Ani,Karapetyan,customer1297@example.com,Hrazdan,2023-04-28,50
C11298,Arsen,Stepanyan,customer1298@example.com,Gyumri,2024-07-11,30
C11299,Eva,STEPANYAN,,abovyan,2023-08-19,52
C11300,David,Petrosyan,customer1300@example.com,Yev.,2024-10-25,49
C11301,Eva,Petrosyan,customer1301@example.com,Hrazdan,2023-06-02,28
C11302,Lusine,#MANUKYAN,customer1302@example.com,"""""Dilijan""""",2025-07-19,65
C11303,"""Arman""",'Harutyunyan',customer1303@example.com,ABOVYAN,2023-09-30,55
C11304,Suren,"""""grigoryan""""",customer1304@example.com,Gyumri City.,2025-04-26,-5
C11305,"""Narek""",Stepanyan,customer1305@example.com,Artashat,2023-05-26,52
C11306,Narek,Mkrtchyan,customer1306@example.com,YEREVAN,2023-03-15,36
C11307,'MANE',Ghazaryan,customer1307@example.com,  Hrazdan  ,2023-03-03,23
C11308,Hayk,AVETISYAN,customer1308@example.com,ARMaViR,2023-06-19,57
C11309,lilit,Vardanyan,customer1309@example.com,YEV.,2025-03-22,62
C11310,Arsen,Harutyunyan,,Gyumri,2023-11-11,61
C11311,"""Mane""",SARGSYAN,customer1311@example.com,yvn,2024-09-01,59
C11312,"""""TATEV""""","""""ghazaryan""""",customer1312@example.com,Vanadzor,2025-02-05,52
C11313,mariam,"Martirosyan,",customer1313@example.com,  Abovyan  ,2025-04-24,21
C11314,Lilit,Karapetyan,customer1314@example.com,Yerev.,2024-08-05,50
C11315,#Nare,MKRTCHYAN,customer1315@example.com,Gyumri City,2025-08-01,30
C11316,Arman,Stepanyan,customer1316@example.com,Yerevan,2023-10-23,53
C11317,Sona,hovhannisyan,customer1317@example.com,"""Yerevan""",2024-03-25,60
C11318,  Nare  ,#Harutyunyan,customer1318@example.com,YEREvan,2023-05-08,36
C11319,SARo,HARUTYUNYAN,customer1319@example.com,Armavir,2024-04-24,60
C11320,tatev,KARAPETYAN,customer1320@example.com,Yerevan.,2024-12-06,29
C11321,Arsen.,  Ghazaryan  ,customer1321@example.com,armavir,2023-11-08,28
C11322,Gor,Manukyan,customer1322@example.com,"Vanadzor,",2024-12-17,23
C11323,Mane,"Vardanyan,",customer1323@example.com,"""""yerevan city""""",2024-02-17,29
C11324,MARIAM,grigoryan,customer1324@example.com,hrazdan,2023-10-06,44
C11325,david,Ghazaryan,customer1325@example.com,"""""gyumri""""",2024-05-27,-5
C11326,Lusine,Grigoryan,customer1326@example.com,GYUMRI,2024-07-06,42
C11327,anna,Stepanyan,customer1327@example.com,Yerevan,2024-05-20,59
C11328,Hayk,Harutyunyan,customer1328@example.com,Yerevan,2024-03-24,20
C11329,  Narek  ,"""Hakobyan""",customer1329@example.com,yerevan,2023-03-24,20
C11330,NaReK,Harutyunyan,customer1330@example.com,yerevan,2024-09-04,37
C11331,Eva,Stepanyan,customer1331@example.com,#YVN,2023-02-10,45
C11332,"""Lusine""",Harutyunyan,customer1332@example.com,yerevan city,2025-06-29,40
C11333,  David  ,Karapetyan,customer1333@example.com,yerevan,2024-03-18,65
C11334,Anna,Martirosyan,customer1334@example.com,yerevan,2025-01-22,20
C11335,Nare,karapetyan,customer1335@example.com,YErevan,2023-11-27,59
C11336,Lusine,VARdANyaN,customer1336@example.com,Yerevan,2024-09-10,41
C11337,Gor,Mkrtchyan,customer1337@example.com,Dilijan,2023-09-14,60
C11338,AnnA,  Harutyunyan  ,customer1338@example.com,Yerevan,2023-01-27,57
C11339,Karen,Vardanyan,customer1339@example.com,vanadzor,2023-04-04,23
C11340,kAREN,Grigoryan.,customer1340@example.com,Yerevan,2023-08-23,37
C11341,lusine,Avetisyan,customer1341@example.com,Artashat,2024-11-21,28
C11342,anna.,  Grigoryan  ,customer1342@example.com,Yerevan,2025-05-06,49
C11343,  Anna  ,#HOVHANNISYAN,customer1343@example.com,Artashat,2025-05-31,44
C11344,Hayk,Ghazaryan,customer1344@example.com,  Vanadzor  ,2024-08-12,38
C11345,tatev,"""""petrosyan""""",customer1345@example.com,Yerevan,2024-08-24,61
C11346,"""Eva""",Hovhannisyan,customer1346@example.com,armavir,2023-01-22,65
C11347,DaViD,"Stepanyan,",customer1347@example.com,Gyumri,2025-02-22,30
C11348,Arman,Manukyan,customer1348@example.com,YEREVAN,2024-11-19,39
C11349,Arsen,Vardanyan,customer1349@example.com,HRAZDAN,2025-04-21,52
C11350,Narek,"""""SARGSYAN""""",customer1350@example.com,Artashat,2023-10-03,64
C11351,Mariam,Mkrtchyan,customer1351@example.com,"""""gyumri""""",2024-08-13,39
C11352,'Mane',Mkrtchyan,customer1352@example.com,#yerevan,2023-02-11,45
C11353,David,Vardanyan,customer1353@example.com,"""""Vagharshapat""""",2025-02-20,38
C11354,Anna,Manukyan,customer1354@example.com,abovyan,2025-02-13,63
C11355,#david,'Avetisyan',customer1355@example.com,Armavir,2023-06-29,35
C11356,Anna,"""""sargsyan""""",customer1356@example.com,  Abovyan  ,2024-04-26,48
C11357,Mariam,Martirosyan,customer1357@example.com,YERevAN,2024-06-15,63
C11358,SUREN,HARUTYUNYAN,customer1358@example.com,ARTASHAT,2024-10-29,54
C11359,Gor.,SARGSYAN,,Yev.,2024-03-28,38
C11360,David,stEPanyAN,customer1360@example.com,yer,2025-07-27,31
C11361,Eva,sTePanyan,customer1361@example.com,gyumri,2023-10-12,42
C11362,#sONa,"avetisyan,",customer1362@example.com,Vanadzor,2023-07-05,44
C11363,NAREK,Hakobyan,customer1363@example.com,  YEREVAn  ,2024-08-22,57
C11364,Mane,petrosyan,customer1364@example.com,Etchmiadzin,2024-03-22,40
C11365,"Mariam,",#SArgSYan,customer1365@example.com,Yerevan.,2024-10-12,48
C11366,EVA,Sargsyan,customer1366@example.com,YEREVAN.,2025-04-13,64
C11367,"""""Hayk""""",Stepanyan,customer1367@example.com,Etchmiadzin,2024-05-18,46
C11368,Sona,Petrosyan,customer1368@example.com,Yev.,2023-04-04,64
C11369,Narek,HaRutyunyAn,customer1369@example.com,Yev.,2024-04-26,47
C11370,MIKAEL,SARGSYAN,customer1370@example.com,yereVAn,2023-12-23,43
C11371,Karen,PETROSYAN,customer1371@example.com,  artAShat  ,2024-02-23,37
C11372,hayK,"""Petrosyan""",,Yerevan,2023-12-08,55
C11373,"""narek""",  Stepanyan  ,customer1373@example.com,"""Yerevan""",2023-11-25,36
C11374,Mikael,#PETROSYAN,customer1374@example.com,Gyumri City,2024-11-17,44
C11375,Tatev,  KARAPETYAN  ,customer1375@example.com,GMR,2023-04-18,42
C11376,"""narek""",avETisyan,customer1376@example.com,"yerevan city,",2025-05-28,57
C11377,Tatev,"""""Karapetyan""""",customer1377@example.com,"Gyumri,",2023-06-14,55
C11378,Lusine,Hakobyan,customer1378@example.com,  YVN  ,2023-12-04,N/A
C11379,"karen,",  Hovhannisyan  ,customer1379@example.com,"""Dilijan""",2024-02-26,46
C11380,"SONa,",stepanyan,customer1380@example.com,Yerevan,2024-12-11,32
C11381,tatev,Martirosyan,customer1381@example.com,yereVAN,2024-05-22,20
C11382,Saro,VARDANYAN,customer1382@example.com,"""YEREVAN""",2023-10-23,27
C11383,ANNA,KARAPETYAN,customer1383@example.com,Yerevan.,2024-11-09,32
C11384,SONA,KArapeTyAn.,customer1384@example.com,abovyan,2024-02-15,33
C11385,"Mariam,",#Hovhannisyan,customer1385@example.com,YVN,2025-04-13,34
C11386,sona,avetisyan,customer1386@example.com,'Yerevan',2025-02-17,36
C11387,"""Tatev""",  Hovhannisyan  ,customer1387@example.com,Hrazdan,2024-07-17,28
C11388,tatev,#Stepanyan,customer1388@example.com,"""Gyumri""",2023-02-07,65
C11389,"""""anI""""","""""Martirosyan""""",customer1389@example.com,Yerevan,2024-04-10,22
C11390,HaYK,Manukyan,customer1390@example.com,Yerevan,2023-04-01,22
C11391,SARO,"Petrosyan,",customer1391@example.com,Yerevan,2023-11-19,31
C11392,Mikael,Ghazaryan,customer1392@example.com,Yerevan,2023-09-16,43
C11393,"Sona,","MKRTCHYAN,",customer1393@example.com,Yerevan,2023-11-28,25
C11394,Ani,"""""Stepanyan""""",customer1394@example.com,Vanadzor,2023-04-29,22
C11395,Mikael,Martirosyan,customer1395@example.com,Armavir,2025-03-02,24
C11396,David,HaKobyan,customer1396@example.com,yerevan,2024-02-18,33
C11397,tatev,Harutyunyan,customer1397@example.com,  yEREV.  ,2025-06-04,31
C11398,mANE,  Hakobyan  ,customer1398@example.com,yerevan,2024-06-10,54
C11399,TATEV,Petrosyan,customer1399@example.com,#yerevan,2025-04-24,58
C11400,  Gor  ,vardanyan.,customer1400@example.com,Yerevan,2023-01-02,21
C11401,Arman,maRTIROsyan,customer1401@example.com,armavir,2024-11-04,53
C11402,Hayk,stepanyan,customer1402@example.com,"""Abovyan""",2025-06-09,65
C11403,  Lilit  ,"""""Hakobyan""""",customer1403@example.com,'Dilijan',2024-07-09,34
C11404,Narek,Stepanyan,customer1404@example.com,"armavir,",2024-04-18,64
C11405,'MANE',Vardanyan,customer1405@example.com,"""gyumri ciTY""",2024-02-28,53
C11406,Tatev,vardanyan.,customer1406@example.com,Gyumri,2023-02-25,N/A
C11407,Saro,#Hakobyan,customer1407@example.com,YEREVAN,2023-07-12,N/A
C11408,Gor,'STEPANYAN',customer1408@example.com,Gyumri,2024-06-14,-5
C11409,Gor,"""""hovhannisyan""""",customer1409@example.com,Armavir,2024-01-06,53
C11410,#Mane,Manukyan,customer1410@example.com,YeReVAN,2024-09-29,55
C11411,Lilit,"""""vardanyan""""",customer1411@example.com,KAPAN,2025-02-13,54
C11412,Karen,Manukyan,customer1412@example.com,Yerevan,2024-05-25,65
C11413,Arman,martiROSyaN,customer1413@example.com,armavir,2024-10-02,65
C11414,Mariam,Petrosyan,customer1414@example.com,Artashat,2024-03-28,27
C11415,Arsen,Karapetyan,customer1415@example.com,Abovyan,2025-02-17,58
C11416,tatev,Grigoryan,customer1416@example.com,ABovYaN,2023-02-22,53
C11417,  Suren  ,Sargsyan.,customer1417@example.com,gYuMrI,2023-07-28,46
C11418,  LILIT  ,"""""Mkrtchyan""""",customer1418@example.com,Kapan,2023-10-01,31
C11419,Mariam,"""Sargsyan""",customer1419@example.com,diLIjan.,2024-07-16,21
C11420,Tatev,Avetisyan,customer1420@example.com,Etchmiadzin,2023-05-15,61
C11421,Arsen,Ghazaryan,customer1421@example.com,Vanadzor,2025-08-07,59
C11422,"""LuSiNE""",Manukyan,customer1422@example.com,Vanadzor,2023-10-22,53
C11423,David,Martirosyan,customer1423@example.com,kapan.,2024-03-24,62
C11424,LUSINE,SARGSYAN,customer1424@example.com,  Gyumri  ,2025-06-20,30
C11425,Sona,"""Vardanyan""",customer1425@example.com,'Etchmiadzin',2024-12-16,63
C11426,"""Mariam""",petrosyan,customer1426@example.com,  Gyumri  ,2024-05-11,35
C11427,Tatev,Mkrtchyan,customer1427@example.com,YvN,2023-05-05,50
C11428,Anna,sarGsYaN,customer1428@example.com,yerevan,2023-01-30,38
C11429,Mikael,Mkrtchyan,customer1429@example.com,Yerevan,2024-10-07,33
C11430,Hayk,harutyunyan,customer1430@example.com,"yerevan city,",2024-09-15,32
C11431,saro.,PETROSYAN,customer1431@example.com,Yerevan,2025-03-29,22
C11432,lilit,Ghazaryan,customer1432@example.com,gyumri,2023-09-03,23
C11433,Gor,Grigoryan,customer1433@example.com,"""Yev.""",2024-12-27,55
C11434,David,hovhannisyan,customer1434@example.com,Yerevan,2023-06-12,20
C11435,'mariam',Hakobyan,customer1435@example.com,HRAZDAN,2023-11-15,65
C11436,Eva,Mkrtchyan,customer1436@example.com,"dilijan,",2024-07-18,29
C11437,Narek,'Ghazaryan',customer1437@example.com,HRAZDAN,2023-01-15,53
C11438,"""Arman""",Petrosyan,customer1438@example.com,DILiJaN,2024-07-19,50
C11439,Nare,"""STEPANYAN""",customer1439@example.com,Abovyan,2024-02-22,53
C11440,Arman,'Vardanyan',customer1440@example.com,YEREVAN.,2023-04-06,50
C11441,'Karen',Mkrtchyan.,customer1441@example.com,abovyan,2023-08-19,48
C11442,Arman,Mkrtchyan,customer1442@example.com,abovyan,2025-05-11,38
C11443,Lusine,Karapetyan,customer1443@example.com,Yerevan,2025-07-23,44
C11444,Suren,#KarApEtYaN,customer1444@example.com,YVN,2023-04-27,44
C11445,"Lusine,",Hovhannisyan,customer1445@example.com,Abovyan,2024-04-17,25
C11446,"""""Gor""""",Vardanyan,customer1446@example.com,Yerevan,2023-05-01,54
C11447,Ani,Ghazaryan,customer1447@example.com,vandz.,2024-10-25,49
C11448,Karen,petrosyan,,Yerevan,2025-05-02,43
C11449,"karen,",hovhannisyan,customer1449@example.com,Vanadzor,2023-06-07,19
C11450,ARSEN,KARAPETYAN,customer1450@example.com,Gyumri,2024-05-25,29
C11451,"""""Eva""""",Avetisyan,customer1451@example.com,"yerevan city,",2025-01-03,39
C11452,"""""Suren""""",Vardanyan,customer1452@example.com,Yerevan,2023-10-26,34
C11453,ARMAN,Grigoryan,customer1453@example.com,vnz,2024-06-05,24
C11454,"""Anna""",HOVHANNISYAN,customer1454@example.com,Kapan,2024-12-23,60
C11455,Nare,Martirosyan,customer1455@example.com,"""Armavir""",2023-10-07,21
C11456,Suren,Hovhannisyan,customer1456@example.com,gyumri.,2024-03-01,54
C11457,LiLIt,Petrosyan,customer1457@example.com,#Hrazdan,2025-05-04,55
C11458,Mane,Petrosyan,customer1458@example.com,yerevan city,2024-05-09,49
C11459,  ANI  ,"""Avetisyan""",customer1459@example.com,Yerevan,2024-04-28,28
C11460,"hayk,",Stepanyan,customer1460@example.com,Yerevan,2023-09-07,18
C11461,"""""Eva""""","""manukyan""",customer1461@example.com,VAnADzOr,2024-04-12,42
C11462,  EVA  ,"""""Manukyan""""",customer1462@example.com,"YEREVAN,",2024-07-18,59
C11463,"""Saro""","""karapetyan""",customer1463@example.com,Yerevan,2023-05-29,41
C11464,Mane.,  Martirosyan  ,customer1464@example.com,Abovyan,2024-01-28,60
C11465,mariam,"""Karapetyan""",customer1465@example.com,Abovyan,2023-07-15,34
C11466,ARSEN,Harutyunyan,customer1466@example.com,"Yerevan,",2025-08-01,25
C11467,Mariam,'Harutyunyan',customer1467@example.com,YEREVAN CITY,2024-09-05,62
C11468,"Arman,",Hakobyan,customer1468@example.com,Yerevan,2024-06-04,44
C11469,Lusine,harutyunyan,customer1469@example.com,"Yerev.,",2025-02-03,35
C11470,ANNA,'Manukyan',customer1470@example.com,ABOVYAN,2025-06-19,44
C11471,Tatev,Stepanyan,customer1471@example.com,#Yerevan,2023-05-20,39
C11472,daVID.,'GRIGORYAN',customer1472@example.com,Abovyan,2025-06-03,33
C11473,Lilit,Harutyunyan.,customer1473@example.com,Armavir,2023-03-13,19
C11474,Eva,#KARAPETYAN,customer1474@example.com,"yEV.,",2023-10-10,22
C11475,Mane,Mkrtchyan,customer1475@example.com,dilijan,2025-03-02,35
C11476,NARE,Petrosyan,customer1476@example.com,Yerevan,2025-03-19,20
C11477,Mariam,Grigoryan,customer1477@example.com,YEREVAN,2025-05-24,44
C11478,Eva,Grigoryan,,YVN,2024-02-29,34
C11479,arsEn,Hovhannisyan,customer1479@example.com,Yerevan,2023-12-15,33
C11480,"""""Nare""""",karapetyan,customer1480@example.com,Yerevan.,2025-03-17,23
C11481,Mane,petrosyan,customer1481@example.com,Yer.,2024-06-03,24
C11482,"""Anna""",Manukyan,customer1482@example.com,"""""Hrazdan""""",2023-10-01,-5
C11483,"""Lusine""",GRIGORYAN,customer1483@example.com,armavir,2025-04-20,55
C11484,surEn,Hakobyan.,customer1484@example.com,abOvyan,2023-01-03,57
C11485,Eva,Karapetyan,customer1485@example.com,YereVAn,2023-10-17,32
C11486,Mikael,"""""Grigoryan""""",customer1486@example.com,Abovyan,2025-01-13,64
C11487,Narek,martirosyan,customer1487@example.com,"""""Vanadzor""""",2023-11-02,64
C11488,NARE,ghazaryan,customer1488@example.com,"""""Etch.""""",2025-05-07,65
C11489,Hayk,HOVHANNISYAN,customer1489@example.com,"""""Vagharshapat""""",2024-08-24,N/A
C11490,Saro,PeTRosyan,customer1490@example.com,Kapan,2024-08-16,60
C11491,NAREK,HArUtYuNyAN,customer1491@example.com,Yerevan,2024-11-06,44
C11492,#Anna,#Grigoryan,customer1492@example.com,ABOVYAN,2024-05-16,46
C11493,Ani,Karapetyan,customer1493@example.com,Yerev.,2025-06-05,54
C11494,HAYK,Harutyunyan.,customer1494@example.com,DILIJAN,2023-06-02,22
C11495,evA,Ghazaryan,customer1495@example.com,Yev.,2024-04-02,46
C11496,Mariam,Hakobyan,customer1496@example.com,  Yerevan  ,2024-07-05,49
C11497,Anna,harutyunyan.,customer1497@example.com,Yerevan,2024-05-10,23
C11498,Lusine,'MartiRoSYAN',customer1498@example.com,#Etchmiadzin,2023-12-20,19
C11499,Suren,#MANUKYAN,customer1499@example.com,Yerevan,2023-12-07,23
C11500,Karen,Grigoryan,customer1500@example.com,YEREVAN,2024-07-19,63
C11501,Eva,Sargsyan,customer1501@example.com,arTASHAT,2025-02-20,60
C11502,Suren,Sargsyan,customer1502@example.com,Armavir,2024-07-10,21
C11503,mikael.,Harutyunyan,customer1503@example.com,Yerevan,2024-01-22,46
C11504,Sona,Avetisyan,customer1504@example.com,'Yerevan',2024-04-11,42
C11505,Arsen,petrosyan,customer1505@example.com,Kapan,2023-11-26,26
C11506,"""""Lusine""""",Hovhannisyan.,customer1506@example.com,arMaviR,2025-06-09,20
C11507,"""Sona""",Sargsyan,customer1507@example.com,"""""Gyumri""""",2023-07-13,43
C11508,EVA,Avetisyan.,customer1508@example.com,Vanadzor,2024-12-15,65
C11509,arsen,Stepanyan,customer1509@example.com,YEREVAN,2023-09-02,60
C11510,"""""Karen""""",SARgsyan,customer1510@example.com,"""Etchmiadzin""",2024-08-08,44
C11511,'NARE',Avetisyan,customer1511@example.com,'Vanadzor',2024-01-28,53
C11512,Lilit,Petrosyan,customer1512@example.com,#Gyumri,2023-08-28,49
C11513,'Anna',Mkrtchyan,customer1513@example.com,Yev.,2025-05-26,18
C11514,suren,'SArgsyaN',customer1514@example.com,Armavir,2025-03-05,33
C11515,'Anna',MARTIROSYAN,customer1515@example.com,Vanadzor,2024-02-25,65
C11516,"NARE,","""Ghazaryan""",customer1516@example.com,"""YVN""",2023-02-14,28
C11517,"""""Arsen""""",  VArdANYAn  ,customer1517@example.com,"""""VNZ""""",2023-11-22,43
C11518,EVA,GRIGorYAn,customer1518@example.com,Abovyan,2025-02-01,57
C11519,"ARSEN,","""AVETISYAN""",customer1519@example.com,gyumri,2024-04-29,18
C11520,Lilit,Ghazaryan,customer1520@example.com,HRAZDAN,2024-12-23,43
C11521,LUSINE,'Grigoryan',customer1521@example.com,Vandz.,2025-07-24,45
C11522,Suren,Vardanyan,customer1522@example.com,ArtAsHat,2025-04-10,26
C11523,"""Nare""",Karapetyan,customer1523@example.com,  Yer  ,2024-01-26,61
C11524,Arman,"karapetyan,",customer1524@example.com,Yerevan,2024-01-31,39
C11525,"""""David""""",hovhannisyan,customer1525@example.com,Yerevan.,2024-11-10,25
C11526,"""""Hayk""""",ghazaryan,customer1526@example.com,'aBovyAn',2025-03-22,59
C11527,Mikael,  Petrosyan  ,customer1527@example.com,ABovyAn,2025-04-20,N/A
C11528,mARIaM,#aVetIsYan,customer1528@example.com,armavir,2024-10-29,56
C11529,SONA,Hakobyan,customer1529@example.com,Hrazdan,2023-06-05,36
C11530,mane,Karapetyan,customer1530@example.com,Gym,2024-05-22,42
C11531,tatev.,Petrosyan,customer1531@example.com,Dilijan,2023-02-07,55
C11532,Lusine,GHAZARYAN,customer1532@example.com,Yev.,2023-05-10,38
C11533,Sona,kAraPEtYAN,customer1533@example.com,Kapan,2024-05-29,41
C11534,  karen  ,Karapetyan,customer1534@example.com,#Yerevan,2024-08-27,41
C11535,KaRen,HaKOByAN,customer1535@example.com,Abovyan.,2023-12-06,36
C11536,Arsen,  Sargsyan  ,customer1536@example.com,hrazdan,2025-06-09,64
C11537,EVA,"Harutyunyan,",customer1537@example.com,vanadzor,2023-04-13,19
C11538,Hayk,GHaZaryAn,,Yerevan,2025-06-14,31
C11539,Mane,  HOVHANNISYAN  ,customer1539@example.com,YeReVAn,2025-05-15,49
C11540,Tatev,mkrtchyan,customer1540@example.com,  VANADZOR  ,2024-03-26,59
C11541,ani,karapetyan,customer1541@example.com,Kapan,2023-04-13,-5
C11542,hayk,"""""ghazaryan""""",customer1542@example.com,  Yerevan  ,2024-06-22,45
C11543,David,KARAPETYAN,customer1543@example.com,Armavir,2025-07-21,65
C11544,Sona,"""""Martirosyan""""",customer1544@example.com,YereVAn.,2024-04-12,56
C11545,MaNE,'vardanyan',customer1545@example.com,gyumri,2023-01-16,57
C11546,SarO,stepanyan,customer1546@example.com,Vagharshapat,2025-01-09,59
C11547,David,Mkrtchyan,customer1547@example.com,Vanadzor,2023-05-28,64
C11548,Lusine,Hakobyan,customer1548@example.com,Dilijan,2024-02-24,57
C11549,suren,Grigoryan,customer1549@example.com,"""""Abovyan""""",2025-06-10,30
C11550,ArSEN,AVETISYAN,customer1550@example.com,Gyumri City,2024-11-01,29
C11551,eva,KARAPETYAN,customer1551@example.com,Yerevan,2023-06-08,25
C11552,"Mikael,",VARDAnYan,customer1552@example.com,Yerev.,2023-03-18,32
C11553,Nare,haruTYuNyaN,customer1553@example.com,Yev.,2024-04-25,43
C11554,Ani,AVETISYAN,customer1554@example.com,"""Hrazdan""",2025-03-11,29
C11555,Gor,Mkrtchyan,customer1555@example.com,  yERevan  ,2023-09-29,60
C11556,Sona.,avetisyan,customer1556@example.com,yerevan city,2023-12-13,63
C11557,"""kAren""",Sargsyan,customer1557@example.com,yeV.,2024-09-30,44
C11558,Ani,Karapetyan,customer1558@example.com,Yerevan,2024-12-10,35
C11559,Mariam,Avetisyan,customer1559@example.com,yErEVAN,2024-02-12,62
C11560,Ani,Grigoryan,customer1560@example.com,  Armavir  ,2024-10-27,53
C11561,Ani,Grigoryan,customer1561@example.com,Etchmiadzin,2023-03-24,44
C11562,'David',#karapetyan,customer1562@example.com,Hrazdan,2025-05-22,26
C11563,Tatev,Manukyan,customer1563@example.com,Vagharshapat,2023-12-03,56
C11564,Ani,"Grigoryan,",customer1564@example.com,Yerevan.,2025-05-22,18
C11565,Tatev,avetisyan.,customer1565@example.com,Armavir,2024-11-21,24
C11566,"""Nare""",Hovhannisyan,customer1566@example.com,YEr,2025-05-29,43
C11567,#Lilit,  PETROSYAN  ,customer1567@example.com,Yerev.,2024-06-30,24
C11568,Mariam,GRIGORYAN,customer1568@example.com,VANADZOR,2024-01-25,24
C11569,Hayk,GHAZARYAN,customer1569@example.com,"""Yerev.""",2023-11-21,25
C11570,lilit,"MKRTCHYAN,",customer1570@example.com,Hrazdan,2024-10-03,33
C11571,Arsen,Manukyan,customer1571@example.com,  Yerevan  ,2025-01-05,20
C11572,Karen,Ghazaryan,customer1572@example.com,Etchmiadzin,2025-06-27,62
C11573,EVA,avetisyan,customer1573@example.com,GYUMRI,2025-02-16,27
C11574,"""Mariam""",HaKObYAn,customer1574@example.com,YVN.,2024-05-14,24
C11575,Gor,  Martirosyan  ,customer1575@example.com,"""Hrazdan""",2025-06-12,38
C11576,SUREN,"Hakobyan,",customer1576@example.com,Yer,2024-07-08,54
C11577,Lusine.,Sargsyan,customer1577@example.com,Gyumri,2023-02-06,-5
C11578,sona,Ghazaryan,customer1578@example.com,"""YEREVAN""",2024-09-24,40
C11579,Mane,Martirosyan,customer1579@example.com,vanadzor,2023-03-12,44
C11580,AnNa,Sargsyan,customer1580@example.com,Abovyan,2023-08-29,39
C11581,Hayk,Martirosyan,customer1581@example.com,yerEvan,2024-10-08,56
C11582,David,Martirosyan,customer1582@example.com,artashat,2024-12-01,44
C11583,Hayk,petrosyan,customer1583@example.com,"armavir,",2025-08-01,21
C11584,'david',harutyunyan,customer1584@example.com,abovyan,2023-10-22,41
C11585,Lilit,Mkrtchyan,customer1585@example.com,Hrazdan,2023-08-21,40
C11586,"""David""",Hakobyan,customer1586@example.com,#yeReVan,2025-02-03,65
C11587,KAREN,vardanyan,customer1587@example.com,Abovyan,2023-04-03,36
C11588,'Suren',GRiGorYAN,customer1588@example.com,"Yerevan,",2024-03-20,59
C11589,Sona,AVETISYAN,customer1589@example.com,#Yer,2023-04-11,20
C11590,#SONA,Manukyan,customer1590@example.com,Dilijan,2025-02-17,44
C11591,Karen,Mkrtchyan,customer1591@example.com,"Vanadzor,",2024-10-10,20
C11592,  Nare  ,Sargsyan,customer1592@example.com,yerevan,2024-12-21,45
C11593,'Eva',petROSyan,customer1593@example.com,  Yerevan  ,2025-06-12,34
C11594,Lilit,sargsyan,customer1594@example.com,VANADZOR,2023-04-13,48
C11595,Mane,  Harutyunyan  ,customer1595@example.com,yerevan city,2024-03-30,27
C11596,"Nare,",Manukyan,customer1596@example.com,Yerevan,2023-06-20,39
C11597,Mikael,vARdAnYan.,customer1597@example.com,YVN,2024-12-11,47
C11598,ARMAN,Stepanyan.,customer1598@example.com,Gyumri,2023-11-03,38
C11599,"Hayk,",Petrosyan,customer1599@example.com,vanadzor,2025-07-14,53
C11600,Anna,Sargsyan,customer1600@example.com,yeREvAn,2023-01-30,40
C11601,David,'Harutyunyan',customer1601@example.com,HRAZDAN,2023-02-17,55
C11602,gor,"""""STEPANYAN""""",customer1602@example.com,YVN,2023-11-29,29
C11603,Arsen,'Avetisyan',customer1603@example.com,abovyan,2025-03-26,42
C11604,"""""Mane""""",Avetisyan,customer1604@example.com,"""""Dilijan""""",2023-02-27,37
C11605,Karen.,Vardanyan,customer1605@example.com,abovyan,2023-10-28,59
C11606,Suren,Sargsyan,customer1606@example.com,#armavir,2024-01-03,24
C11607,Suren,Vardanyan,,Artashat,2024-01-19,46
C11608,'Tatev',mKrtchyAn,customer1608@example.com,Gyumri,2024-03-17,65
C11609,tATEV,Manukyan,customer1609@example.com,"""""abovyan""""",2023-05-30,46
C11610,Saro,karapetyan,customer1610@example.com,"""""Kapan""""",2023-09-08,30
C11611,Saro,Mkrtchyan,customer1611@example.com,Yerevan,2024-06-27,20
C11612,ARSEN,Avetisyan,customer1612@example.com,YereVAn,2024-02-26,19
C11613,Arman,Manukyan,customer1613@example.com,#aRtashaT,2024-08-02,N/A
C11614,Tatev,Harutyunyan,customer1614@example.com,hrazdan,2024-11-29,47
C11615,Sona.,Petrosyan,customer1615@example.com,Yev.,2025-03-22,55
C11616,'Saro',Hovhannisyan,customer1616@example.com,Yerevan,2023-07-04,23
C11617,SUREN.,Ghazaryan,customer1617@example.com,"Etchmiadzin,",2023-06-24,62
C11618,  Karen  ,#MARTIROSYAN,customer1618@example.com,  gyumri  ,2023-06-29,24
C11619,Hayk,#Sargsyan,customer1619@example.com,Abovyan,2023-03-22,22
C11620,Karen,Hovhannisyan,customer1620@example.com,hrAZdan,2024-09-16,24
C11621,SaRO,Hakobyan,customer1621@example.com,vanadzor,2025-06-10,51
C11622,Narek,  MANUKYAN  ,customer1622@example.com,"""""gyumri""""",2024-01-27,49
C11623,  david  ,Ghazaryan,customer1623@example.com,Hrazdan,2024-09-26,30
C11624,"""""Anna""""","Grigoryan,",,Hrazdan,2024-11-30,47
C11625,"""GoR""",harutyunyan,customer1625@example.com,  Vanadzor  ,2023-09-04,42
C11626,Saro,KARAPeTyaN,customer1626@example.com,YVN,2024-05-24,38
C11627,ANNA,martirosyan,customer1627@example.com,Yerevan,2025-07-23,38
C11628,"""Eva""",Grigoryan.,customer1628@example.com,Dilijan,2024-08-20,45
C11629,  ANI  ,karapetyan,customer1629@example.com,Yer,2023-05-27,65
C11630,  Lilit  ,Hakobyan,customer1630@example.com,YEREV.,2023-08-26,37
C11631,SUREN,Avetisyan,customer1631@example.com,Gyumri,2024-04-17,51
C11632,#Lusine,mkRtchyAN,customer1632@example.com,KAPAN,2024-10-15,22
C11633,Nare,"""""Sargsyan""""",customer1633@example.com,yvn,2023-09-18,35
C11634,#Narek,Petrosyan,customer1634@example.com,yerevan city,2024-04-15,56
C11635,  Arman  ,Karapetyan,customer1635@example.com,Yerevan,2023-09-19,60
C11636,"Suren,",Martirosyan,customer1636@example.com,abovyan,2024-11-13,28
C11637,'Nare',#Hovhannisyan,customer1637@example.com,Yerevan,2023-01-10,34
C11638,Karen,"""sTEpANYAN""",customer1638@example.com,yerevan,2025-07-09,65
C11639,Lusine,Manukyan,customer1639@example.com,Yerevan,2025-04-03,62
C11640,sArO,avetisyan,customer1640@example.com,Armavir,2024-04-21,39
C11641,David,Stepanyan,customer1641@example.com,"""YEREVAN""",2025-07-11,54
C11642,#Arman,maNUkYan,customer1642@example.com,yerevan city,2023-10-22,37
C11643,mariam,MARTIROSYAN,customer1643@example.com,gyuMri,2024-11-24,65
C11644,arman,  MANUKYAN  ,customer1644@example.com,dILIJAn,2024-07-13,65
C11645,Mariam,kaRapeTyAn,customer1645@example.com,"VANADZOR,",2023-06-11,65
C11646,Eva.,"Hovhannisyan,",customer1646@example.com,Dilijan,2023-03-17,63
C11647,"""""Mariam""""",#stepanyan,customer1647@example.com,Kapan,2024-03-28,23
C11648,Arman,harutyunyan,customer1648@example.com,Yerevan,2023-12-20,51
C11649,Hayk,Stepanyan,customer1649@example.com,abovyan,2024-08-24,31
C11650,lilit,Manukyan,customer1650@example.com,Yerevan,2023-11-03,65
C11651,Gor,Mkrtchyan,customer1651@example.com,Vanadzor,2024-10-16,40
C11652,'Saro',Hovhannisyan,customer1652@example.com,Yerevan.,2024-03-10,37
C11653,SARO,Hakobyan,customer1653@example.com,yerevan city,2024-12-07,30
C11654,SUREN,Petrosyan,customer1654@example.com,Artashat,2023-09-14,64
C11655,Anna,Karapetyan,customer1655@example.com,Yerevan,2024-04-12,61
C11656,#TATEV,GHAZARYAN,customer1656@example.com,"""""Armavir""""",2025-05-15,58
C11657,Karen,"""gRIGorYan""",customer1657@example.com,YEREVAN,2023-11-06,49
C11658,Sona,Vardanyan,customer1658@example.com,yerevan city.,2023-07-23,43
C11659,Eva.,hovhannisyan,customer1659@example.com,Kapan,2024-01-29,31
C11660,"""AnI""",Ghazaryan,customer1660@example.com,'Vanadzor',2025-05-23,53
C11661,Anna,"""Ghazaryan""",customer1661@example.com,hrazdan,2024-05-09,25
C11662,Sona,Ghazaryan,customer1662@example.com,#yerevan,2023-04-20,57
C11663,#ArmAN,Martirosyan,customer1663@example.com,"GYUMRI,",2023-08-31,39
C11664,Mikael,"Avetisyan,",customer1664@example.com,Hrazdan,2024-01-26,39
C11665,"""""Gor""""",Stepanyan,customer1665@example.com,Vanadzor,2024-08-08,33
C11666,SUREN,"""Hovhannisyan""",customer1666@example.com,gyumri,2024-01-03,44
C11667,Arsen,#Karapetyan,customer1667@example.com,artAsHAt,2024-08-11,27
C11668,arsen,STEPANYAN,customer1668@example.com,"AboVyAN,",2023-10-30,42
C11669,MARIAM,"""Stepanyan""",customer1669@example.com,Armavir,2024-12-17,N/A
C11670,"Narek,",HaRUTyUNyAN,customer1670@example.com,"""""HRAzdan""""",2023-10-30,38
C11671,nAREK,GhAZaRyAN,customer1671@example.com,hrazdan,2023-01-23,44
C11672,Hayk,AVETISYAN,customer1672@example.com,Yerevan,2025-04-29,34
C11673,TATEV,VARDAnYAn,customer1673@example.com,Yer,2024-11-05,50
C11674,David,mkrtchyan,customer1674@example.com,Kapan,2024-02-10,48
C11675,Eva,"""martirosyan""",customer1675@example.com,Yerevan,2023-10-09,59
C11676,#Arsen,AVETISYAN,customer1676@example.com,YerEVaN,2023-01-09,43
C11677,'lilit',"""Manukyan""",customer1677@example.com,YEREVAN,2024-08-02,38
C11678,Nare,Karapetyan,customer1678@example.com,Yerevan,2025-06-04,53
C11679,Mariam,Hakobyan,customer1679@example.com,Artashat,2024-12-03,18
C11680,Lilit,"Martirosyan,",customer1680@example.com,Kapan,2025-03-07,21
C11681,Hayk,SARGSYan,customer1681@example.com,Gyumri,2025-02-01,21
C11682,Lusine,"""Mkrtchyan""",customer1682@example.com,yev.,2023-02-20,43
C11683,Mariam,Ghazaryan,customer1683@example.com,Hrazdan,2025-07-21,21
C11684,Anna,  Petrosyan  ,customer1684@example.com,Vandz.,2024-09-12,N/A
C11685,narek,  MARTIROSYAN  ,customer1685@example.com,Dilijan,2025-02-02,47
C11686,"""""Narek""""",Harutyunyan,customer1686@example.com,vanadzor,2024-05-23,62
C11687,ANI,"""""KARAPETYAN""""",customer1687@example.com,"""Yerevan""",2025-05-02,21
C11688,"Sona,",maNuKYaN,customer1688@example.com,GYUMRI,2025-07-14,22
C11689,Suren,Petrosyan,customer1689@example.com,"""Dilijan""",2025-07-13,62
C11690,Arman,Petrosyan,customer1690@example.com,abovyan,2023-10-21,40
C11691,Tatev,Mkrtchyan,customer1691@example.com,Abovyan.,2025-03-05,33
C11692,Eva,avEtISyAn,customer1692@example.com,Yerevan,2025-03-29,39
C11693,  Mane  ,Harutyunyan,customer1693@example.com,"HRAZDAN,",2023-08-24,54
C11694,Gor,Avetisyan,customer1694@example.com,Hrazdan,2024-09-13,25
C11695,Anna,Manukyan.,customer1695@example.com,YEREVAN,2025-04-01,65
C11696,Arsen,Petrosyan,,"""gyuMRi""",2023-12-27,50
C11697,Mikael,Harutyunyan,customer1697@example.com,Yev.,2023-08-13,55
C11698,GOR,HARUTYUNYAN,customer1698@example.com,YEreVAn,2024-10-13,60
C11699,Gor,grigoryan,customer1699@example.com,"YerevaN,",2023-07-14,33
C11700,Suren,STEPANYAN,customer1700@example.com,YErEvaN,2024-09-27,22
C11701,david,Karapetyan.,,Vanadzor,2023-09-14,33
C11702,Ani,Vardanyan,customer1702@example.com,yerevan,2024-11-25,24
C11703,  Narek  ,"Petrosyan,",customer1703@example.com,  yEreVAn  ,2025-02-12,18
C11704,Nare,Petrosyan,customer1704@example.com,Armavir,2025-01-08,26
C11705,Sona,Harutyunyan,customer1705@example.com,Vanadzor,2025-02-24,35
C11706,  Mane  ,#AVETISYAN,customer1706@example.com,VAnadzoR,2024-11-06,62
C11707,SUrEn,  Stepanyan  ,customer1707@example.com,Yerev.,2024-11-28,64
C11708,Ani,Petrosyan,customer1708@example.com,Abovyan,2025-05-08,20
C11709,Nare.,HARUTYUNYAN,customer1709@example.com,"""""Yerevan""""",2023-05-21,41
C11710,Mane,Petrosyan,customer1710@example.com,"""""Etchmiadzin""""",2024-10-05,45
C11711,Narek,VARDANYAN.,customer1711@example.com,'YEREVAN',2023-04-10,27
C11712,Eva,"Stepanyan,",customer1712@example.com,abovyan,2025-07-14,26
C11713,Narek,Harutyunyan,customer1713@example.com,Yerevan.,2024-10-04,30
C11714,  Suren  ,Grigoryan,customer1714@example.com,Hrazdan,2024-10-23,65
C11715,Narek,  Vardanyan  ,customer1715@example.com,Gyumri,2023-02-10,-5
C11716,#LUSINE,Vardanyan,customer1716@example.com,Gyumri,2023-11-13,40
C11717,Lusine,Karapetyan,customer1717@example.com,YEREVAN.,2025-03-18,64
C11718,Suren,Stepanyan,customer1718@example.com,vanadzor,2024-03-27,34
C11719,eVA,Harutyunyan,customer1719@example.com,Dilijan,2023-02-04,63
C11720,Eva,Stepanyan,customer1720@example.com,Etchmiadzin,2024-08-16,24
C11721,Hayk,Hovhannisyan,customer1721@example.com,YER,2024-01-09,33
C11722,Suren,stepanyan,,YEREVAn,2025-01-19,57
C11723,Nare,#petrosyan,customer1723@example.com,Artashat,2023-05-15,53
C11724,Karen,Manukyan,customer1724@example.com,gyumri,2023-04-03,37
C11725,Arsen,"""""Karapetyan""""",customer1725@example.com,abovyan,2025-07-20,41
C11726,Mariam,Grigoryan,customer1726@example.com,"""Armavir""",2023-10-30,64
C11727,DAVID,gHAZaryaN,customer1727@example.com,Armavir,2023-12-01,22
C11728,Narek,HARUTYUNYAN,customer1728@example.com,gyumri,2025-02-04,62
C11729,NARE,Manukyan,customer1729@example.com,Yerevan,2024-03-01,23
C11730,'Ani',  Harutyunyan  ,customer1730@example.com,YVN,2023-06-29,45
C11731,Anna,AVETISYAN,customer1731@example.com,  hRaZDAn  ,2023-07-25,22
C11732,Hayk,  Petrosyan  ,,yeReV.,2023-05-16,56
C11733,narEK,Martirosyan,customer1733@example.com,"""yerevan city""",2025-03-16,55
C11734,NAREK,Mkrtchyan,customer1734@example.com,#Yerevan,2024-07-06,19
C11735,Ani,Hakobyan,customer1735@example.com,YEREVAN,2025-06-16,60
C11736,  LUSINE  ,"Avetisyan,",customer1736@example.com,"""""Abovyan""""",2024-01-10,56
C11737,"""Saro""",Manukyan,customer1737@example.com,Vandz.,2024-06-27,38
C11738,Arsen,avetisyan,customer1738@example.com,Gyumri,2024-05-28,57
C11739,Suren,Sargsyan,customer1739@example.com,YEREVAN,2025-07-24,54
C11740,Gor,Harutyunyan,customer1740@example.com,Armavir,2023-10-07,35
C11741,Nare,#Harutyunyan,customer1741@example.com,#Yerevan,2025-04-30,65
C11742,#karen,"""""Hovhannisyan""""",customer1742@example.com,"""""hrazdan""""",2023-06-18,63
C11743,MANE,Hakobyan,customer1743@example.com,Armavir,2023-09-21,29
C11744,Mariam,Hakobyan,customer1744@example.com,Yerevan,2025-07-24,N/A
C11745,"Karen,",Sargsyan,customer1745@example.com,VANAdZoR,2025-04-24,54
C11746,"""Lilit""",PETROSYAN,customer1746@example.com,ARTASHAT,2024-05-08,63
C11747,"""""eVa""""",Mkrtchyan.,customer1747@example.com,Yev.,2025-04-05,55
C11748,"""""Mane""""","Vardanyan,",customer1748@example.com,'GYUMRI',2023-10-30,32
C11749,Karen,Vardanyan,customer1749@example.com,gyumri,2025-02-03,24
C11750,Suren,Stepanyan,customer1750@example.com,Yerevan,2025-06-10,31
C11751,"""HAYK""",Martirosyan,customer1751@example.com,'Etch.',2023-12-13,18
C11752,NARE,Ghazaryan,customer1752@example.com,armavir,2025-04-03,55
C11753,Tatev,MaRTIrOsYAN,customer1753@example.com,ETCHMIADZIN,2023-04-28,20
C11754,Nare.,Grigoryan,customer1754@example.com,Yerevan,2024-04-24,54
C11755,MIKAEL,Hovhannisyan,customer1755@example.com,"Yerevan,",2023-03-19,61
C11756,"""karen""","Ghazaryan,",customer1756@example.com,"""""VANADZOR""""",2023-05-25,48
C11757,Gor,GRIGORYAN,customer1757@example.com,Yerevan,2025-02-11,60
C11758,Sona,Petrosyan,customer1758@example.com,  ABOVYAN  ,2023-08-20,30
C11759,KAREN,Grigoryan,customer1759@example.com,gyumri city,2025-05-30,65
C11760,ani,Grigoryan,customer1760@example.com,"""""abovyan""""",2024-11-23,35
C11761,sona,Sargsyan,customer1761@example.com,VaNadzoR,2025-01-11,34
C11762,Hayk,Sargsyan,customer1762@example.com,yerev.,2024-11-21,34
C11763,Narek,Grigoryan,customer1763@example.com,#YVN,2024-02-11,28
C11764,Eva,avetisyan,customer1764@example.com,#yeREVAn,2025-05-16,37
C11765,Eva,ghazAryan,,Gyumri,2025-04-03,27
C11766,#Mariam,Karapetyan,customer1766@example.com,"""""ABOVYAN""""",2024-07-24,46
C11767,'Ani',KARApEtyaN,customer1767@example.com,Etchmiadzin,2024-01-10,65
C11768,"Mane,",STEPANYAN,customer1768@example.com,hrazdan,2023-04-03,51
C11769,Gor,"Stepanyan,",customer1769@example.com,Dilijan,2025-03-20,34
C11770,Karen,Petrosyan,customer1770@example.com,Yerevan,2024-02-09,59
C11771,Karen,martirosyan,customer1771@example.com,Yerevan,2023-01-15,30
C11772,lusine,  Hovhannisyan  ,customer1772@example.com,Yerevan,2023-09-28,61
C11773,Sona,Hakobyan,customer1773@example.com,Hrazdan,2024-07-03,64
C11774,Eva,'Petrosyan',customer1774@example.com,Yev.,2023-05-07,56
C11775,sona.,"""Grigoryan""",customer1775@example.com,Vagharshapat,2024-04-10,44
C11776,LUSINE,Sargsyan,customer1776@example.com,GyumRi,2024-01-13,43
C11777,suren,sTepaNYaN,customer1777@example.com,artashat,2024-11-19,45
C11778,Sona,hARUTYUNYAn,customer1778@example.com,Artashat,2025-02-05,30
C11779,Arsen,avetisyan,customer1779@example.com,'Yerevan',2024-11-19,29
C11780,Arman,"""Vardanyan""",customer1780@example.com,Gym,2023-09-26,61
C11781,ANI,MANUKYAN,customer1781@example.com,VNZ,2024-08-21,45
C11782,"""""Ani""""",Vardanyan,customer1782@example.com,Yerevan,2024-01-26,19
C11783,Saro,"""Sargsyan""",customer1783@example.com,Yerevan,2025-04-22,54
C11784,Mikael,Karapetyan,customer1784@example.com,abovyan,2024-10-15,51
C11785,#Arsen,"""Hovhannisyan""",customer1785@example.com,Yerevan,2024-01-16,40
C11786,Mikael,GhaZAryaN,customer1786@example.com,Vanadzor,2023-04-21,62
C11787,Narek,  Vardanyan  ,customer1787@example.com,abovyan,2024-11-22,46
C11788,David,Sargsyan,customer1788@example.com,"""Yerevan""",2023-08-28,52
C11789,Mariam,Stepanyan,customer1789@example.com,Gyumri,2024-04-27,28
C11790,'Karen',Avetisyan,customer1790@example.com,#Yerevan,2023-01-26,65
C11791,Hayk,  ghazaryan  ,customer1791@example.com,HRAZDAN,2024-09-26,50
C11792,David,#Stepanyan,customer1792@example.com,Yerevan,2025-06-24,28
C11793,Ani,hakOBYAn,customer1793@example.com,aRmAvIR,2024-07-28,26
C11794,David,"""""Grigoryan""""",customer1794@example.com,YEREVAN,2023-12-02,31
C11795,"MIKAEL,",hArUtyUNyaN,customer1795@example.com,Yerevan,2025-07-26,26
C11796,Tatev,Karapetyan,customer1796@example.com,"Yerevan,",2024-09-16,56
C11797,DAVID,"""""karapetyan""""",customer1797@example.com,yer,2023-08-15,65
C11798,Tatev,HOVHANNISYAN.,customer1798@example.com,Yer,2024-10-25,20
C11799,  dAviD  ,Mkrtchyan,customer1799@example.com,'vanadzor',2023-03-06,46
C11800,mane,Martirosyan,customer1800@example.com,Gyumri,2024-10-12,36
C11801,arman,Stepanyan,customer1801@example.com,YEREVAN,2025-04-23,53
C11802,MARIAM.,Hakobyan,customer1802@example.com,yEREVAN,2024-04-20,49
C11803,hayk,KARAPETYAN,customer1803@example.com,HRAZDAN,2025-07-20,24
C11804,ARSEN,Martirosyan,customer1804@example.com,VANADZOR,2024-12-18,45
C11805,"Arman,",Karapetyan,customer1805@example.com,yerevan,2023-11-06,61
C11806,HAYK,Ghazaryan,customer1806@example.com,Etchmiadzin,2024-10-26,N/A
C11807,saro,"Grigoryan,",customer1807@example.com,YEREVAN CITY,2024-02-23,22
C11808,Hayk,#Martirosyan,customer1808@example.com,Etch..,2023-04-30,40
C11809,mariam,Avetisyan,customer1809@example.com,Yerevan,2023-05-24,39
C11810,Karen,Stepanyan,customer1810@example.com,yerevan,2023-02-16,43
C11811,"""Tatev""",Mkrtchyan,customer1811@example.com,Artashat,2023-02-08,59
C11812,David,#GRigOryaN,customer1812@example.com,#yerev.,2023-11-08,29
C11813,Saro,Vardanyan,customer1813@example.com,ETCHMIADZIN,2024-05-19,57
C11814,Tatev,Avetisyan,customer1814@example.com,YEREVAN,2023-04-29,36
C11815,'Mane',"Harutyunyan,",customer1815@example.com,abOvYan,2023-04-10,64
C11816,ANI,"""Hakobyan""",customer1816@example.com,Armavir,2023-08-29,18
C11817,Lilit,"HAKObyAn,",customer1817@example.com,  yER  ,2025-06-27,20
C11818,"""Eva""",Manukyan,customer1818@example.com,kapan,2024-07-04,44
C11819,Ani,Manukyan,customer1819@example.com,Vandz.,2023-05-19,35
C11820,Suren,Stepanyan,customer1820@example.com,vanadzor,2024-02-02,47
C11821,#lilit,"""Martirosyan""",customer1821@example.com,gyumri,2024-04-09,19
C11822,Eva,gHaZarYan,customer1822@example.com,Armavir,2024-01-15,22
C11823,  saro  ,hakobyaN,customer1823@example.com,"""""Yer""""",2024-11-17,46
C11824,Ani,"""""HOVHAnNisYan""""",customer1824@example.com,yErEvaN,2025-01-30,50
C11825,LuSINe,vardanyan,customer1825@example.com,armavir,2024-12-14,59
C11826,"Lusine,",Stepanyan,customer1826@example.com,"Hrazdan,",2024-07-07,37
C11827,ANnA,Martirosyan,customer1827@example.com,Yerevan,2024-03-05,47
C11828,#SUREN,mAnukyAN,customer1828@example.com,GMR,2024-08-24,59
C11829,Hayk,"""VARDANyan""",customer1829@example.com,"""Gyumri""",2025-01-30,22
C11830,"""""Mane""""","""""Harutyunyan""""",customer1830@example.com,  Yerevan  ,2025-01-14,38
C11831,Anna,Karapetyan,customer1831@example.com,'YVN',2023-06-08,32
C11832,  Sona  ,aveTIsYAn,customer1832@example.com,  abovyan  ,2025-06-25,37
C11833,arsen,STEPANYAN,customer1833@example.com,YEREVAN,2024-02-29,25
C11834,Arsen,Vardanyan.,customer1834@example.com,"""Etchmiadzin""",2024-11-01,48
C11835,Gor,'Ghazaryan',customer1835@example.com,Etchmiadzin,2023-04-12,29
C11836,mAriAM,saRGSYan,customer1836@example.com,#YeREvan,2025-05-03,38
C11837,ARSEN,Stepanyan,customer1837@example.com,'Yerevan',2024-05-16,47
C11838,David,MarTIroSyan,customer1838@example.com,Yerevan,2024-09-22,44
C11839,#Anna,harutyunyan,customer1839@example.com,Gyumri,2024-02-22,61
C11840,Sona,avetisyan,customer1840@example.com,"""Hrazdan""",2023-10-14,43
C11841,MIKAEL,HAKOBYAN,customer1841@example.com,YEREVAN,2023-02-03,50
C11842,  Mariam  ,#Karapetyan,customer1842@example.com,Vanadzor,2024-12-07,43
C11843,"""Hayk""",Avetisyan,customer1843@example.com,yerev.,2024-01-15,43
C11844,Suren,mkrtchyan,customer1844@example.com,'YeRevan CITY',2023-08-11,53
C11845,Narek,  Manukyan  ,customer1845@example.com,YEREVAN,2024-03-30,57
C11846,Mariam.,"""Avetisyan""",customer1846@example.com,Yerevan,2024-03-31,N/A
C11847,Mikael,"""""Sargsyan""""",customer1847@example.com,yerevan city,2023-08-30,32
C11848,narek,Harutyunyan,customer1848@example.com,YEREVAN,2025-05-25,18
C11849,"""EVA""",Karapetyan,customer1849@example.com,Kapan,2024-01-07,28
C11850,"SurEn,",Hovhannisyan,customer1850@example.com,Etchmiadzin,2023-04-12,N/A
C11851,Arman,  Grigoryan  ,customer1851@example.com,Yerevan,2024-12-03,18
C11852,Eva,AVETISYAN,customer1852@example.com,Yerevan,2024-01-12,48
C11853,Mane,'Hovhannisyan',customer1853@example.com,Yerevan,2024-07-11,61
C11854,Mikael,Hovhannisyan,customer1854@example.com,Yerevan,2025-07-12,33
C11855,Hayk,Petrosyan,customer1855@example.com,'gym',2024-10-22,39
C11856,aRSen,sargsyan,customer1856@example.com,"""""Yerevan""""",2024-01-03,59
C11857,karen,Sargsyan,customer1857@example.com,"""Yerevan""",2023-03-04,35
C11858,Suren,Petrosyan,customer1858@example.com,yerevan,2024-02-12,-5
C11859,  Mane  ,"""mkrtchyan""",customer1859@example.com,YVN,2023-10-10,34
C11860,"""""Tatev""""",grigoryan,customer1860@example.com,YEREVAN,2023-07-14,47
C11861,MANE,manukyan,customer1861@example.com,Abovyan,2023-05-06,-5
C11862,Mikael,"Harutyunyan,",customer1862@example.com,yerevan,2025-05-18,52
C11863,Eva,  Karapetyan  ,customer1863@example.com,"""""Gyumri""""",2025-04-23,38
C11864,"Eva,",Harutyunyan,customer1864@example.com,'Vanadzor',2024-04-10,33
C11865,Arman,'Grigoryan',customer1865@example.com,ARMAVIR,2023-04-04,23
C11866,mane,#Harutyunyan,,Armavir,2024-11-09,20
C11867,Saro,Petrosyan,customer1867@example.com,hrazdan,2023-08-06,58
C11868,Eva,"""Sargsyan""",customer1868@example.com,"""Yerevan""",2024-10-19,60
C11869,"Arman,",'Harutyunyan',customer1869@example.com,"vanadzor,",2024-10-16,38
C11870,Tatev,Martirosyan,customer1870@example.com,Etchmiadzin,2024-09-03,-5
C11871,SARO,"""""Hovhannisyan""""",customer1871@example.com,Yerevan,2023-01-22,35
C11872,mariam,Stepanyan,customer1872@example.com,Gym,2023-02-21,41
C11873,Arsen,HOVHANNISYAN,customer1873@example.com,Kapan,2025-03-16,44
C11874,"""Arman""",avEtiSyan,customer1874@example.com,"""""gyumri""""",2023-12-08,21
C11875,mikael,Grigoryan,customer1875@example.com,YEREV.,2023-09-07,39
C11876,Nare,mKrTCHyaN,customer1876@example.com,Yerevan,2023-05-09,41
C11877,ARSEN,Ghazaryan,customer1877@example.com,'YeREVaN',2025-03-16,57
C11878,EVA,'Ghazaryan',customer1878@example.com,  YEREVAN  ,2024-08-01,62
C11879,Anna,martirosyan,customer1879@example.com,Abovyan,2023-07-30,27
C11880,"Sona,",  Vardanyan  ,customer1880@example.com,Abovyan,2023-03-12,N/A
C11881,Mikael,Petrosyan,customer1881@example.com,Yerevan,2025-04-29,57
C11882,GOR,Hakobyan,customer1882@example.com,Armavir,2025-02-22,23
C11883,Arman,#petrosyan,customer1883@example.com,YVN,2024-07-21,65
C11884,Karen,"""""hovhannisyan""""",customer1884@example.com,"""yerevan""",2023-08-01,35
C11885,Mariam,Mkrtchyan,customer1885@example.com,Hrazdan,2024-08-23,34
C11886,Lusine,Mkrtchyan,customer1886@example.com,Etchmiadzin,2023-08-10,55
C11887,Tatev,MARTIROSYAN,customer1887@example.com,"Vanadzor,",2025-04-12,62
C11888,arman,Avetisyan,customer1888@example.com,KAPAN,2025-06-09,40
C11889,ManE,Grigoryan,customer1889@example.com,Hrazdan,2023-08-27,63
C11890,lilit,STEPANYAN.,customer1890@example.com,Armavir,2023-12-03,47
C11891,SUREN,Manukyan,customer1891@example.com,Yer,2025-03-03,38
C11892,"""""Gor""""",Sargsyan,customer1892@example.com,Hrazdan,2023-06-01,27
C11893,Lilit,Martirosyan,customer1893@example.com,"""Dilijan""",2025-03-18,60
C11894,#Tatev,vardanyan,customer1894@example.com,  hrazdan  ,2025-07-11,30
C11895,Lilit.,Mkrtchyan,customer1895@example.com,yvn,2024-09-02,29
C11896,Lusine,Ghazaryan,customer1896@example.com,Gyumri,2023-01-03,26
C11897,  Gor  ,Hakobyan.,customer1897@example.com,Vanadzor,2023-10-11,21
C11898,Gor,"""""STEPANYAN""""",customer1898@example.com,yerevan city,2025-05-29,56
C11899,Arman,KarAPEtyan,customer1899@example.com,Dilijan,2023-05-29,41
C11900,Nare,MKRTCHYAN,customer1900@example.com,Yerevan,2023-05-14,51
C11901,Arman.,avETisyAN,customer1901@example.com,Yerevan,2024-07-07,56
C11902,Lilit,vaRDANYan,customer1902@example.com,Armavir,2023-09-14,58
C11903,#Ani,Avetisyan,customer1903@example.com,"gyumri,",2025-03-28,22
C11904,suren,Mkrtchyan,customer1904@example.com,Yerevan,2023-06-28,32
C11905,Tatev,Vardanyan.,customer1905@example.com,"Vanadzor,",2023-04-23,21
C11906,GOR,Avetisyan,customer1906@example.com,vanadzor,2024-11-07,56
C11907,eva,Vardanyan.,customer1907@example.com,yEReVAn,2025-06-06,25
C11908,"""Tatev""","""""Martirosyan""""",customer1908@example.com,Dilijan,2023-01-27,62
C11909,David,Mkrtchyan,customer1909@example.com,Gyumri City,2023-05-15,41
C11910,  david  ,MKrtCHyAN,customer1910@example.com,"""VNZ""",2023-01-16,45
C11911,Eva,Vardanyan,customer1911@example.com,'Gyumri',2024-01-02,60
C11912,Gor,Grigoryan,customer1912@example.com,Vanadzor,2025-03-19,44
C11913,GOR,"""sargsyan""",customer1913@example.com,"""Yerevan""",2025-03-18,18
C11914,Sona.,'Hakobyan',customer1914@example.com,yerevan city,2023-09-01,51
C11915,Mikael,"""""aVeTISyaN""""",customer1915@example.com,GMR.,2024-08-25,34
C11916,Lusine,"""""grigoryan""""",customer1916@example.com,VAGHARSHAPAT,2023-11-28,54
C11917,NAREK,"Hovhannisyan,",customer1917@example.com,Yerevan,2023-01-17,55
C11918,Arman,Hovhannisyan,customer1918@example.com,VNZ,2023-06-28,43
C11919,  Karen  ,"""Manukyan""",customer1919@example.com,Etchmiadzin,2023-09-29,41
C11920,SARO,"""Manukyan""",customer1920@example.com,YVN,2023-02-23,56
C11921,arman,Harutyunyan,customer1921@example.com,yerevan,2023-05-10,38
C11922,"""""Lilit""""",STEPANYAN,customer1922@example.com,YeV.,2025-01-29,47
C11923,gor,Martirosyan,customer1923@example.com,"""""VANADZOR""""",2024-03-07,64
C11924,Karen,Martirosyan,customer1924@example.com,yerevan,2024-06-22,65
C11925,#Saro,PETROSYAN,customer1925@example.com,yER,2023-04-27,30
C11926,Arman,"""""VARDANYAN""""",customer1926@example.com,VANADZOR,2025-02-02,54
C11927,Gor.,Hakobyan.,customer1927@example.com,Vanadzor,2023-03-07,20
C11928,Ani,"""""GHAZARYAN""""",customer1928@example.com,Yerevan,2024-05-02,49
C11929,"""KAren""",Mkrtchyan.,customer1929@example.com,"""Yerevan""",2024-04-04,52
C11930,Narek,Avetisyan,customer1930@example.com,ETChMIaDzIN,2025-03-07,36
C11931,EVA,HaKobYaN,customer1931@example.com,Artashat,2024-01-06,31
C11932,Lusine.,Harutyunyan,customer1932@example.com,'Kapan',2024-06-09,65
C11933,Anna,Hovhannisyan,customer1933@example.com,VNZ,2024-08-30,39
C11934,suren,Hovhannisyan,customer1934@example.com,Yerevan,2023-04-22,34
C11935,"""""mariam""""",Petrosyan,,YEREVAN,2024-04-07,21
C11936,AnI,#Grigoryan,customer1936@example.com,Yerevan,2024-05-30,62
C11937,Lusine,'Hakobyan',customer1937@example.com,yerev.,2023-08-15,57
C11938,MIKAEL,Grigoryan,customer1938@example.com,'Abovyan',2024-09-21,36
C11939,  Narek  ,manukyan,customer1939@example.com,Yerev.,2023-02-14,54
C11940,  Eva  ,"HOVHANNISYAN,",customer1940@example.com,"Yerevan,",2025-01-14,19
C11941,Anna,Avetisyan,customer1941@example.com,DILijAN,2025-03-13,32
C11942,LILIT,"""""HARUTYUNYAN""""",customer1942@example.com,YeRevan cIty,2025-07-19,19
C11943,"Mane,","""""mkrtchyan""""",customer1943@example.com,Yerevan,2025-06-06,28
C11944,GOR,Ghazaryan,customer1944@example.com,Yerevan,2024-11-05,62
C11945,"David,","Hovhannisyan,",customer1945@example.com,#VNZ,2024-06-17,40
C11946,Arsen,Avetisyan,customer1946@example.com,vanadzor,2023-11-05,27
C11947,"""""Tatev""""",gHAzaryan,customer1947@example.com,yerEV.,2024-04-14,20
C11948,MArIAm,Ghazaryan,customer1948@example.com,Gyumri,2024-10-20,22
C11949,anna,StEPAnYaN,customer1949@example.com,"""""etchmiadzin""""",2023-02-01,20
C11950,  Lilit  ,Sargsyan,customer1950@example.com,#ETCHMIADZIN,2023-03-04,55
C11951,'KAREN',  Martirosyan  ,customer1951@example.com,#Artashat,2024-05-05,N/A
C11952,Anna,Harutyunyan,customer1952@example.com,ETCHMIADZIN,2025-05-17,59
C11953,Gor,hakobyan,customer1953@example.com,vanadzor,2024-02-16,36
C11954,  lilit  ,Avetisyan,customer1954@example.com,Yerevan,2024-03-12,N/A
C11955,David,Hovhannisyan,customer1955@example.com,YEREVAN,2024-12-03,52
C11956,Lusine,HOVHANNISYAN,customer1956@example.com,YVN,2023-04-21,41
C11957,'Mane',HOVHANNISYAN,customer1957@example.com,abovyAN,2024-05-17,41
C11958,LILIT,karapetyan,customer1958@example.com,"""""vAgHaRShAPAT""""",2024-12-30,34
C11959,ARSEN,Martirosyan,customer1959@example.com,gyumri,2025-07-20,57
C11960,Saro,Martirosyan.,customer1960@example.com,yerevan city,2024-03-30,N/A
C11961,  Arman  ,VaRdanYan,customer1961@example.com,"gyumri,",2023-03-17,19
C11962,HaYk,Karapetyan.,customer1962@example.com,Artashat,2025-07-09,61
C11963,  Gor  ,gHAZarYan,customer1963@example.com,#Vanadzor,2023-03-24,40
C11964,lilit,Ghazaryan,customer1964@example.com,Etchmiadzin,2023-11-26,23
C11965,  Tatev  ,"""""Stepanyan""""",customer1965@example.com,'Etchmiadzin',2024-09-14,19
C11966,  Arsen  ,Vardanyan,customer1966@example.com,Artashat,2023-06-01,38
C11967,Arman,"""""Hovhannisyan""""",customer1967@example.com,"""etchmiadzin""",2023-03-09,52
C11968,SOnA,"""Petrosyan""",customer1968@example.com,Hrazdan,2023-05-10,46
C11969,"""""Narek""""","""Stepanyan""",customer1969@example.com,YEreVan,2023-10-09,24
C11970,Ani,PetRosyaN,customer1970@example.com,"yerevan,",2024-10-01,46
C11971,'Arman',KARapetYaN,customer1971@example.com,'Gyumri',2024-10-10,54
C11972,Anna,"""""Sargsyan""""",customer1972@example.com,YEREVAN,2024-08-22,40
C11973,DAvid,Manukyan,customer1973@example.com,  Dilijan  ,2024-07-15,50
C11974,"""""Sona""""","""Karapetyan""",customer1974@example.com,#Yer,2024-12-30,25
C11975,"""""ani""""",Manukyan,customer1975@example.com,  Kapan  ,2023-11-29,N/A
C11976,"Hayk,",AVETISYAN,customer1976@example.com,yErEvAN,2024-01-26,63
C11977,DAVID,Sargsyan,customer1977@example.com,Yev.,2024-09-03,65
C11978,LILIT,GHAZARYAN,customer1978@example.com,"aRTashAt,",2024-06-27,27
C11979,Arman,Harutyunyan,customer1979@example.com,"yerevan,",2023-10-29,32
C11980,Tatev,STEPANYAN,,yerevan,2024-04-09,41
C11981,lusine,Ghazaryan.,customer1981@example.com,'Yev.',2024-06-01,43
C11982,MARIAM,Manukyan,customer1982@example.com,Abovyan,2024-09-11,64
C11983,  Narek  ,vArdanyaN,customer1983@example.com,"Yerevan,",2024-03-16,59
C11984,Suren,maRTIRoSYan,customer1984@example.com,Vandz.,2023-04-12,56
C11985,Sona,vardanyan,customer1985@example.com,vANAdzOr,2025-03-23,20
C11986,Hayk,Avetisyan,customer1986@example.com,Hrazdan,2024-12-19,19
C11987,Sona,Martirosyan,customer1987@example.com,"""hrazdan""",2023-04-28,23
C11988,Karen,  Stepanyan  ,customer1988@example.com,"""GMR""",2025-05-23,38
C11989,Anna,Sargsyan,customer1989@example.com,YEREVAN,2024-11-01,26
C11990,Suren,Ghazaryan,customer1990@example.com,KaPAn,2024-10-28,27
C11991,AnnA,#stepanyan,customer1991@example.com,YErevan,2025-06-17,53
C11992,Hayk.,"""Manukyan""",customer1992@example.com,gyumri,2025-02-26,20
C11993,"""Mariam""",Stepanyan,customer1993@example.com,Yerevan,2024-07-18,58
C11994,'suren',Grigoryan,customer1994@example.com,kapan,2025-01-08,41
C11995,Mariam,Sargsyan,customer1995@example.com,"""""yev.""""",2025-06-05,39
C11996,#Hayk,Vardanyan,customer1996@example.com,Yerevan,2023-08-09,31
C11997,Lusine,Sargsyan,customer1997@example.com,"Abovyan,",2024-03-16,59
C11998,  ANna  ,GRIGORYAN,customer1998@example.com,  Vanadzor  ,2024-04-07,62
C11999,"""MAriam""",Stepanyan,customer1999@example.com,Yerevan,2025-06-28,61
C12000,Nare,"""aVetIsYan""",customer2000@example.com,GYUMRI,2023-08-22,44
C12001,Sona,Manukyan,customer2001@example.com,Hrazdan,2024-02-28,50
C12002,Suren,manukyan,customer2002@example.com,  dilijan  ,2023-12-14,39
C12003,'Arman',HOVHANNISYAN.,customer2003@example.com,Vanadzor,2025-04-27,-5
C12004,Narek,Martirosyan,customer2004@example.com,Yerevan,2024-04-09,-5
C12005,Tatev,"""""Sargsyan""""",customer2005@example.com,"""Yerevan""",2024-02-13,36
C12006,Eva,stepanyan,customer2006@example.com,#ARMAVIR,2024-03-01,23
C12007,mikael,"""""sargsyan""""",customer2007@example.com,VAGHARSHAPAT,2025-01-17,62
C12008,#GOR,"""Mkrtchyan""",customer2008@example.com,"""""Yerevan""""",2023-04-08,36
C12009,Mikael,HaruTyUNyaN,customer2009@example.com,yEReVaN.,2023-11-17,30
C12010,SUREN,Sargsyan,customer2010@example.com,HRaZdAn,2024-03-13,43
C12011,Lusine,Hakobyan,customer2011@example.com,YEREVAN,2023-11-17,39
C12012,MikAEL,"HARUTYUNYAN,",customer2012@example.com,YEV.,2024-11-12,38
C12013,"Suren,",Hakobyan,customer2013@example.com,"yereVaN,",2023-09-19,53
C12014,Sona,manukyan,customer2014@example.com,yerevan city,2024-01-19,19
C12015,"NARE,",Harutyunyan,customer2015@example.com,Yerevan,2023-06-06,64
C12016,Anna,SaRGSyAN,customer2016@example.com,hrazdan,2024-12-04,61
C12017,Mikael,Vardanyan,customer2017@example.com,"""""Yerevan""""",2025-08-03,47
C12018,'Tatev',StEPANYAn,customer2018@example.com,YEREVAN,2024-04-30,44
C12019,Saro.,"GRigORYAN,",customer2019@example.com,"Yer,",2023-03-10,24
C12020,Sona,Martirosyan,customer2020@example.com,#Gyumri,2023-04-04,37
C12021,  Narek  ,Hakobyan,customer2021@example.com,Yerevan,2025-05-01,48
C12022,#Nare,Stepanyan,,"""GYUMRI""",2023-03-29,40
C12023,Sona,Hovhannisyan,customer2023@example.com,Abovyan,2023-04-06,30
C12024,  Suren  ,Vardanyan,customer2024@example.com,Yerevan,2024-03-18,34
C12025,"""AnI""",Harutyunyan,customer2025@example.com,Yerevan,2023-04-09,21
C12026,nare,Stepanyan,customer2026@example.com,Yer,2025-02-01,31
C12027,#hAYK,Sargsyan,customer2027@example.com,Gyumri,2025-01-26,37
C12028,Karen,Harutyunyan,customer2028@example.com,#Kapan,2024-01-17,30
C12029,SONA,SaRgSYAn,customer2029@example.com,Yerevan,2025-04-11,20
C12030,"Lilit,",Sargsyan,customer2030@example.com,Artashat,2023-05-14,43
C12031,Ani,"Sargsyan,",customer2031@example.com,YVN,2024-07-23,43
C12032,Mikael,MKrTChYAn,customer2032@example.com,Kapan,2023-03-03,35
C12033,Suren,Martirosyan,customer2033@example.com,Gym,2024-08-23,49
C12034,'Hayk',Grigoryan,customer2034@example.com,Abovyan,2024-07-29,31
C12035,  NarE  ,Grigoryan,customer2035@example.com,#Gyumri,2024-07-29,64
C12036,Mariam,harutyunyan,customer2036@example.com,Gym,2023-12-04,20
C12037,Arsen,Harutyunyan,customer2037@example.com,"KAPAn,",2024-11-17,18
C12038,arMAn,"Sargsyan,",customer2038@example.com,Hrazdan,2023-05-06,43
C12039,Ani,MkRTChyan,,gmr,2024-02-25,41
C12040,karen,Sargsyan,customer2040@example.com,Yerevan,2023-12-29,52
C12041,TAteV,Mkrtchyan,customer2041@example.com,Yev.,2025-06-13,31
C12042,Mariam,Sargsyan,customer2042@example.com,ETCHMIADZIN,2024-11-12,20
C12043,David.,Hakobyan,customer2043@example.com,"""""GYUMRI""""",2025-02-07,30
C12044,"""Mariam""",Hakobyan,customer2044@example.com,GYUMRI,2024-03-09,64
C12045,david,Manukyan,customer2045@example.com,Abovyan,2025-06-07,31
C12046,ANI,Sargsyan,customer2046@example.com,Kapan,2025-07-26,38
C12047,"Mane,",Martirosyan,customer2047@example.com,Vanadzor,2025-01-08,43
C12048,Anna.,'VaRdANYAN',customer2048@example.com,Hrazdan,2023-02-22,20
C12049,nare,HovHanNiSyAN,customer2049@example.com,Hrazdan,2023-10-22,57
C12050,Arman,Manukyan.,customer2050@example.com,Yerevan,2024-09-06,21
C12051,Karen,Harutyunyan,customer2051@example.com,yerevan city,2023-11-16,53
C12052,Hayk,"AVetiSYAN,",customer2052@example.com,Etchmiadzin,2023-12-27,60
C12053,ANNA,Sargsyan,customer2053@example.com,YEREVAN.,2023-04-17,18
C12054,Mane,Stepanyan,customer2054@example.com,Armavir,2024-08-14,57
C12055,Eva,"""Ghazaryan""",customer2055@example.com,Yev..,2024-06-03,64
C12056,"NAREK,",Hakobyan,customer2056@example.com,Yev.,2023-08-06,50
C12057,NaRE,Stepanyan,,'Artashat',2023-06-08,24
C12058,GOR,"""aVeTisYAN""",customer2058@example.com,Abovyan,2024-11-03,28
C12059,SUREN,MKRTCHYAN,customer2059@example.com,yEReVAN,2024-05-08,44
C12060,Eva,Avetisyan,customer2060@example.com,"Hrazdan,",2023-08-18,31
C12061,lusine,"""""Martirosyan""""",customer2061@example.com,'AboVyAn',2025-05-17,39
C12062,GOR.,SARgsyAN,customer2062@example.com,"""""gyumri""""",2023-04-21,33
C12063,Hayk,grigoryan,customer2063@example.com,Yerevan,2023-12-25,63
C12064,kaReN,Avetisyan,,ETCHMIADZIN,2025-05-15,29
C12065,"Tatev,",Vardanyan,customer2065@example.com,'Kapan',2024-07-23,63
C12066,Anna,GRIGORYAN,customer2066@example.com,"YEREVAN,",2024-01-12,27
C12067,Gor,"""""mkrtchyan""""",customer2067@example.com,"""""Kapan""""",2023-04-28,41
C12068,Arsen,Manukyan,customer2068@example.com,"Armavir,",2025-02-19,63
C12069,Hayk,stepanyan,customer2069@example.com,#gyumri,2023-10-13,N/A
C12070,Anna.,Grigoryan,customer2070@example.com,ABoVYan.,2024-08-10,39
C12071,Mikael,'mANUkYan',customer2071@example.com,'Yerevan',2023-08-20,26
C12072,Lilit,HAKOBYAN,customer2072@example.com,Yerevan.,2025-04-06,N/A
C12073,Nare,Hovhannisyan,customer2073@example.com,Hrazdan,2024-03-15,55
C12074,  Arsen  ,  SARGSYAN  ,customer2074@example.com,KAPAN,2025-05-15,57
C12075,David,AVETISYAN,customer2075@example.com,Abovyan,2024-07-28,30
C12076,  Eva  ,hakoBYAN,customer2076@example.com,Gyumri,2025-02-24,54
C12077,ANNA,Hakobyan,customer2077@example.com,"Yerevan,",2025-04-18,23
C12078,Mariam,Ghazaryan,customer2078@example.com,YVN,2024-09-28,38
C12079,MARIAM.,karapetyan,customer2079@example.com,Yerevan,2024-09-20,53
C12080,ANNA,PETROSYAN,customer2080@example.com,yerev.,2024-11-22,24
C12081,KAREN,#VARDANYAN,customer2081@example.com,VaNaDZOr,2024-10-20,53
C12082,#ARSEN,"""MARTIROSYAN""",customer2082@example.com,"Yerevan,",2024-07-24,42
C12083,Nare,Manukyan,customer2083@example.com,Hrazdan,2023-01-27,28
C12084,#Karen,HOVHANNISYAN,customer2084@example.com,yev.,2024-09-15,61
C12085,GOR,"kArapETyaN,",customer2085@example.com,VNZ,2024-11-04,31
C12086,Mariam,petrosyan.,customer2086@example.com,Gyumri,2025-04-29,62
C12087,ANI,Hovhannisyan,customer2087@example.com,Yerevan,2024-12-11,46
C12088,#arman,Martirosyan,customer2088@example.com,"""YVN""",2023-10-01,27
C12089,Arsen,"""""Manukyan""""",customer2089@example.com,yerev..,2023-01-30,65
C12090,ANI,sarGsYAn,customer2090@example.com,armavir,2023-07-04,22
C12091,arsen,MARTIROSYAN,customer2091@example.com,Yerevan,2023-10-07,25
C12092,mIKAEL,AveTisYaN,customer2092@example.com,Hrazdan,2024-12-20,63
C12093,"arsen,",Hakobyan.,customer2093@example.com,DILIJAN,2025-02-19,22
C12094,Nare,Ghazaryan,customer2094@example.com,"ETCHMIADZIN,",2023-11-13,41
C12095,Anna,Petrosyan,customer2095@example.com,"""Yerev.""",2025-08-01,57
C12096,"Anna,","""""Petrosyan""""",customer2096@example.com,'Armavir',2023-12-14,43
C12097,DaVID.,Hovhannisyan,customer2097@example.com,Yerevan,2023-12-26,23
C12098,'Hayk',ghazaryan,customer2098@example.com,gyumri,2023-01-07,33
C12099,Tatev,Petrosyan,customer2099@example.com,Armavir,2023-07-05,53
C12100,"Mariam,",ghazaryan,customer2100@example.com,Abovyan,2025-06-09,29
C12101,Sona,Manukyan,customer2101@example.com,"""YereVAN""",2023-05-27,28
C12102,MARIAM,avetisyan,customer2102@example.com,YErEvAn,2024-08-02,20
C12103,Arman,Martirosyan,customer2103@example.com,yEreVan,2024-11-04,61
C12104,"Eva,",Hakobyan,customer2104@example.com,"Gyumri,",2024-02-15,54
C12105,Arman,#Avetisyan,customer2105@example.com,"yerevan city,",2023-03-13,23
C12106,TATEV,'Karapetyan',customer2106@example.com,Dilijan,2023-05-26,36
C12107,SUREN,Sargsyan,customer2107@example.com,artashat,2025-01-28,35
C12108,tatev,ghazaryan,customer2108@example.com,  Armavir  ,2024-10-10,33
C12109,aRsEN,Grigoryan,customer2109@example.com,Yerevan,2023-02-01,N/A
C12110,Nare,avetisyan,customer2110@example.com,#Abovyan,2023-04-04,60
C12111,Karen,"HOVHANNISYAN,",customer2111@example.com,Armavir,2025-02-03,54
C12112,Hayk,KARAPETYAN,customer2112@example.com,  Kapan  ,2024-06-27,26
C12113,Mane,HAKOBYAN,customer2113@example.com,yEreVAN city,2023-08-09,20
C12114,marIAM,HOVHANNISYAN,customer2114@example.com,YEREVAN,2024-01-21,25
C12115,"""""saro""""",Hovhannisyan,customer2115@example.com,"""""yerevan city""""",2024-03-05,55
C12116,SARO,StepAnyAn,,Vanadzor,2024-04-09,21
C12117,nArEk.,"""""Grigoryan""""",customer2117@example.com,Abovyan,2023-12-16,29
C12118,"""""Saro""""",Ghazaryan,customer2118@example.com,Kapan,2023-06-11,61
C12119,Mariam.,Grigoryan,customer2119@example.com,yerevan city,2024-01-14,48
C12120,goR,Avetisyan.,customer2120@example.com,Yerevan,2023-11-16,42
C12121,Mariam.,hovhannisyan,customer2121@example.com,Yev.,2025-01-08,33
C12122,MANE,"""""PETROSYAN""""",customer2122@example.com,YEREVAN,2023-11-29,59
C12123,KarEn,#Harutyunyan,customer2123@example.com,"YereVan CiTy,",2025-03-06,31
C12124,Eva,  Hakobyan  ,customer2124@example.com,"""Abovyan""",2024-08-04,30
C12125,#David,PETROSYAN,customer2125@example.com,"GYUMRI,",2024-09-02,58
C12126,Saro,Hakobyan,customer2126@example.com,Hrazdan,2023-03-28,24
C12127,David,Ghazaryan,customer2127@example.com,Yerevan,2025-06-23,29
C12128,#Anna,Harutyunyan,customer2128@example.com,YVN,2023-02-23,54
C12129,David,"""VARDANYAN""",customer2129@example.com,Gym,2023-06-09,-5
C12130,arsen,Sargsyan,customer2130@example.com,Armavir,2023-06-11,19
C12131,saro,"harutyunyan,",customer2131@example.com,yerev..,2025-02-11,52
C12132,Lilit,Ghazaryan,customer2132@example.com,"eTch.,",2024-09-24,61
C12133,Mikael,  mKrTChYAN  ,customer2133@example.com,yerevan city,2023-02-20,20
C12134,Mikael,sTEPAnYan,customer2134@example.com,Kapan,2024-11-21,N/A
C12135,#Ani,AVETISYAN,customer2135@example.com,Etchmiadzin,2023-03-25,55
C12136,Arman.,GHAZARYAN,customer2136@example.com,yerevan city,2023-10-06,29
C12137,Arman,aVEtiSyAn,customer2137@example.com,Abovyan,2024-03-29,36
C12138,Lilit,Karapetyan,customer2138@example.com,YEREV.,2024-11-08,27
C12139,Sona,PETROSYAN,customer2139@example.com,Armavir,2024-03-10,18
C12140,LUSINE,stepanyan,customer2140@example.com,  YEV.  ,2024-05-12,34
C12141,Narek,Karapetyan,customer2141@example.com,"""""Gyumri City""""",2024-09-13,33
C12142,Lilit,Mkrtchyan,customer2142@example.com,Abovyan,2024-03-28,26
C12143,'Nare',HARUTYUNYAN,customer2143@example.com,VAGHaRSHapAt,2024-02-29,26
C12144,Nare.,Avetisyan,customer2144@example.com,YEREVAN,2023-10-07,26
C12145,Arman,'Manukyan',customer2145@example.com,Abovyan,2023-08-09,29
C12146,"""""Hayk""""",HARUTYUNYAN,customer2146@example.com,YEREVAN,2025-02-12,58
C12147,Lilit.,Stepanyan,customer2147@example.com,Yerevan,2024-06-08,32
C12148,KAREN,"""Harutyunyan""",customer2148@example.com,  ABoVyan  ,2023-04-27,19
C12149,NAREK,'Mkrtchyan',customer2149@example.com,yerevan,2023-12-20,28
C12150,Nare,Sargsyan.,customer2150@example.com,  Yerevan  ,2024-03-16,28
C12151,Anna,'Hakobyan',customer2151@example.com,Kapan,2023-04-24,25
C12152,Lilit,HOVHANNISYAN,customer2152@example.com,"""Yerevan""",2023-10-18,49
C12153,"ArSen,","""Hovhannisyan""",customer2153@example.com,abovyan,2024-11-25,23
C12154,lilit.,Mkrtchyan,,Yerevan,2024-11-25,37
C12155,Narek,"""""Hakobyan""""",customer2155@example.com,"""""yEREvan""""",2024-08-30,56
C12156,NAREK,  Avetisyan  ,customer2156@example.com,"""""yErEVAN""""",2024-05-13,52
C12157,"Mariam,",mkrtchyan,customer2157@example.com,  VANDZ.  ,2024-06-23,25
C12158,Hayk,#Hakobyan,customer2158@example.com,Abovyan,2024-11-14,60
C12159,Eva,Ghazaryan,,YEREVAN,2023-11-12,51
C12160,gor,Karapetyan,customer2160@example.com,Yerev.,2023-02-16,36
C12161,Lilit,Mkrtchyan,customer2161@example.com,Armavir,2023-08-14,24
C12162,Narek,Ghazaryan,customer2162@example.com,Yerevan,2024-02-09,48
C12163,"Ani,",AVetisyan.,customer2163@example.com,armavir,2024-09-05,35
C12164,Tatev,Mkrtchyan,customer2164@example.com,Yerevan,2023-02-26,57
C12165,Karen,AVETISYAN,customer2165@example.com,Hrazdan,2023-01-08,31
C12166,"Tatev,",mkrtchyan,customer2166@example.com,#Yerevan,2023-07-29,56
C12167,"""""karen""""",HAKOBYAN,customer2167@example.com,KAPAN,2023-11-05,53
C12168,Narek,#SARGSYAN,customer2168@example.com,Abovyan,2023-08-05,34
C12169,#TATEV,Martirosyan,customer2169@example.com,YEREVAN,2025-02-24,54
C12170,Arman,Ghazaryan,customer2170@example.com,yerevan,2023-05-21,61
C12171,#Lusine,haKobYAN,customer2171@example.com,Hrazdan,2025-02-21,26
C12172,Anna,PETrosYaN,customer2172@example.com,Vandz.,2023-09-19,37
C12173,Lusine.,GRIGORYAN,customer2173@example.com,Yerevan,2023-10-24,62
C12174,#MAnE,Ghazaryan,customer2174@example.com,Yerevan,2023-12-02,45
C12175,"""""NARE""""",Sargsyan,customer2175@example.com,Etchmiadzin,2023-05-03,37
C12176,Arman,Karapetyan,customer2176@example.com,YEREVAN,2023-01-08,58
C12177,Mariam,Harutyunyan,customer2177@example.com,VNZ,2024-05-24,53
C12178,Nare,  HOVhANNISYAN  ,customer2178@example.com,GyM,2025-02-03,44
C12179,Mikael,Hakobyan,customer2179@example.com,Kapan,2024-03-16,25
C12180,Karen,Mkrtchyan,customer2180@example.com,  Armavir  ,2023-06-29,49
C12181,soNa,Vardanyan,customer2181@example.com,Dilijan,2023-05-13,18
C12182,  Anna  ,Hakobyan,customer2182@example.com,yerevan,2024-01-25,N/A
C12183,David,Stepanyan,customer2183@example.com,'Kapan',2024-06-29,26
C12184,Nare,Ghazaryan,customer2184@example.com,yerevan,2024-12-21,37
C12185,Hayk,Manukyan,customer2185@example.com,Vanadzor,2023-08-24,N/A
C12186,'gor',GhaZArYAn,customer2186@example.com,GyuMRi,2024-05-27,49
C12187,gOr,sargsyan,customer2187@example.com,"""Yerev.""",2024-07-26,19
C12188,TATEV,"Stepanyan,",customer2188@example.com,Artashat,2025-05-03,49
C12189,LUSINE,  MARTIROSYAN  ,customer2189@example.com,YEREVAN,2024-11-15,62
C12190,David,  Karapetyan  ,customer2190@example.com,Abovyan,2025-04-05,26
C12191,LUSINE,Manukyan,customer2191@example.com,vagharshapat,2023-12-29,-5
C12192,"""""David""""",Avetisyan,customer2192@example.com,"etchmiadzin,",2023-03-15,37
C12193,david,Vardanyan,customer2193@example.com,YEreVan,2024-02-11,55
C12194,aNI,VARdanyAn,customer2194@example.com,Yerevan,2025-06-01,18
C12195,Mariam,Manukyan,customer2195@example.com,EtCHmIadzIn,2025-01-29,22
C12196,Mikael,Hakobyan,customer2196@example.com,Yerevan,2023-02-13,52
C12197,Ani,KARaPetyAn,customer2197@example.com,#GMR,2024-03-22,53
C12198,Gor,"vardanyan,",customer2198@example.com,YerEVAN,2023-01-20,18
C12199,Karen.,"""""Hakobyan""""",customer2199@example.com,GMR,2024-04-15,31
C12200,SoNa,Avetisyan,customer2200@example.com,Armavir,2025-08-01,26
C12201,Mane,"""Ghazaryan""",customer2201@example.com,#Gyumri,2023-03-21,47
C12202,Mariam,"Harutyunyan,",customer2202@example.com,Vanadzor,2025-06-01,41
C12203,sONa,"""""karapetyan""""",customer2203@example.com,'Yerevan',2023-11-17,21
C12204,"""""Sona""""",harutyunyan,,Gym,2024-08-12,31
C12205,Lusine,Sargsyan,customer2205@example.com,yerevan city,2024-03-15,42
C12206,  Eva  ,Stepanyan,customer2206@example.com,Yerevan,2024-08-10,21
C12207,LUSINE,SArGSYAn,customer2207@example.com,"yev.,",2024-02-19,42
C12208,TATEV.,HARUTYUNYAN,customer2208@example.com,Vanadzor,2024-12-27,27
C12209,SARO,Vardanyan,customer2209@example.com,gyumri,2024-10-17,52
C12210,narek,Stepanyan,customer2210@example.com,"""YErevan""",2024-03-03,-5
C12211,#Suren,#Sargsyan,customer2211@example.com,Yerevan,2023-10-24,59
C12212,ani,Karapetyan,customer2212@example.com,YVN.,2023-04-28,30
C12213,Narek,  Mkrtchyan  ,customer2213@example.com,artashat,2024-02-19,21
C12214,SONa,"""Petrosyan""",customer2214@example.com,gYUMRi ciTY,2023-01-22,60
C12215,Tatev,"""Stepanyan""",customer2215@example.com,Yerevan,2023-11-29,N/A
C12216,SOna,Sargsyan,customer2216@example.com,yVn,2023-06-25,31
C12217,MANE,#Sargsyan,,Dilijan.,2025-03-31,35
C12218,Ani,'Hakobyan',,yErEvan,2024-09-24,25
C12219,Tatev,HARUTYUNYAN,customer2219@example.com,"ETCHMIADZIN,",2024-04-16,49
C12220,Saro.,Grigoryan,customer2220@example.com,Yerevan,2025-05-01,44
C12221,anNA,"""""Martirosyan""""",customer2221@example.com,ARTAshaT,2024-12-07,59
C12222,lusine,Stepanyan,customer2222@example.com,aRmAvIR,2025-07-30,54
C12223,Narek,#Hovhannisyan,customer2223@example.com,VANADZOR,2024-01-06,40
C12224,NARE,Hovhannisyan,customer2224@example.com,#yErEVaN,2023-04-01,24
C12225,Sona,Manukyan,customer2225@example.com,yerevan city,2024-03-23,29
C12226,Arsen,"sargsyan,",customer2226@example.com,Yev.,2025-05-14,42
C12227,  Arman  ,mAnuKyaN,customer2227@example.com,GMR,2023-04-19,20
C12228,mane,kAraPEtyAn,customer2228@example.com,Yerevan,2023-09-07,43
C12229,nare,GriGORyAN.,customer2229@example.com,#YEREVAN,2024-03-22,21
C12230,Eva,Vardanyan,customer2230@example.com,vanadzor.,2024-08-26,59
C12231,Saro,Martirosyan,customer2231@example.com,"""Gyumri City""",2024-02-15,53
C12232,Lilit,Vardanyan,customer2232@example.com,yerevan city,2024-06-20,32
C12233,Saro,"harutyunyan,",customer2233@example.com,YEREVAN CITY,2023-03-22,49
C12234,Saro,ghazaryan.,customer2234@example.com,Dilijan,2024-02-10,46
C12235,mane,Petrosyan.,customer2235@example.com,#Gyumri,2025-06-10,27
C12236,Narek,Stepanyan.,customer2236@example.com,Hrazdan,2023-11-14,38
C12237,narek,MARTIROSYAN,customer2237@example.com,GYUMRI CITY,2025-02-02,33
C12238,Sona,Vardanyan.,customer2238@example.com,YEREVAN.,2023-12-14,64
C12239,"""""goR""""",Stepanyan,customer2239@example.com,  YEREVAN  ,2023-08-15,36
C12240,Hayk,maRTIrOsyan,customer2240@example.com,Yerevan,2023-12-08,46
C12241,"eva,","""""Vardanyan""""",customer2241@example.com,Kapan,2025-03-08,35
C12242,Mikael,  Ghazaryan  ,customer2242@example.com,Abovyan,2023-06-22,61
C12243,Lusine,Petrosyan,customer2243@example.com,YEREVAN,2023-03-20,33
C12244,sona,  mkrtchyan  ,customer2244@example.com,Dilijan,2024-06-06,18
C12245,Sona,HARUTYUNYAN,customer2245@example.com,yErEvaN,2024-10-10,65
C12246,'daVID',Ghazaryan,customer2246@example.com,"""Dilijan""",2023-04-27,19
C12247,MariaM,Hakobyan,customer2247@example.com,Dilijan,2024-06-27,32
C12248,#evA,#MANUKYAN,customer2248@example.com,"""""Yerevan""""",2024-06-06,56
C12249,karen.,Stepanyan,customer2249@example.com,Yerevan,2023-07-18,45
C12250,Anna,"""""Hovhannisyan""""",customer2250@example.com,gyumri,2025-07-16,18
C12251,Lusine,Sargsyan.,,Abovyan,2025-03-05,22
C12252,#Arman,Martirosyan,,gYUMrI,2023-12-24,59
C12253,"Arman,",kArAPetyAN,customer2253@example.com,DILIJAN,2023-12-26,39
C12254,arsEN,Hovhannisyan,customer2254@example.com,"""""hrazdan""""",2025-01-14,53
C12255,dAVId,VARdaNyAN,customer2255@example.com,Yerevan,2025-04-18,63
C12256,David,"""""hovhannisyan""""",customer2256@example.com,yerevan.,2024-10-22,30
C12257,"""""Karen""""",PeTrOsyan,customer2257@example.com,"""Abovyan""",2025-04-14,18
C12258,GOR,Manukyan,customer2258@example.com,Yev.,2023-06-01,33
C12259,Arman,"""""GrIGORyAn""""",customer2259@example.com,Vagharshapat,2023-08-30,58
C12260,Suren,Petrosyan,customer2260@example.com,yvN.,2023-04-16,39
C12261,SONA,Ghazaryan,customer2261@example.com,Yerevan,2023-05-30,49
C12262,"""""mARIaM""""",GRIGORYAN,customer2262@example.com,YeV.,2023-09-20,33
C12263,"""""TATEV""""","Vardanyan,",customer2263@example.com,abOvYaN,2023-07-22,32
C12264,Mikael,"""""hArUtyUNYAN""""",customer2264@example.com,#YEREVAN,2023-06-27,63
C12265,"Mariam,",Vardanyan.,customer2265@example.com,  etchmiadzin  ,2024-09-08,59
C12266,Mane,Martirosyan.,customer2266@example.com,"""""Gyumri""""",2023-06-06,29
C12267,GOR,  Karapetyan  ,customer2267@example.com,'Etchmiadzin',2025-02-17,18
C12268,Eva,Stepanyan,customer2268@example.com,Vanadzor,2025-02-16,N/A
C12269,lusine,hOvhANNisYan,customer2269@example.com,YEREVAN,2024-11-02,58
C12270,  Sona  ,"""""SARGSYAN""""",,'hrazdan',2023-03-19,45
C12271,Karen,Grigoryan,customer2271@example.com,yer,2023-07-01,24
C12272,David,"""Manukyan""",customer2272@example.com,Gyumri,2025-03-02,26
C12273,Sona,"""""Mkrtchyan""""",,YEREVAN,2024-10-05,39
C12274,arsen,'STEPANYAN',customer2274@example.com,#hrazdan,2024-05-20,43
C12275,Karen,harutyunyan,customer2275@example.com,#Armavir,2024-04-20,29
C12276,Nare,Mkrtchyan,customer2276@example.com,Vanadzor,2025-02-11,24
C12277,nare,harUtyUnyAN,customer2277@example.com,"""GYUMRI""",2024-07-31,63
C12278,Suren,'Hakobyan',customer2278@example.com,#Hrazdan,2025-02-17,64
C12279,Saro,Stepanyan.,customer2279@example.com,'yerevan',2024-08-16,32
C12280,Arsen,Manukyan,customer2280@example.com,ARMAVIR,2024-04-04,55
C12281,LusINe,"""""GHAZARYAN""""",customer2281@example.com,'Yerevan',2024-11-28,38
C12282,ANNA,'Hovhannisyan',customer2282@example.com,DILIJAN,2025-08-04,N/A
C12283,Lilit,Mkrtchyan,customer2283@example.com,Hrazdan,2025-06-22,19
C12284,  Lusine  ,karapetyan,customer2284@example.com,Etchmiadzin,2024-08-01,25
C12285,SUREN,maRtIRoSYAN,customer2285@example.com,"Abovyan,",2024-10-20,62
C12286,David,Petrosyan,customer2286@example.com,Gyumri City,2024-10-12,23
C12287,  Eva  ,Sargsyan,customer2287@example.com,Vandz.,2024-10-01,54
C12288,Karen,GHAZARYAN,customer2288@example.com,yerevan.,2023-11-27,54
C12289,"""""Tatev""""",'MARTIROSYAN',customer2289@example.com,"""""vandz.""""",2025-06-03,50
C12290,Sona,HOVHANNISYAN,customer2290@example.com,VNZ,2024-10-04,58
C12291,Arsen,Martirosyan,customer2291@example.com,armAvIr,2023-11-20,23
C12292,Sona,'HarUTYuNyan',customer2292@example.com,gyumri,2023-06-04,43
C12293,#Arsen,Karapetyan,customer2293@example.com,'YEREVAN',2024-03-26,56
C12294,Lilit,Hovhannisyan,customer2294@example.com,Yerevan,2023-03-11,58
C12295,Suren,stepanyan,,ABOvYAn,2024-04-25,54
C12296,Mane,haRUTyunyAn,customer2296@example.com,Yerev.,2024-03-28,31
C12297,Mane,AVEtiSyAN,customer2297@example.com,YEREV.,2024-10-08,54
C12298,tatev,"""""Grigoryan""""",customer2298@example.com,#Etch.,2023-11-07,25
C12299,Karen,Sargsyan,customer2299@example.com,Vanadzor,2025-03-26,56
C12300,"""""Mariam""""",#vardanyan,customer2300@example.com,"""""Gyumri""""",2023-10-09,30
C12301,#Eva,Grigoryan.,customer2301@example.com,"""Yev.""",2024-08-28,30
C12302,nare,Petrosyan,customer2302@example.com,Hrazdan,2023-02-27,57
C12303,"""Karen""","""AVETISYAN""",customer2303@example.com,Yerevan,2023-12-27,60
C12304,Eva,MANUKYAN,customer2304@example.com,Hrazdan.,2024-06-03,45
C12305,SaRO,Petrosyan,customer2305@example.com,'yerevan',2023-03-17,35
C12306,"""Suren""",Petrosyan,customer2306@example.com,Kapan,2023-11-14,36
C12307,  tatev  ,HakObYAn,customer2307@example.com,Gyumri,2024-04-17,55
C12308,ManE,stepANYaN,customer2308@example.com,Yev.,2024-04-07,49
C12309,Narek,Sargsyan,customer2309@example.com,VANADZOR,2023-02-08,39
C12310,Ani,Harutyunyan,customer2310@example.com,Vanadzor,2023-02-28,19
C12311,"""Anna""",karapetyan,customer2311@example.com,YVN,2024-01-13,30
C12312,Saro,Stepanyan,customer2312@example.com,HRAZDAN,2025-05-01,40
C12313,Lilit,"Grigoryan,",customer2313@example.com,YVN,2023-10-21,42
C12314,  Suren  ,petrosyan.,customer2314@example.com,"""""ARMAVIR""""",2023-03-20,45
C12315,evA,Grigoryan,customer2315@example.com,Etch.,2024-10-22,28
C12316,NAREK,GHAZARYAN.,customer2316@example.com,Yerevan,2025-06-03,50
C12317,Eva,Grigoryan,customer2317@example.com,'Etchmiadzin',2025-05-25,41
C12318,Sona,manukyan,customer2318@example.com,yerevAN,2023-04-03,19
C12319,Gor,"""""Hovhannisyan""""",customer2319@example.com,"""""YEREVAN""""",2024-09-21,47
C12320,Mikael,Ghazaryan,customer2320@example.com,dilijan,2024-08-31,-5
C12321,#Sona,'ghazaryan',customer2321@example.com,ABOVYAN,2024-06-03,57
C12322,  Ani  ,  Sargsyan  ,customer2322@example.com,  gyumri  ,2024-01-29,51
C12323,#suren,Stepanyan,customer2323@example.com,"""""yvn""""",2024-04-18,55
C12324,  Narek  ,SARGsYAn,customer2324@example.com,"""Yer""",2024-08-17,39
C12325,Anna,MKRTCHYAN.,customer2325@example.com,Dilijan,2024-07-21,22
C12326,"""Ani""",Martirosyan.,customer2326@example.com,#Yerevan,2025-03-21,65
C12327,Arman,"Sargsyan,",customer2327@example.com,yer,2025-01-26,57
C12328,#Sona,Grigoryan,customer2328@example.com,  GyUMrI  ,2025-07-06,33
C12329,Anna,haRuTYuNyAn,customer2329@example.com,GYUMRI,2023-02-12,30
C12330,Gor,Grigoryan,customer2330@example.com,GMR,2024-04-05,43
C12331,mariam,HARUTYUNYAN,customer2331@example.com,Yerevan,2025-07-19,48
C12332,mane,Hovhannisyan,customer2332@example.com,"""""YVN""""",2025-04-09,56
C12333,GOR,Stepanyan,customer2333@example.com,Yerevan,2024-08-08,65
C12334,ARSEN.,HOVHANNISYAN,customer2334@example.com,Armavir,2024-10-29,40
C12335,LILIT.,Stepanyan,customer2335@example.com,'YEREVAN',2023-07-12,65
C12336,maRIAm,StePAnyan,customer2336@example.com,Hrazdan,2023-11-26,29
C12337,David,Ghazaryan,customer2337@example.com,HRAZDAN,2024-09-11,31
C12338,Mikael,Mkrtchyan,customer2338@example.com,Etch.,2024-05-02,35
C12339,tATEv,'HArUTYUNYAN',customer2339@example.com,Armavir,2024-05-28,44
C12340,  David  ,Ghazaryan,customer2340@example.com,Yerevan,2023-06-04,45
C12341,NArE,Sargsyan,,Yerevan,2023-03-05,35
C12342,Arman,manukyan,customer2342@example.com,Gyumri,2024-04-06,33
C12343,Gor,stepanyan,customer2343@example.com,YEREVAN CITY,2023-04-16,33
C12344,SUREN,harutyunyan,customer2344@example.com,Hrazdan,2025-04-10,30
C12345,lUsine,Hovhannisyan,customer2345@example.com,"""""vanadzor""""",2025-07-09,46
C12346,arsEn,Grigoryan,,"""""Armavir""""",2025-05-07,26
C12347,Arsen,KARApeTyAn,customer2347@example.com,Yerevan,2023-12-18,43
C12348,'MARIAM',Sargsyan,,Armavir,2025-01-01,45
C12349,Nare,KARAPETYAN,customer2349@example.com,YEREVAN,2023-03-28,58
C12350,mane,"""Avetisyan""",customer2350@example.com,Gyumri,2024-05-31,30
C12351,Mikael,AVETISYAN,customer2351@example.com,YErEvan,2024-10-23,53
C12352,Saro,grigoryAN,customer2352@example.com,Hrazdan,2023-06-26,26
C12353,Hayk,"""Avetisyan""",customer2353@example.com,Yev.,2023-02-10,64
C12354,Saro,martirosyan,customer2354@example.com,artashat,2023-09-11,31
C12355,Narek,Hovhannisyan,customer2355@example.com,Armavir.,2024-12-25,29
C12356,Arman,STePANyAn,customer2356@example.com,Armavir,2024-03-24,49
C12357,EVA,ghazaryan,customer2357@example.com,Yer,2024-03-25,55
C12358,Arman,Mkrtchyan,customer2358@example.com,Kapan,2024-06-20,20
C12359,Nare,"""""Sargsyan""""",customer2359@example.com,  Etchmiadzin  ,2024-06-19,33
C12360,Gor,Karapetyan,customer2360@example.com,Yer.,2024-09-16,37
C12361,anna,#Grigoryan,customer2361@example.com,Yerevan,2023-06-12,49
C12362,Narek,martirosyan,customer2362@example.com,YEREVAN,2024-01-08,N/A
C12363,hayk,Grigoryan.,customer2363@example.com,YEREVAN,2024-01-17,34
C12364,Sona,Ghazaryan,customer2364@example.com,Gym,2025-07-28,33
C12365,Lilit,Martirosyan,customer2365@example.com,Dilijan,2023-10-17,55
C12366,Gor,Vardanyan.,customer2366@example.com,Yerevan,2024-02-01,25
C12367,Hayk,Hovhannisyan,customer2367@example.com,GyumRi,2024-02-23,36
C12368,Arsen,Avetisyan,customer2368@example.com,Dilijan,2025-03-04,47
C12369,Arman,Avetisyan,customer2369@example.com,YEREVAN,2023-12-13,51
C12370,TATEV,'hovhannisyan',customer2370@example.com,KAPAN,2024-11-26,31
C12371,NARE,Hovhannisyan,customer2371@example.com,Gyumri,2024-09-04,39
C12372,#lusine,harutyunyan,customer2372@example.com,vanadzor.,2023-02-23,61
C12373,Lilit,hakobyan,customer2373@example.com,Yerevan,2025-03-19,34
C12374,Arman,HOVHANNISYAN,customer2374@example.com,"""""vanadzor""""",2024-10-08,32
C12375,Arsen,Grigoryan,customer2375@example.com,yerevan,2024-10-24,65
C12376,#Anna,Harutyunyan,customer2376@example.com,Hrazdan,2023-12-09,-5
C12377,Narek,"""vardanyan""",customer2377@example.com,Yerevan,2023-03-09,30
C12378,mikael,"""sargsyan""",customer2378@example.com,Armavir,2023-12-04,38
C12379,Nare,"""""Harutyunyan""""",customer2379@example.com,yerevan,2023-04-07,57
C12380,Arman,peTrOsyAN,customer2380@example.com,YVN,2024-07-25,50
C12381,Mariam,Avetisyan,customer2381@example.com,Abovyan,2024-11-25,44
C12382,Karen,Ghazaryan,customer2382@example.com,YeREvaN cITy,2024-01-31,52
C12383,"saro,","Petrosyan,",customer2383@example.com,  HRAZDAN  ,2023-10-18,33
C12384,Saro,Grigoryan,customer2384@example.com,"Dilijan,",2023-09-16,45
C12385,'Lusine',#Karapetyan,customer2385@example.com,etchmiadzin,2025-01-11,51
C12386,arsen,Karapetyan,customer2386@example.com,yErEVaN,2025-05-22,64
C12387,Saro,#hovhannisyan,customer2387@example.com,Vanadzor,2024-11-03,N/A
C12388,"tATEv,",Sargsyan,customer2388@example.com,Abovyan,2025-07-17,58
C12389,Suren,Harutyunyan,customer2389@example.com,Etch.,2024-09-09,65
C12390,Hayk,Karapetyan,customer2390@example.com,Yerevan,2025-06-13,48
C12391,Arman,Martirosyan,customer2391@example.com,#Gyumri,2023-06-03,53
C12392,Saro.,Hovhannisyan,customer2392@example.com,gyumri,2023-12-08,61
C12393,mikaEL,Martirosyan,customer2393@example.com,YEr,2023-03-25,50
C12394,#Tatev,"""Stepanyan""",customer2394@example.com,Yerevan,2024-08-19,50
C12395,Arman,Sargsyan,customer2395@example.com,Yerevan,2024-11-10,56
C12396,Lusine,Mkrtchyan,customer2396@example.com,#Kapan,2023-05-25,35
C12397,"""ani""",Ghazaryan,customer2397@example.com,Artashat,2025-07-27,40
C12398,Karen.,AVETISYAN,customer2398@example.com,#Vanadzor,2023-12-25,40
C12399,nare,harutyunyan,customer2399@example.com,  Yerevan  ,2023-11-14,N/A
C12400,LUSINE,Vardanyan,customer2400@example.com,Yerevan,2024-11-02,43
C12401,Eva,Ghazaryan,customer2401@example.com,Dilijan,2024-12-16,47
C12402,Mane,Hovhannisyan,customer2402@example.com,dilijan.,2024-11-09,42
C12403,"""""TATEV""""",Grigoryan,customer2403@example.com,Artashat,2024-02-06,62
C12404,Ani,Manukyan.,customer2404@example.com,"""Etchmiadzin""",2023-05-13,33
C12405,"""""Lusine""""",MANUKYAN,customer2405@example.com,Yerevan,2024-09-01,56
C12406,Hayk,Vardanyan.,customer2406@example.com,Etchmiadzin,2024-12-26,65
C12407,Arman,Manukyan,customer2407@example.com,Yerevan,2023-03-28,62
C12408,#NaRE,karapetyan,customer2408@example.com,"Yerevan,",2023-11-14,31
C12409,  MIKAEL  ,mkrtchyan,customer2409@example.com,Hrazdan,2024-07-26,34
C12410,#Eva,Stepanyan,customer2410@example.com,Yerevan,2024-01-21,29
C12411,Eva,MKRTCHYAN,customer2411@example.com,YEREVAN,2024-10-20,-5
C12412,Hayk,Stepanyan,customer2412@example.com,Yerevan,2025-03-21,49
C12413,Eva,HARUTYUNYAN,customer2413@example.com,YEREVAN,2023-12-03,41
C12414,arsen,Harutyunyan,customer2414@example.com,ARMAVIR,2025-04-12,30
C12415,Mane,  Mkrtchyan  ,customer2415@example.com,Yerevan,2023-05-11,37
C12416,LilIT,"""""Sargsyan""""",customer2416@example.com,YVN,2024-11-17,-5
C12417,"david,",HARUTYUNYAN,customer2417@example.com,Yerevan,2024-12-20,21
C12418,Mikael,Sargsyan,customer2418@example.com,yerevan city,2025-04-28,51
C12419,'narek',Hovhannisyan,customer2419@example.com,Yerevan,2025-01-26,45
C12420,"""Nare""",petrosyan,customer2420@example.com,"""""Abovyan""""",2024-12-02,19
C12421,"""""Gor""""",Martirosyan,customer2421@example.com,yvn,2025-07-23,64
C12422,Karen,Vardanyan,customer2422@example.com,HRAZDAN,2024-06-23,47
C12423,Anna,Avetisyan,customer2423@example.com,Dilijan,2023-04-06,43
C12424,Tatev,Hovhannisyan,customer2424@example.com,abovyan.,2024-10-23,64
C12425,"""Mane""",Ghazaryan,customer2425@example.com,YVN,2024-11-17,43
C12426,Lusine,"""Harutyunyan""",customer2426@example.com,Yer,2024-03-09,37
C12427,"""""TATEV""""",Mkrtchyan.,customer2427@example.com,ARMAVIR,2024-06-04,-5
C12428,HAYK,"""Martirosyan""",,"Gyumri,",2024-01-06,45
C12429,"Lusine,",Stepanyan,customer2429@example.com,Vagharshapat,2023-01-19,37
C12430,tAtEv,Martirosyan,customer2430@example.com,"Kapan,",2024-01-07,28
C12431,Saro,Hakobyan,customer2431@example.com,Artashat,2023-11-13,27
C12432,saro,ghazaryan,customer2432@example.com,ArTAsHaT.,2023-07-04,40
C12433,gor,Hovhannisyan,customer2433@example.com,Vanadzor,2023-08-08,54
C12434,"""""Anna""""",MkRTChYAn,customer2434@example.com,  YEREVAN  ,2023-12-16,58
C12435,Arsen,Avetisyan,customer2435@example.com,DIlIJaN,2025-02-23,36
C12436,#Saro,"Mkrtchyan,",customer2436@example.com,  Gyumri  ,2024-05-12,62
C12437,narek,"HARUTYUNYAN,",customer2437@example.com,'yerevan',2023-07-16,35
C12438,Narek,Stepanyan,customer2438@example.com,Abovyan,2023-08-20,44
C12439,Nare,Grigoryan,customer2439@example.com,#Vanadzor,2023-05-21,23
C12440,"LUSINE,",Petrosyan,customer2440@example.com,Armavir,2023-06-08,27
C12441,Gor,"""SARGSYAN""",customer2441@example.com,"""Abovyan""",2023-03-21,19
C12442,NaREK,Vardanyan,customer2442@example.com,"""""yerevan""""",2023-10-30,41
C12443,Arman.,VARDANYAN,customer2443@example.com,dilijan,2025-05-14,55
C12444,Hayk,Grigoryan,customer2444@example.com,  Etchmiadzin  ,2025-03-18,45
C12445,arman,"""Vardanyan""",customer2445@example.com,  vanadzor  ,2023-04-14,45
C12446,LILIT,#Ghazaryan,customer2446@example.com,Yerevan,2024-06-03,62
C12447,Lilit,Petrosyan,customer2447@example.com,yerevan,2025-02-28,N/A
C12448,KAREN,GRIGORYAN,customer2448@example.com,Abovyan,2024-07-06,19
C12449,Anna,  varDaNYAn  ,customer2449@example.com,Yev.,2025-05-05,63
C12450,  ani  ,Vardanyan,customer2450@example.com,Yerevan,2025-01-26,22
C12451,Arman,sargsyan.,customer2451@example.com,Hrazdan,2025-06-23,28
C12452,'Hayk',stepanyan,customer2452@example.com,GMR,2024-06-23,27
C12453,"David,",Stepanyan,customer2453@example.com,YEV.,2023-02-08,60
C12454,"""""Arsen""""",  Vardanyan  ,customer2454@example.com,Yerevan,2024-11-08,19
C12455,Suren,Karapetyan,,'Yerevan',2023-12-11,32
C12456,"""Nare""","""""MkrTcHyaN""""",customer2456@example.com,Etchmiadzin,2025-06-16,56
C12457,"""""Arman""""",Grigoryan,customer2457@example.com,Yerevan,2025-02-23,58
C12458,Suren,"Harutyunyan,",customer2458@example.com,Yerevan.,2024-09-24,54
C12459,"""Gor""",avetisyan,customer2459@example.com,Abovyan,2023-05-15,24
C12460,Lilit,Hovhannisyan,customer2460@example.com,Dilijan,2024-09-03,37
C12461,#anna,manukyan,customer2461@example.com,VANADZOR,2024-01-21,51
C12462,"ARSEN,",HARUTYUNYAN.,customer2462@example.com,Yerevan,2023-06-07,52
C12463,Gor.,'SARGSYAN',customer2463@example.com,  yerevan  ,2023-06-16,51
C12464,mikaEl,Avetisyan,customer2464@example.com,#kapan,2023-07-05,39
C12465,Mikael,Harutyunyan,customer2465@example.com,yerevan city,2025-05-01,48
C12466,Gor,Martirosyan,customer2466@example.com,VNZ,2024-12-10,40
C12467,Tatev,Mkrtchyan,customer2467@example.com,yerevan,2025-02-28,36
C12468,"""""Hayk""""","""""Avetisyan""""",customer2468@example.com,Yerevan,2024-10-01,21
C12469,Suren,Martirosyan,customer2469@example.com,Etchmiadzin.,2025-04-08,41
C12470,  dAVid  ,harutyunyan,customer2470@example.com,Hrazdan,2025-07-13,37
C12471,TAteV,Petrosyan,customer2471@example.com,Abovyan,2023-06-19,56
C12472,  Arman  ,"Hakobyan,",customer2472@example.com,Yerevan,2025-01-08,45
C12473,MaNe,"""""Petrosyan""""",customer2473@example.com,YErEvan,2024-03-24,56
C12474,"""Nare""",Mkrtchyan,customer2474@example.com,VANDZ.,2023-02-14,34
C12475,Karen,avetisyan,customer2475@example.com,Vanadzor,2024-02-25,36
C12476,Mane,Avetisyan,,#Yev.,2024-01-09,65
C12477,Arman,mkrtchyan,customer2477@example.com,'YVN',2024-11-23,52
C12478,karen,Martirosyan,customer2478@example.com,"""yeREvaN""",2025-01-06,49
C12479,Ani,Stepanyan,customer2479@example.com,'dilijan',2023-09-01,64
C12480,Lilit,HAKObYaN,customer2480@example.com,Etchmiadzin,2024-03-30,63
C12481,Hayk,HARUTYUNYAN,customer2481@example.com,Artashat,2024-09-17,64
C12482,Eva,Hovhannisyan,customer2482@example.com,Yerevan,2023-10-19,63
C12483,karen,Sargsyan.,customer2483@example.com,Dilijan,2025-02-09,56
C12484,Mane,Petrosyan,customer2484@example.com,Yev..,2025-02-05,52
C12485,NARE,Petrosyan,customer2485@example.com,gyumri,2025-03-13,47
C12486,  Eva  ,GHAZARYAN,,Etchmiadzin,2024-04-04,34
C12487,Mikael,manukyan,customer2487@example.com,yerevan,2023-08-28,59
C12488,Lilit,Ghazaryan.,customer2488@example.com,Yerevan,2024-06-30,64
C12489,  GOr  ,#HAKOBYAN,customer2489@example.com,"yeReVAN,",2023-09-02,46
C12490,Suren,Sargsyan,customer2490@example.com,Yerevan,2023-11-13,23
C12491,ArSEN,pEtRosyAN,,VNZ,2025-04-08,34
C12492,Narek,Sargsyan,customer2492@example.com,Abovyan,2025-03-14,34
C12493,Karen,#Hovhannisyan,customer2493@example.com,Vagharshapat,2024-04-25,31
C12494,"Narek,",harutyunyan,customer2494@example.com,vanadzor,2025-07-14,41
C12495,Anna,AveTiSyAn,customer2495@example.com,  Abovyan  ,2025-05-05,54
C12496,"""nAREK""",  SARGSYAN  ,customer2496@example.com,YEREVAN,2023-07-18,57
C12497,Lusine.,"""""PETROSYAN""""",customer2497@example.com,Yerevan,2024-01-12,56
C12498,"""Saro""",Martirosyan,customer2498@example.com,DILIJAN,2024-11-25,49
C12499,saro,Vardanyan,customer2499@example.com,Yerevan,2024-08-07,53
C12500,"""Suren""",Hakobyan,customer2500@example.com,Abovyan,2024-03-27,54
C12501,'David',MKRTChYan,customer2501@example.com,Yerevan,2024-04-17,65
C12502,Ani,#STEPANYAN,customer2502@example.com,HrazDan,2025-02-26,31
C12503,Karen.,#Grigoryan,customer2503@example.com,Abovyan,2023-10-16,44
C12504,ARMAN,Karapetyan,customer2504@example.com,Yerevan,2025-03-07,36
C12505,'Gor',"""Stepanyan""",customer2505@example.com,"""""YEREVAN""""",2024-01-27,48
C12506,Lilit,karapetyan,customer2506@example.com,abovyan,2024-05-29,63
C12507,ani,Grigoryan,customer2507@example.com,yerevan,2024-06-24,N/A
C12508,'lusine',Sargsyan,customer2508@example.com,#yev.,2024-03-04,55
C12509,Mariam,HAKOBYAN,customer2509@example.com,Hrazdan,2023-06-15,34
C12510,"""""mane""""",Sargsyan,customer2510@example.com,Yerevan,2025-04-16,36
C12511,David,"""Hovhannisyan""",customer2511@example.com,Kapan,2023-07-24,61
C12512,Lilit,Hovhannisyan,customer2512@example.com,gyumri city,2025-03-31,21
C12513,lUSIne,Hovhannisyan,customer2513@example.com,"""Yerevan""",2024-09-11,65
C12514,Lusine,Vardanyan,customer2514@example.com,abovyan,2023-05-22,28
C12515,MARIAM,Mkrtchyan,customer2515@example.com,#Gyumri City,2025-06-12,39
C12516,Hayk,'Hakobyan',customer2516@example.com,YEREVAN,2023-09-14,21
C12517,Arsen,Ghazaryan,customer2517@example.com,YEREVAN,2023-02-23,34
C12518,Hayk,'Ghazaryan',customer2518@example.com,YEREVAN,2024-10-18,25
C12519,mariam,Stepanyan,customer2519@example.com,Yerevan,2024-05-07,63
C12520,Ani.,Grigoryan,customer2520@example.com,Yerevan,2025-06-14,51
C12521,"""""GOR""""",Hovhannisyan,customer2521@example.com,"""""Yer""""",2024-01-16,28
C12522,Narek,'Hovhannisyan',customer2522@example.com,yerevan city,2024-07-21,48
C12523,MARIAM,sargsyan,customer2523@example.com,ABOVYAN,2023-04-16,28
C12524,Mikael,Manukyan,customer2524@example.com,Abovyan,2024-12-29,55
C12525,'MARIAM',Petrosyan.,customer2525@example.com,  GyUmrI  ,2025-05-16,38
C12526,Gor,Martirosyan.,customer2526@example.com,Etchmiadzin,2024-06-12,63
C12527,'Mariam',Vardanyan,customer2527@example.com,'Kapan',2025-05-21,47
C12528,Mikael,Avetisyan,customer2528@example.com,vanadzor,2023-05-08,27
C12529,'MIKAEL',Martirosyan,customer2529@example.com,#VANADZOR,2023-10-19,43
C12530,"""""SArO""""",Mkrtchyan,customer2530@example.com,YER,2023-03-27,44
C12531,Lilit,Sargsyan,customer2531@example.com,#Armavir,2025-02-20,25
C12532,Suren,Vardanyan,customer2532@example.com,YVN,2023-06-14,56
C12533,"""""EVA""""",Vardanyan,customer2533@example.com,Yerevan,2023-10-07,25
C12534,"SONa,",  Harutyunyan  ,customer2534@example.com,Hrazdan,2024-04-05,25
C12535,Hayk,Hovhannisyan,customer2535@example.com,YEREVAN,2025-07-16,51
C12536,Gor,Hakobyan,customer2536@example.com,#yVN,2024-06-09,33
C12537,#Anna,#Ghazaryan,customer2537@example.com,Vanadzor,2023-05-31,58
C12538,saro,Ghazaryan,customer2538@example.com,Vanadzor,2025-04-30,30
C12539,Lusine,Vardanyan,customer2539@example.com,Hrazdan,2024-03-23,40
C12540,Lilit.,"Sargsyan,",customer2540@example.com,etchmiadzin,2023-04-04,29
C12541,Nare,"""""Hakobyan""""",customer2541@example.com,Yerevan,2025-07-21,44
C12542,Arman,Avetisyan,customer2542@example.com,Yerevan,2023-08-16,39
C12543,ARSEN,Manukyan.,customer2543@example.com,Abovyan.,2025-04-16,49
C12544,  Nare  ,Martirosyan.,customer2544@example.com,yEreVan,2024-04-06,44
C12545,"""""Eva""""",#Stepanyan,customer2545@example.com,Vanadzor.,2025-06-24,19
C12546,  sONA  ,#Petrosyan,customer2546@example.com,Yerev.,2023-12-24,62
C12547,EVA,AveTIsyan,customer2547@example.com,Gyumri,2023-01-28,50
C12548,Nare,avetisyan,customer2548@example.com,Gyumri,2024-02-29,43
C12549,arsen,Martirosyan,customer2549@example.com,Vandz..,2023-02-24,45
C12550,David,avetisyan,customer2550@example.com,"Gyumri,",2024-02-10,36
C12551,Sona,Stepanyan,,Gyumri,2024-05-29,60
C12552,Lusine,Harutyunyan,customer2552@example.com,Yerevan,2024-01-18,22
C12553,Mariam,harutyunyan,customer2553@example.com,Yerevan,2023-08-30,50
C12554,"Anna,",GHAZARYAN,customer2554@example.com,"""Yerevan""",2024-01-31,37
C12555,sona,#KARAPETYAN,customer2555@example.com,yerEVAN,2023-03-25,47
C12556,SURen,Karapetyan,customer2556@example.com,"""Yerevan""",2024-01-19,62
C12557,  Ani  ,Harutyunyan.,customer2557@example.com,GMR,2023-08-18,-5
C12558,gor,"Grigoryan,",customer2558@example.com,Yerevan,2023-01-29,55
C12559,NARE,Manukyan,,"""""abovyan""""",2023-11-23,34
C12560,#Anna,Hakobyan,customer2560@example.com,kaPAN,2023-04-12,61
C12561,Hayk,"""""Vardanyan""""",customer2561@example.com,Yer,2025-05-09,18
C12562,Lilit,MANUKYAN,customer2562@example.com,Yerevan,2025-01-01,20
C12563,Nare,Vardanyan.,customer2563@example.com,Yerevan,2024-10-27,63
C12564,KAREN,"""Mkrtchyan""",customer2564@example.com,vandz.,2023-12-10,43
C12565,Mane,"""Avetisyan""",customer2565@example.com,yerevan,2025-03-21,48
C12566,Saro.,Petrosyan,customer2566@example.com,Yer,2023-05-30,25
C12567,narek,Avetisyan,customer2567@example.com,Abovyan.,2023-05-21,60
C12568,SARO,Manukyan,customer2568@example.com,#Yerevan,2023-02-09,63
C12569,mane,ghazaryan,customer2569@example.com,Vanadzor,2023-10-21,25
C12570,suren,harutyunyan,customer2570@example.com,Gym,2025-07-28,52
C12571,  GOR  ,"""""Vardanyan""""",customer2571@example.com,HRAZDAN,2025-04-29,56
C12572,Sona,"""""Hovhannisyan""""",customer2572@example.com,"yerevan city,",2024-04-28,45
C12573,DAVID,Martirosyan,customer2573@example.com,ARMAvIR,2024-12-13,21
C12574,arman.,mkrtchyan,customer2574@example.com,ABOVYAN,2025-05-01,33
C12575,Narek,Harutyunyan,customer2575@example.com,yerevan city,2023-05-23,30
C12576,"Sona,",MANUKYAN,customer2576@example.com,  YEV.  ,2025-02-16,37
C12577,DAVID,Ghazaryan,customer2577@example.com,Yerev.,2024-12-23,22
C12578,Eva,Martirosyan,customer2578@example.com,Etch.,2024-04-25,54
C12579,Eva,Stepanyan,customer2579@example.com,Kapan,2024-04-04,37
C12580,MIKAEL,Petrosyan,customer2580@example.com,Gyumri City,2024-09-22,41
C12581,Arsen,Hovhannisyan,customer2581@example.com,KAPAN,2023-01-06,53
C12582,"""sona""",vardanyan,customer2582@example.com,Yerevan,2025-07-16,51
C12583,Karen,MANUKYAN,customer2583@example.com,Yer,2023-03-23,62
C12584,gor,#Hakobyan,customer2584@example.com,armavir,2023-01-20,65
C12585,NaRE,SArGsyan,customer2585@example.com,ETCHMIADZIN,2023-09-20,51
C12586,  hayk  ,Martirosyan,customer2586@example.com,"""""GMR""""",2023-08-09,36
C12587,Suren,manukyan,customer2587@example.com,Hrazdan,2025-05-05,34
C12588,Mariam,Ghazaryan,,Artashat,2023-06-03,22
C12589,LILIT,Harutyunyan,customer2589@example.com,Vagharshapat,2024-07-15,42
C12590,MIKaeL.,Hakobyan,customer2590@example.com,Kapan,2025-01-14,35
C12591,ANNA,Grigoryan,customer2591@example.com,Hrazdan,2024-09-15,25
C12592,#Tatev,Martirosyan,customer2592@example.com,YEREVAN CITY,2024-06-24,44
C12593,Anna,Hovhannisyan,customer2593@example.com,Kapan,2024-03-09,32
C12594,"Karen,","""""Hakobyan""""",customer2594@example.com,Yerevan,2023-04-24,62
C12595,'mAne',  ghazaryan  ,customer2595@example.com,ARMAVIR,2025-03-05,30
C12596,Sona,harutyunyan,customer2596@example.com,Gyumri,2023-10-23,33
C12597,hayk,Manukyan,customer2597@example.com,  abovyan  ,2023-09-01,39
C12598,Ani.,Avetisyan,customer2598@example.com,"""Gyumri""",2023-11-05,37
C12599,Ani,Petrosyan.,customer2599@example.com,'yerevan',2023-05-05,30
C12600,sona.,GHaZaryAn,customer2600@example.com,YVN,2023-02-18,37
C12601,Narek,Hovhannisyan,customer2601@example.com,dILijan,2023-09-02,19
C12602,mikael,Avetisyan,customer2602@example.com,Dilijan,2024-03-05,52
C12603,Mane,HOVHANNISYAN,customer2603@example.com,Yev.,2024-10-16,64
C12604,narek,SArgsyaN,customer2604@example.com,dilijan,2025-03-23,36
C12605,ARmAN,Hovhannisyan,customer2605@example.com,kapan,2024-09-29,62
C12606,haYK,Hakobyan,customer2606@example.com,'VNz',2024-04-13,54
C12607,Arsen,Sargsyan,customer2607@example.com,"""Yev.""",2023-03-06,23
C12608,Saro.,PETROSYAN,customer2608@example.com,Armavir,2023-04-24,31
C12609,'David',Hakobyan,customer2609@example.com,Vanadzor,2025-05-06,21
C12610,SUREN,stepanyan,customer2610@example.com,kapan,2025-07-15,39
C12611,Mane,Karapetyan,customer2611@example.com,KaPAN,2024-05-26,-5
C12612,ARSEN.,Harutyunyan,customer2612@example.com,"""""Kapan""""",2024-09-03,53
C12613,Mikael,Hakobyan,customer2613@example.com,Abovyan,2024-07-02,51
C12614,"Ani,",Ghazaryan,customer2614@example.com,Yerevan,2023-01-17,44
C12615,tatev,Harutyunyan,customer2615@example.com,'YEREVAN',2024-10-09,24
C12616,Tatev,AVETisyAN,customer2616@example.com,Yer,2024-06-11,20
C12617,#marIaM,Mkrtchyan,customer2617@example.com,Yerev.,2024-08-11,64
C12618,Arman,"""""Martirosyan""""",customer2618@example.com,Vanadzor,2023-09-05,50
C12619,Hayk,mkrtchyan,customer2619@example.com,Abovyan,2025-01-05,19
C12620,Narek,Manukyan,customer2620@example.com,Kapan,2023-05-28,59
C12621,Anna,Martirosyan,customer2621@example.com,"YEREVAN,",2023-10-26,33
C12622,Ani,"hovhannisyan,",customer2622@example.com,gyumri,2024-03-15,42
C12623,Arman,Vardanyan,customer2623@example.com,Yerevan,2023-01-02,32
C12624,Nare,martirosyan,,"""""YEREVAN""""",2024-09-21,41
C12625,Mariam,Ghazaryan,customer2625@example.com,Yerev.,2023-12-28,32
C12626,nArEK,Ghazaryan.,customer2626@example.com,HrAZDan,2023-09-04,48
C12627,'anna',GRiGorYAn,customer2627@example.com,"yvn,",2024-08-07,31
C12628,David,MARTIROSYAN,customer2628@example.com,Hrazdan,2024-03-02,31
C12629,Nare,Petrosyan.,,Yerevan,2023-07-11,23
C12630,HAYK,Mkrtchyan,customer2630@example.com,  Armavir  ,2024-11-11,31
C12631,Karen,Avetisyan,customer2631@example.com,Etchmiadzin,2024-11-15,34
C12632,"""Hayk""",Stepanyan,customer2632@example.com,  Artashat  ,2023-03-29,35
C12633,Saro,Harutyunyan,customer2633@example.com,Armavir,2024-06-20,37
C12634,#Suren,"""""Manukyan""""",customer2634@example.com,Artashat,2024-01-05,34
C12635,"""MANE""",Martirosyan,customer2635@example.com,kapan,2023-03-11,33
C12636,mariam,Manukyan,customer2636@example.com,Abovyan.,2024-06-22,57
C12637,Eva,"AVETISYAN,",customer2637@example.com,Yerevan.,2024-07-11,-5
C12638,"""""SUREN""""",Manukyan,customer2638@example.com,Yev..,2024-06-03,49
C12639,sureN,Hovhannisyan,customer2639@example.com,YEREVAN,2025-03-16,61
C12640,DAVID,avetisyan,customer2640@example.com,vaNaDZOr,2024-06-03,26
C12641,Mariam,"Hovhannisyan,",customer2641@example.com,  GYM  ,2024-07-21,44
C12642,anna,Martirosyan,customer2642@example.com,Kapan,2023-01-21,63
C12643,SUREN,AVETISYAN,customer2643@example.com,Artashat,2024-02-04,50
C12644,Mikael,Martirosyan.,customer2644@example.com,'Yev.',2025-06-13,27
C12645,Ani.,Stepanyan,customer2645@example.com,gyumri,2024-04-26,34
C12646,Anna,Hovhannisyan,customer2646@example.com,'Dilijan',2023-02-14,53
C12647,Nare,Grigoryan,customer2647@example.com,Yerevan,2024-10-12,34
C12648,Mariam,Grigoryan,,Etch.,2024-02-01,35
C12649,David,"""Avetisyan""",customer2649@example.com,Yer,2024-01-18,40
C12650,sARO,ghazaryan,customer2650@example.com,ABOVYAN,2023-09-17,51
C12651,'Eva',"""""Stepanyan""""",,Yerevan,2025-02-04,25
C12652,Karen,Grigoryan,customer2652@example.com,Armavir,2023-01-17,30
C12653,Mane,Harutyunyan,customer2653@example.com,Vanadzor,2024-01-01,40
C12654,Mikael,"Ghazaryan,",customer2654@example.com,YEREVAN,2025-03-18,37
C12655,Lusine,hArutyUNyaN,customer2655@example.com,Yev.,2023-03-11,39
C12656,Narek,sTepAnyan,customer2656@example.com,#GMR,2023-12-20,64
C12657,Suren,Stepanyan,customer2657@example.com,DILIJAN,2023-09-04,40
C12658,mane,"Grigoryan,",customer2658@example.com,Hrazdan,2025-01-20,58
C12659,Eva,Grigoryan,customer2659@example.com,gyumri,2024-11-03,52
C12660,Anna,Karapetyan,customer2660@example.com,#yer,2024-10-05,20
C12661,AnI,Karapetyan,customer2661@example.com,Gym,2023-04-17,51
C12662,  nare  ,martirosyan,customer2662@example.com,hrazdan,2025-03-01,50
C12663,MIKAEL,#Avetisyan,customer2663@example.com,Etchmiadzin,2024-08-18,63
C12664,Mariam,Sargsyan,customer2664@example.com,Yerevan,2025-01-22,34
C12665,MARIAM,"Sargsyan,",customer2665@example.com,Hrazdan,2025-02-13,N/A
C12666,ANNA,Grigoryan,customer2666@example.com,Abovyan,2023-12-07,36
C12667,Sona,Manukyan,customer2667@example.com,"ARTASHAT,",2023-05-17,47
C12668,EVA,Grigoryan,customer2668@example.com,Artashat,2023-02-15,40
C12669,Lilit,Stepanyan,customer2669@example.com,Etchmiadzin.,2023-12-27,32
C12670,Hayk,Karapetyan,customer2670@example.com,Hrazdan,2024-07-13,31
C12671,David,Martirosyan,customer2671@example.com,YeREVaN,2023-12-13,19
C12672,NAre.,STEPANYAN,customer2672@example.com,Kapan,2025-04-13,56
C12673,ANi,grigoryan.,customer2673@example.com,Yerevan,2024-10-20,35
C12674,"sona,",Mkrtchyan,customer2674@example.com,  Yerevan  ,2023-06-29,23
C12675,"""""Anna""""",Ghazaryan,customer2675@example.com,"""yerevan""",2025-04-30,49
C12676,Arman,Vardanyan,customer2676@example.com,Kapan,2025-03-08,38
C12677,EVA,  Stepanyan  ,customer2677@example.com,yerevan city,2024-12-02,57
C12678,"""""Hayk""""",Manukyan,customer2678@example.com,Gym,2024-04-20,45
C12679,#eva,Mkrtchyan,customer2679@example.com,GYUMRI,2024-12-13,44
C12680,anna,Martirosyan,customer2680@example.com,  yerevan  ,2024-05-05,19
C12681,Arsen,"""MARTIROSYAN""",customer2681@example.com,YVN,2024-10-08,50
C12682,"nare,",HARUTYUNYAN,,#Etchmiadzin,2023-07-06,33
C12683,Arsen,HAKOBYAN,customer2683@example.com,Kapan,2025-04-10,56
C12684,ARMAN,Mkrtchyan,customer2684@example.com,  Yerevan  ,2023-05-19,39
C12685,suren,HARUTYUNYAN,customer2685@example.com,armavir,2023-03-06,60
C12686,Lusine,Karapetyan,customer2686@example.com,Etchmiadzin,2025-01-03,64
C12687,Lilit,petrosyan,customer2687@example.com,Yerevan,2025-03-05,30
C12688,David,MANukyAN,customer2688@example.com,Hrazdan,2024-04-13,19
C12689,Anna,Ghazaryan,customer2689@example.com,#Dilijan,2023-02-07,31
C12690,TATEV,pETrOsyan,customer2690@example.com,gyumri,2023-10-28,55
C12691,Eva,Avetisyan,customer2691@example.com,Yerevan,2023-07-26,58
C12692,"""Karen""",Hovhannisyan,customer2692@example.com,Artashat,2023-02-14,45
C12693,"""Saro""",vardanyan,customer2693@example.com,vanadzor,2025-03-21,24
C12694,Ani,"""""Karapetyan""""",customer2694@example.com,Yerevan,2023-07-24,35
C12695,Hayk,Karapetyan,customer2695@example.com,vNz,2025-06-26,58
C12696,Mariam,PEtrOsYan,customer2696@example.com,Gyumri,2023-02-12,53
C12697,"""ARSEN""",mkrtchyan.,customer2697@example.com,Kapan,2023-11-20,58
C12698,Hayk,Hakobyan,customer2698@example.com,  GYUMRI  ,2023-11-14,53
C12699,  Arsen  ,ghAzaRyAN.,customer2699@example.com,"""""YEREVAN""""",2024-06-11,61
C12700,Arman,mkrtchyan,customer2700@example.com,#Abovyan,2024-02-12,21
C12701,Sona,Petrosyan,customer2701@example.com,"""""Gyumri""""",2025-04-14,47
C12702,'Anna','Ghazaryan',customer2702@example.com,yerevan,2024-07-10,N/A
C12703,Saro,aveTISYAn,customer2703@example.com,"""""VNZ""""",2024-04-29,37
C12704,Arsen,Vardanyan,,vagharshapat,2023-09-17,63
C12705,Nare,"""Vardanyan""",customer2705@example.com,yerevan city,2023-02-07,48
C12706,"""""LUSINE""""",Mkrtchyan,customer2706@example.com,#Vandz.,2025-02-10,41
C12707,"""""sOna""""",  Sargsyan  ,customer2707@example.com,YeR,2024-10-24,24
C12708,Arsen.,  Mkrtchyan  ,customer2708@example.com,YEREVAN,2023-07-15,43
C12709,HayK,'Martirosyan',customer2709@example.com,"""""YEREVAN""""",2023-10-20,30
C12710,Mikael,Hovhannisyan,customer2710@example.com,Yerevan,2024-01-01,N/A
C12711,"Saro,",Harutyunyan.,customer2711@example.com,Kapan,2025-06-01,22
C12712,Arsen,Manukyan,,YeREvan,2025-03-10,61
C12713,"""saro""",hOvHaNniSYaN,customer2713@example.com,Hrazdan,2023-02-18,30
C12714,anna,MKRTCHYAN,customer2714@example.com,Yerev.,2025-06-05,46
C12715,"""Gor""",Hakobyan,customer2715@example.com,'Artashat',2024-11-02,37
C12716,sARO,Vardanyan,customer2716@example.com,vanadzor,2023-12-06,31
C12717,David.,Stepanyan,customer2717@example.com,  Abovyan  ,2023-10-07,49
C12718,"""Nare""",Hovhannisyan,customer2718@example.com,Yerevan,2023-05-08,44
C12719,Tatev,vardanyan,customer2719@example.com,Yerevan,2025-03-29,42
C12720,lilit,Ghazaryan,customer2720@example.com,"""""Yerevan""""",2024-01-12,21
C12721,"""""arsen""""",  Hakobyan  ,customer2721@example.com,Artashat,2024-03-23,38
C12722,David,'Hovhannisyan',customer2722@example.com,"""""gMR""""",2025-06-29,35
C12723,Saro,gHazarYan,customer2723@example.com,vnZ,2024-02-14,56
C12724,eva,Mkrtchyan,customer2724@example.com,Hrazdan,2025-01-31,N/A
C12725,NARE,Ghazaryan,customer2725@example.com,yErevAN,2024-03-26,55
C12726,Arsen,GRiGoryan,customer2726@example.com,'Hrazdan',2025-07-05,65
C12727,hayk.,Karapetyan,customer2727@example.com,Abovyan,2024-01-31,41
C12728,ARMAN,Hovhannisyan,customer2728@example.com,Abovyan,2023-12-14,25
C12729,Sona,mkrtchyan,customer2729@example.com,"GYUMRI,",2023-07-11,45
C12730,Lusine.,"KARAPETYAN,",customer2730@example.com,YEREVAN,2024-05-23,38
C12731,David,Sargsyan,customer2731@example.com,Yerevan,2024-12-09,33
C12732,"ani,",Ghazaryan,customer2732@example.com,ETCHMIADZIN,2024-05-24,33
C12733,Nare,"""""Petrosyan""""",customer2733@example.com,Vanadzor,2024-01-12,52
C12734,Arsen,#Sargsyan,customer2734@example.com,Yerevan,2025-08-04,34
C12735,Mane,"""VARDANYAN""",customer2735@example.com,Artashat,2025-03-27,26
C12736,Anna,Mkrtchyan,customer2736@example.com,"""""Yerevan""""",2024-06-15,52
C12737,"""""David""""",HaKobYAn,customer2737@example.com,  Kapan  ,2023-10-01,46
C12738,Arsen,Grigoryan,customer2738@example.com,Dilijan,2025-03-31,56
C12739,David,"""""Avetisyan""""",customer2739@example.com,armavir,2023-03-26,35
C12740,Arman,"""kARapeTyAN""",customer2740@example.com,eTCH.,2025-01-14,29
C12741,Arman,Harutyunyan,customer2741@example.com,"""""yerevan city""""",2024-03-10,36
C12742,#Sona,Karapetyan,customer2742@example.com,yerevan,2023-03-22,65
C12743,MARIAM,mArTiROsyAN,customer2743@example.com,'Hrazdan',2024-03-16,39
C12744,David,Vardanyan,customer2744@example.com,yerEvan,2024-09-08,32
C12745,Arsen,StePANyAn,customer2745@example.com,"""""Yerevan""""",2025-04-22,18
C12746,David.,Stepanyan,customer2746@example.com,"""""Vagharshapat""""",2023-07-04,19
C12747,Mikael,MaNuKyAN,customer2747@example.com,yerevan,2024-07-12,25
C12748,Lusine,mkrtchyan,customer2748@example.com,Armavir.,2023-10-28,39
C12749,"mikael,",Sargsyan,customer2749@example.com,kapan,2023-11-25,42
C12750,#Suren,#HARUTYUNYAN,customer2750@example.com,KaPAn,2023-04-16,19
C12751,Anna,Hakobyan,customer2751@example.com,Etch.,2023-03-23,26
C12752,Mane,'Hakobyan',customer2752@example.com,"""""Armavir""""",2023-12-02,26
C12753,"""""Arsen""""","HaKoBYaN,",customer2753@example.com,Etchmiadzin,2024-11-07,30
C12754,Karen,Avetisyan,customer2754@example.com,Vandz.,2023-10-30,23
C12755,  Narek  ,martirosyan,customer2755@example.com,YerevAN,2023-11-10,47
C12756,  mIKAel  ,StePaNYaN,customer2756@example.com,armavir.,2024-04-01,32
C12757,"""NARE""",HAKOBYAN,customer2757@example.com,"""""Kapan""""",2024-09-09,32
C12758,Narek,"ghAzARYan,",customer2758@example.com,Gyumri,2025-01-04,24
C12759,"""""aNnA""""",STEPaNYaN.,customer2759@example.com,"YVN,",2024-03-12,28
C12760,Suren,haKOBYaN,customer2760@example.com,'Vanadzor',2023-06-20,57
C12761,ani,Mkrtchyan,,"""Yerevan""",2024-12-07,55
C12762,David,#martirosyan,customer2762@example.com,artashat,2024-03-30,57
C12763,david,Hovhannisyan,customer2763@example.com,Dilijan,2023-12-26,19
C12764,"Arman,",GRigORyaN,customer2764@example.com,  YEREVAN  ,2024-04-02,65
C12765,Anna,"""grIGOrYAn""",customer2765@example.com,ABOVYAN,2023-02-13,56
C12766,  Lusine  ,martirosyan,customer2766@example.com,Yerevan,2025-01-14,27
C12767,Mariam,"""ManuKyAN""",customer2767@example.com,"HRAZDAN,",2025-06-09,61
C12768,"""Ani""",  Avetisyan  ,customer2768@example.com,Yerevan,2025-07-22,34
C12769,Sona,Vardanyan,customer2769@example.com,Abovyan,2023-12-28,N/A
C12770,Tatev,"""Vardanyan""",customer2770@example.com,Yerevan,2024-09-21,57
C12771,eva,Harutyunyan,customer2771@example.com,Yerevan,2024-03-21,56
C12772,Sona,Stepanyan,customer2772@example.com,'Yev.',2023-10-09,21
C12773,  Suren  ,GHAZArYAN,customer2773@example.com,YEREVAN,2024-10-16,52
C12774,Suren,karapetyan,customer2774@example.com,vanadzor,2025-03-21,64
C12775,Arsen,MKRTCHYAN,customer2775@example.com,YEreVaN,2023-02-28,53
C12776,Eva,'Petrosyan',customer2776@example.com,"""Gyumri""",2023-03-18,48
C12777,Eva,Grigoryan,customer2777@example.com,Armavir,2024-11-18,42
C12778,David,Hovhannisyan,customer2778@example.com,Kapan,2024-10-14,58
C12779,SARO,martirosyan,customer2779@example.com,Armavir,2024-02-20,30
C12780,"NARE,",HarUTYUnYAN,customer2780@example.com,"ARTASHAT,",2024-01-08,35
C12781,Sona,MARTIROSYAN,customer2781@example.com,Yerevan,2024-06-09,38
C12782,Saro,"Karapetyan,",customer2782@example.com,yerevan city,2025-03-31,65
C12783,'Hayk',#Harutyunyan,customer2783@example.com,VanDz.,2025-02-06,18
C12784,Nare,grigoryan,customer2784@example.com,Armavir,2024-11-26,53
C12785,"""Saro""",'Hakobyan',customer2785@example.com,Dilijan,2023-06-13,25
C12786,"""""Arman""""",Ghazaryan,customer2786@example.com,"""""Yerevan""""",2023-02-01,65
C12787,Lilit,martirosyan,customer2787@example.com,Yerevan,2023-05-27,38
C12788,Arman,'Ghazaryan',customer2788@example.com,Yerevan,2025-05-19,60
C12789,  suRen  ,GHAZARYAN,customer2789@example.com,HrAzDAN,2024-09-14,38
C12790,"""""TATEV""""",ghazaryan,customer2790@example.com,Abovyan,2024-11-25,44
C12791,ANNA,Hovhannisyan,customer2791@example.com,Yerevan,2025-03-11,36
C12792,'Suren',petrosyan,customer2792@example.com,gyumri,2024-03-24,40
C12793,MARIAM,Grigoryan,customer2793@example.com,  AbOVyAN  ,2023-02-05,60
C12794,MARIAM,ghazaryan,customer2794@example.com,etchmiadzin,2023-05-10,52
C12795,david,"HOVHANNISYAN,",customer2795@example.com,Yerevan,2023-03-10,57
C12796,Ani,Sargsyan,,"ArmAvir,",2023-08-30,59
C12797,Sona,"""sTepANYaN""",customer2797@example.com,Vanadzor,2025-03-08,65
C12798,Hayk,"""Vardanyan""",customer2798@example.com,Vagharshapat,2024-10-22,22
C12799,HAYK,"""PETROSYAN""",customer2799@example.com,vagharshapat,2024-01-11,58
C12800,Karen,#Manukyan,customer2800@example.com,  Yerevan  ,2024-01-06,25
C12801,lusine,AVEtIsyAN,customer2801@example.com,yvn,2024-01-28,28
C12802,"""""Suren""""",#Grigoryan,customer2802@example.com,Hrazdan,2024-08-03,33
C12803,  Hayk  ,Hakobyan,customer2803@example.com,Yerevan,2023-02-03,56
C12804,SONA,  Grigoryan  ,customer2804@example.com,Kapan,2024-09-11,64
C12805,SARO,KARAPETYAN,customer2805@example.com,HRazDAn,2023-06-07,41
C12806,gOr,Harutyunyan,customer2806@example.com,#Kapan,2024-11-26,38
C12807,"""""Ani""""",Stepanyan,customer2807@example.com,YEREVAN,2024-04-05,40
C12808,TATEV,'Vardanyan',customer2808@example.com,Yerevan,2024-01-15,55
C12809,Lusine,Martirosyan,customer2809@example.com,aBoVyan.,2024-01-16,64
C12810,'Anna',ghazaryan,customer2810@example.com,yerevan city,2024-03-30,25
C12811,SONA,"HARUTYUNYAN,",customer2811@example.com,hrazdan,2025-02-20,24
C12812,Arsen,Harutyunyan,customer2812@example.com,  Kapan  ,2023-03-20,19
C12813,anna,ghazaryan,customer2813@example.com,YVN,2024-08-10,47
C12814,MIKAEL,GRIGORYAN,customer2814@example.com,Hrazdan,2023-05-21,30
C12815,"""""Tatev""""",Ghazaryan,customer2815@example.com,Yerevan,2024-06-26,40
C12816,Nare,STEpAnyAn,customer2816@example.com,yeR,2024-01-11,46
C12817,#LUSine,Vardanyan,customer2817@example.com,#DILIJAN,2024-02-12,55
C12818,TAtev,  karapetyan  ,customer2818@example.com,"""""Dilijan""""",2023-11-18,54
C12819,Hayk.,Ghazaryan,customer2819@example.com,GMR.,2024-10-27,N/A
C12820,Lusine,'Martirosyan',customer2820@example.com,ARTashat,2023-10-13,50
C12821,Arsen,Martirosyan,customer2821@example.com,Gyumri,2023-09-13,46
C12822,"""""Lusine""""",Harutyunyan,customer2822@example.com,YVN,2023-04-27,32
C12823,"""""Sona""""","Manukyan,",customer2823@example.com,Yerevan,2023-01-27,40
C12824,"Mane,",AVETISYAN,customer2824@example.com,Artashat,2025-01-23,59
C12825,  Nare  ,Karapetyan,customer2825@example.com,Yerevan,2023-07-10,20
C12826,#ani,MaNUkYAn,,Vanadzor,2024-05-26,54
C12827,Lilit,Mkrtchyan,customer2827@example.com,Vanadzor,2024-06-14,46
C12828,Lusine,Mkrtchyan,customer2828@example.com,Hrazdan,2024-02-01,62
C12829,Gor,PEtROSYAN,customer2829@example.com,Gyumri,2025-07-24,25
C12830,Mane,Harutyunyan,customer2830@example.com,  Yerev.  ,2024-07-29,39
C12831,David,Martirosyan,customer2831@example.com,#Yerevan,2023-05-01,46
C12832,daVId,grigoryan,customer2832@example.com,  VANADZOR  ,2023-09-26,19
C12833,Narek,Martirosyan,customer2833@example.com,Hrazdan,2025-03-04,58
C12834,Lusine,Hovhannisyan,customer2834@example.com,VANADZOR,2023-09-24,62
C12835,David,hovhannisyan,customer2835@example.com,Hrazdan,2024-12-21,18
C12836,lusine,MARTIROSYAN.,customer2836@example.com,"Yev.,",2024-04-01,61
C12837,Saro.,VARDANYAN,customer2837@example.com,ARMavir,2023-08-08,37
C12838,Lilit,STEPANYAN,customer2838@example.com,Vanadzor,2024-09-18,38
C12839,DAvid,Hovhannisyan,customer2839@example.com,Yev.,2023-10-20,54
C12840,LILIT,#hAKObYAn,customer2840@example.com,Gyumri City,2024-12-11,25
C12841,Tatev,"Martirosyan,",customer2841@example.com,Kapan,2025-07-27,44
C12842,  Mane  ,Petrosyan,customer2842@example.com,"""Armavir""",2024-05-17,64
C12843,Arsen,Manukyan,customer2843@example.com,Yerevan,2023-07-24,52
C12844,saro,Mkrtchyan,customer2844@example.com,"""Hrazdan""",2023-05-06,23
C12845,"""""Mane""""",Martirosyan,customer2845@example.com,Yerevan,2023-05-19,62
C12846,Tatev,"""Martirosyan""",customer2846@example.com,YVN,2025-05-23,61
C12847,Arsen,Hovhannisyan,customer2847@example.com,VNZ,2023-03-17,N/A
C12848,tatev,"""Stepanyan""",customer2848@example.com,ABOVYAN,2024-04-07,35
C12849,ANI,Ghazaryan,customer2849@example.com,Etchmiadzin,2023-06-26,18
C12850,"""""Sona""""",Hakobyan,customer2850@example.com,  Yerevan  ,2025-07-09,42
C12851,"""""Suren""""",karapetyan,customer2851@example.com,Yerevan,2024-12-31,44
C12852,Saro,GRIGORYAN,customer2852@example.com,Gyumri,2024-03-31,24
C12853,"""Suren""",Karapetyan,customer2853@example.com,"""""yerevan city""""",2023-03-31,61
C12854,sona,Grigoryan,customer2854@example.com,yErevAN,2025-04-09,59
C12855,#Sona,Avetisyan,customer2855@example.com,YErEVAN,2024-11-29,46
C12856,Tatev,martiROSyAn,customer2856@example.com,Yerevan,2025-05-15,48
C12857,Suren,"""hakobyan""",customer2857@example.com,Yerevan,2023-11-24,61
C12858,MIKAEL,  Sargsyan  ,customer2858@example.com,Vanadzor,2024-11-14,60
C12859,Ani,Hovhannisyan,customer2859@example.com,YER,2023-12-22,53
C12860,TATEV,"Harutyunyan,",customer2860@example.com,  Yerevan  ,2024-12-27,N/A
C12861,'Lilit',Hovhannisyan,customer2861@example.com,'Abovyan',2023-03-08,23
C12862,"Narek,",mkrtchyan,customer2862@example.com,"""YEREVan""",2024-07-17,42
C12863,SONA,"""Manukyan""",customer2863@example.com,Vanadzor,2024-07-09,48
C12864,Arsen,"Stepanyan,",customer2864@example.com,Yerevan,2023-10-25,26
C12865,TATev,mkrtchyan,customer2865@example.com,YErEVAn,2025-07-01,37
C12866,EVA,Manukyan,customer2866@example.com,"""""Yerevan""""",2023-11-04,27
C12867,lusine,Avetisyan,customer2867@example.com,Yerevan,2025-05-21,54
C12868,Eva,karapetyan,customer2868@example.com,"""""VANADZOR""""",2023-06-11,44
C12869,nare,Stepanyan,customer2869@example.com,  Artashat  ,2024-12-29,30
C12870,Karen,stepanyan,customer2870@example.com,yerevan.,2024-12-27,58
C12871,Karen,PETROSYAN,customer2871@example.com,Yerevan,2025-08-07,19
C12872,Mariam,mArtiROsyan,customer2872@example.com,Abovyan,2024-12-18,N/A
C12873,Arman,"""SARGSYAN""",customer2873@example.com,GyuMrI,2024-10-15,50
C12874,Ani,Manukyan,customer2874@example.com,ETCHMIADZIN,2023-06-28,41
C12875,Arman,#HARUTYUNYAN,customer2875@example.com,YEREVAN,2025-03-23,61
C12876,Karen,Manukyan,customer2876@example.com,Artashat,2024-01-06,59
C12877,"Narek,",ghAzarYaN,customer2877@example.com,"""""Yerevan""""",2024-06-04,51
C12878,"""""Saro""""",PETROSYAN,customer2878@example.com,YEREVAN,2023-08-18,26
C12879,EVA,Ghazaryan,customer2879@example.com,'ARMAVIR',2023-05-05,19
C12880,Sona,Mkrtchyan,customer2880@example.com,Vanadzor,2023-07-25,47
C12881,Nare,HAKOBYAN,customer2881@example.com,gyUMRi,2025-03-22,39
C12882,"Lusine,",Mkrtchyan,customer2882@example.com,hrazdan,2023-05-23,63
C12883,Ani,"avetisyan,",customer2883@example.com,VAnadzor.,2023-08-31,28
C12884,Suren,Hakobyan,customer2884@example.com,YEREVAN,2025-03-20,60
C12885,Saro,#Mkrtchyan,customer2885@example.com,aBOVYan,2024-05-20,N/A
C12886,Eva,Harutyunyan,customer2886@example.com,YEREVAN,2023-01-27,53
C12887,David,Hovhannisyan,customer2887@example.com,ETCHMIADZIN,2024-01-05,30
C12888,Lilit,MKRTCHYAN,customer2888@example.com,Dilijan,2024-07-21,24
C12889,Mariam,Stepanyan,customer2889@example.com,Yerevan,2024-08-09,33
C12890,David,HARUTYUNYAN,customer2890@example.com,  Yerevan  ,2024-01-13,50
C12891,Gor,Harutyunyan,customer2891@example.com,YEV.,2024-04-23,-5
C12892,  mariam  ,Stepanyan,customer2892@example.com,Yerevan,2025-04-02,18
C12893,Saro,Hovhannisyan,customer2893@example.com,"Artashat,",2024-07-18,28
C12894,MANE,vardanyan,customer2894@example.com,yerevan,2023-05-13,23
C12895,Tatev,"Hakobyan,",customer2895@example.com,YEREVAN,2024-09-18,37
C12896,Gor,"""""KARAPETYAN""""",customer2896@example.com,"""etchmiadzin""",2025-06-24,52
C12897,arsen,Grigoryan.,customer2897@example.com,Armavir,2023-03-30,61
C12898,Karen,  Martirosyan  ,customer2898@example.com,  Gyumri  ,2023-03-09,54
C12899,'SARO',Manukyan,customer2899@example.com,VANDZ.,2023-11-13,58
C12900,DAVID,'GRIGORYAN',customer2900@example.com,  Abovyan  ,2024-02-12,43
C12901,"LILIT,",'Petrosyan',customer2901@example.com,Dilijan,2025-01-04,29
C12902,anna,Karapetyan,customer2902@example.com,Vandz.,2025-01-06,47
C12903,'NAre',Grigoryan,customer2903@example.com,Vanadzor,2024-05-05,45
C12904,Hayk,Hakobyan,customer2904@example.com,Yerevan,2024-06-22,44
C12905,MarIam,Petrosyan,customer2905@example.com,"Yerevan,",2024-02-25,59
C12906,Hayk,Sargsyan,customer2906@example.com,  Vanadzor  ,2025-02-26,36
C12907,Anna,'Stepanyan',customer2907@example.com,artashat,2024-02-24,22
C12908,mikael,Karapetyan,customer2908@example.com,kapan,2025-04-23,22
C12909,Sona,"""Stepanyan""",customer2909@example.com,Dilijan,2024-08-11,58
C12910,MARIAM,grigoryan,customer2910@example.com,Gyumri,2023-03-17,44
C12911,Lusine,Vardanyan,customer2911@example.com,vagharshapat,2023-05-09,45
C12912,David,'Petrosyan',customer2912@example.com,KAPAn,2023-11-21,43
C12913,SUrEn,Sargsyan,customer2913@example.com,abovyan,2024-10-19,44
C12914,Anna,MKRTCHYAN,customer2914@example.com,Yerevan,2023-03-17,59
C12915,#MANE,STEPANYAN,customer2915@example.com,#Gym,2024-04-05,38
C12916,"Ani,",Petrosyan,customer2916@example.com,"""""Kapan""""",2024-04-22,18
C12917,taTev,ghazaryan,customer2917@example.com,YEREVAN,2024-11-27,45
C12918,"""""Eva""""",Vardanyan,customer2918@example.com,"""Artashat""",2024-06-13,65
C12919,"Narek,",Hovhannisyan,customer2919@example.com,yerevan,2023-12-19,32
C12920,lusine,  Hakobyan  ,customer2920@example.com,#Hrazdan,2023-05-12,34
C12921,hayk,  mkrtchyan  ,customer2921@example.com,vanadzor,2025-06-18,43
C12922,MANE,hakobyan.,customer2922@example.com,"""""HRAZDAN""""",2025-04-28,37
C12923,KAREN,Stepanyan,customer2923@example.com,"yvN,",2025-03-09,42
C12924,  Arman  ,GRIGORYAN,customer2924@example.com,Artashat,2024-07-18,30
C12925,"anna,","""""Martirosyan""""",customer2925@example.com,vandz.,2024-10-17,50
C12926,tAtEV,  grigoryan  ,customer2926@example.com,yerevan,2024-08-24,42
C12927,David,Mkrtchyan,customer2927@example.com,"VNZ,",2023-07-06,25
C12928,Hayk,Harutyunyan,customer2928@example.com,Yerevan,2025-02-25,22
C12929,Suren.,"""""Grigoryan""""",customer2929@example.com,Yerevan,2023-05-13,23
C12930,Mariam,MKRTCHYAN,customer2930@example.com,  yev.  ,2024-03-19,40
C12931,aNna.,Petrosyan,customer2931@example.com,Kapan,2024-05-29,47
C12932,aNNA,Avetisyan,customer2932@example.com,Gyumri,2025-07-21,N/A
C12933,Suren,Grigoryan,customer2933@example.com,abovyAn,2025-06-08,40
C12934,Eva,peTrOSyan,customer2934@example.com,Yerevan,2023-02-26,28
C12935,DAVID,Hakobyan,customer2935@example.com,Yerevan,2025-05-01,48
C12936,Sona,ghazaryan,customer2936@example.com,Artashat.,2023-05-08,23
C12937,Mane,  KArApetYAN  ,customer2937@example.com,  VANADZOR  ,2024-06-14,28
C12938,mikael,Martirosyan,customer2938@example.com,Artashat,2023-06-06,30
C12939,'arman',HaKObYaN,customer2939@example.com,Yerevan,2023-11-08,29
C12940,AnI,Hakobyan,customer2940@example.com,YEREVAN,2023-06-18,19
C12941,lilit,Mkrtchyan,customer2941@example.com,kapan,2023-06-15,52
C12942,Mariam,Stepanyan,customer2942@example.com,"abovyan,",2023-11-27,53
C12943,NAREK.,stepanyan,,Yerevan,2024-12-27,34
C12944,Lilit,Harutyunyan,customer2944@example.com,yev.,2023-08-19,45
C12945,arMan,Manukyan,customer2945@example.com,'VagHArShapaT',2023-12-21,45
C12946,naREk,Avetisyan,customer2946@example.com,gyumri,2024-06-15,39
C12947,ANI,Harutyunyan,customer2947@example.com,ABOVYAN,2025-07-05,55
C12948,Ani,mkrtchyan,customer2948@example.com,yerevan city,2023-10-18,N/A
C12949,Eva,HOVHANNISYAN,,YVN.,2025-05-16,32
C12950,Nare,  Martirosyan  ,customer2950@example.com,DILIJAN.,2023-03-22,49
C12951,SaRO,Avetisyan,customer2951@example.com,yer,2023-09-14,28
C12952,"""""Gor""""",Avetisyan.,,Gyumri,2023-07-21,41
C12953,  Karen  ,'Vardanyan',customer2953@example.com,Kapan,2024-10-12,20
C12954,"Anna,",Mkrtchyan,customer2954@example.com,Yerevan,2024-07-18,47
C12955,Mane,Sargsyan,customer2955@example.com,Yerevan,2023-10-09,23
C12956,Eva,haKoByaN,customer2956@example.com,Vanadzor,2023-05-09,19
C12957,"""mane""",  GHAZARYAN  ,customer2957@example.com,gyumri,2024-10-02,31
C12958,Lusine,Karapetyan,customer2958@example.com,Gym,2023-11-07,58
C12959,LUSINE,Sargsyan,customer2959@example.com,"""""Yerevan""""",2024-09-21,35
C12960,  Hayk  ,#Stepanyan,customer2960@example.com,Vanadzor,2024-06-30,61
C12961,NAREK,"""mKRTchyaN""",customer2961@example.com,Vanadzor,2023-04-06,48
C12962,Sona,"""""Sargsyan""""",customer2962@example.com,Abovyan,2024-05-29,30
C12963,MARIAM,Karapetyan,,yEReVaN,2024-10-18,43
C12964,Mikael,Mkrtchyan,customer2964@example.com,VANADZOR,2023-06-22,N/A
C12965,Nare,"""""Stepanyan""""",customer2965@example.com,"""""Artashat""""",2024-08-29,29
C12966,Suren,MKRTCHYAN,customer2966@example.com,Gyumri City,2024-08-17,35
C12967,HAYK,Avetisyan,customer2967@example.com,HRAZDAN,2023-06-07,26
C12968,"AnI,","Sargsyan,",,Vanadzor,2023-06-25,38
C12969,arman,petrosyan,customer2969@example.com,  Kapan  ,2024-11-05,65
C12970,LUSINE,"""""Grigoryan""""",customer2970@example.com,Artashat,2024-10-01,57
C12971,Tatev,MkRTCHYAN,customer2971@example.com,Yerevan,2025-01-07,60
C12972,Karen,Sargsyan,customer2972@example.com,yev.,2025-07-12,41
C12973,Narek,Manukyan,customer2973@example.com,Yerevan,2024-09-11,-5
C12974,Anna,"""MARTIROSYAN""",customer2974@example.com,Yerevan,2023-12-12,25
C12975,MaNE,Manukyan,customer2975@example.com,#Yerevan,2025-05-12,61
C12976,Tatev,Sargsyan.,customer2976@example.com,"""Etchmiadzin""",2025-08-04,50
C12977,ARMAN,Hakobyan,customer2977@example.com,yerevan city,2024-07-31,40
C12978,aRseN.,"""Hakobyan""",customer2978@example.com,'gyUMri',2023-02-12,30
C12979,#Mane,"Stepanyan,",customer2979@example.com,Abovyan,2025-04-25,31
C12980,Gor,"stepanyan,",customer2980@example.com,yerevan,2025-06-03,31
C12981,'Saro',SARGSYAN,customer2981@example.com,Armavir,2023-01-30,33
C12982,KAREN,Avetisyan,customer2982@example.com,Kapan,2023-03-25,55
C12983,Hayk,Stepanyan,customer2983@example.com,Gyumri,2023-02-16,56
C12984,"""Eva""",Avetisyan,customer2984@example.com,"Yev.,",2024-10-18,43
C12985,Gor,Stepanyan,customer2985@example.com,#Yerevan,2025-02-28,43
C12986,Narek,"""MKRTCHYAN""",customer2986@example.com,HRAzdan,2024-08-13,18
C12987,Narek,karapetyan,customer2987@example.com,Yerevan,2023-09-29,49
C12988,Gor,"""Grigoryan""",customer2988@example.com,Abovyan,2024-10-28,32
C12989,Narek,Vardanyan,customer2989@example.com,  Kapan  ,2023-08-04,38
C12990,Anna,MKRTCHYAN,customer2990@example.com,'Yerevan',2025-02-24,35
C12991,hayk,"Vardanyan,",customer2991@example.com,Kapan.,2024-08-08,N/A
C12992,Arman.,manukyan,customer2992@example.com,Yerevan,2024-03-02,30
C12993,Karen,Hovhannisyan,customer2993@example.com,Armavir,2024-09-24,41
C12994,#david,Grigoryan,customer2994@example.com,Yerevan,2024-10-16,47
C12995,Lusine,Manukyan,customer2995@example.com,"ABOVYAN,",2023-02-01,19
C12996,tAtEv,Stepanyan,customer2996@example.com,Yerevan,2024-05-24,36
C12997,Eva,  avetisyan  ,customer2997@example.com,Kapan,2025-06-29,64
C12998,Nare,"stepanyan,",customer2998@example.com,Gym,2024-10-04,61
C12999,Lusine,Sargsyan,customer2999@example.com,Yerevan,2024-07-12,64
C13000,"Tatev,",KArAPEtYAn.,customer3000@example.com,VANADZOR,2023-10-24,42
C13001,"""mIkaEl""",  Stepanyan  ,customer3001@example.com,yerevan city,2024-10-19,31
C13002,  Arman  ,Ghazaryan,customer3002@example.com,Abovyan,2023-11-06,23
C13003,narek,Manukyan,customer3003@example.com,arMaviR,2024-05-09,29
C13004,"""""Narek""""",Avetisyan,customer3004@example.com,YEREVAN,2023-09-08,37
C13005,DAVID,Ghazaryan,customer3005@example.com,"""""Yerevan""""",2025-04-04,40
C13006,Lusine,"""""Karapetyan""""",customer3006@example.com,Yerevan,2025-04-06,47
C13007,Tatev,Mkrtchyan,customer3007@example.com,'Vanadzor',2024-12-02,47
C13008,'Mariam','sargsyan',customer3008@example.com,#yerevan,2024-02-20,55
C13009,Tatev,#MARTIROSYAN,customer3009@example.com,YEREVAN,2023-11-01,47
C13010,saro,"Hakobyan,",customer3010@example.com,Yerevan,2024-04-09,58
C13011,ANNa,'HARUTYUNYAN',customer3011@example.com,"""""Yerevan""""",2023-03-16,47
C13012,GOR,karapetyan,customer3012@example.com,DILIJAN,2024-12-06,53
C13013,Mariam,Ghazaryan,customer3013@example.com,yerevan city,2023-03-03,51
C13014,"Tatev,","""""Martirosyan""""",customer3014@example.com,'vanADzOr',2023-06-11,33
C13015,Saro,Martirosyan,customer3015@example.com,etchmiadzin.,2024-03-26,N/A
C13016,"Lusine,",Karapetyan,customer3016@example.com,Hrazdan,2024-03-01,31
C13017,Arsen,Martirosyan,customer3017@example.com,yerevan,2024-05-10,43
C13018,Suren,Manukyan,customer3018@example.com,vanadzor,2024-04-20,25
C13019,suren,Martirosyan,customer3019@example.com,Armavir,2023-07-28,31
C13020,  Mane  ,Stepanyan,customer3020@example.com,YVN,2023-12-15,48
C13021,Lilit.,VARDANYAN,customer3021@example.com,Yerevan,2024-09-13,19
C13022,"""Arman""","Avetisyan,",customer3022@example.com,yvn,2023-05-28,65
C13023,Saro,#grigoryan,customer3023@example.com,YEV..,2023-11-17,21
C13024,ANI,Manukyan,customer3024@example.com,#YEV.,2025-06-01,18
C13025,Anna,Martirosyan,customer3025@example.com,#HRAZDAN,2025-01-05,37
C13026,Tatev,Mkrtchyan,customer3026@example.com,#Yer,2023-11-23,31
C13027,#Eva,"Hakobyan,",customer3027@example.com,Gyumri,2025-01-21,57
C13028,"Mariam,",Sargsyan,customer3028@example.com,vanADZOR,2025-05-31,42
C13029,Mane,Ghazaryan,customer3029@example.com,"""""gyumri""""",2023-12-20,42
C13030,#Arman,Martirosyan,customer3030@example.com,Hrazdan,2024-02-13,20
C13031,saro,Petrosyan,customer3031@example.com,yeR,2023-05-14,22
C13032,  Lusine  ,Stepanyan,customer3032@example.com,'Artashat',2025-02-17,55
C13033,"""""Anna""""",Hakobyan,customer3033@example.com,#gyumri city,2024-01-15,43
C13034,Karen,mkrtchyan.,customer3034@example.com,Vanadzor,2024-06-11,57
C13035,'Sona',#Stepanyan,customer3035@example.com,Etchmiadzin,2024-07-29,55
C13036,Saro,"Avetisyan,",customer3036@example.com,yerevan,2023-04-19,55
C13037,NAREK,#Martirosyan,customer3037@example.com,Yerevan,2023-11-23,21
C13038,Lilit,Ghazaryan,customer3038@example.com,Abovyan,2023-09-05,24
C13039,SONA.,  Avetisyan  ,customer3039@example.com,Gyumri,2024-04-22,47
C13040,Narek,Martirosyan,customer3040@example.com,armavir,2023-05-06,47
C13041,"""""lusine""""",'Harutyunyan',customer3041@example.com,Dilijan,2023-10-01,36
C13042,Narek.,Grigoryan,customer3042@example.com,YVN,2024-04-05,56
C13043,Arman,Avetisyan,customer3043@example.com,Yerevan.,2023-09-11,52
C13044,Saro,Grigoryan,customer3044@example.com,YEREV.,2023-05-25,57
C13045,Mariam,Hakobyan,customer3045@example.com,yerev.,2023-04-10,50
C13046,Mane,Hovhannisyan,customer3046@example.com,ETCHMIADZIN,2023-02-21,50
C13047,"TATev,",Harutyunyan,customer3047@example.com,Hrazdan,2023-10-25,31
C13048,Eva,  Sargsyan  ,customer3048@example.com,"""""Gyumri City""""",2024-01-29,55
C13049,Suren,Manukyan,customer3049@example.com,  Yerevan  ,2025-06-03,27
C13050,Mane,"""""Grigoryan""""",customer3050@example.com,"""""YEREVAN""""",2024-09-22,45
C13051,Lilit,Harutyunyan,customer3051@example.com,YEREVAN,2024-03-04,31
C13052,"Narek,",Hovhannisyan,customer3052@example.com,etchmiadzin,2023-09-12,53
C13053,LUSINE,GHAZARYAN,customer3053@example.com,yerevan city,2025-06-05,55
C13054,#Nare,grigoryan,customer3054@example.com,Etchmiadzin,2025-07-12,33
C13055,"""""david""""",Vardanyan,customer3055@example.com,Abovyan,2023-06-13,38
C13056,Arsen,vArdANYan,customer3056@example.com,HraZdAn,2025-04-13,45
C13057,#Suren,Karapetyan,customer3057@example.com,Yer,2023-12-02,50
C13058,Hayk,"""Mkrtchyan""",customer3058@example.com,abovyan,2024-08-14,23
C13059,lusine,sARgsYan,customer3059@example.com,vanadzor.,2025-01-08,58
C13060,Saro,Mkrtchyan,customer3060@example.com,HRAZDAN,2023-11-17,32
C13061,Saro.,"Ghazaryan,",customer3061@example.com,YEREVAN,2023-07-14,61
C13062,Mikael,Martirosyan,customer3062@example.com,Gyumri,2025-02-20,20
C13063,suren,#grigoryan,customer3063@example.com,Abovyan,2023-06-13,60
C13064,Suren,MARtiroSYAN,customer3064@example.com,Yer,2024-05-25,64
C13065,Nare,VARdANYAn,customer3065@example.com,Yerevan,2024-06-11,52
C13066,"Hayk,",Petrosyan,,Dilijan,2024-04-23,31
C13067,arman,Grigoryan,customer3067@example.com,"""""YVN""""",2024-05-25,19
C13068,hayk,HARUTYUNYAN,customer3068@example.com,"""yeREvan""",2025-06-19,46
C13069,Mane,saRGSYAN,customer3069@example.com,yerevan city,2023-11-12,21
C13070,#Ani,Martirosyan.,customer3070@example.com,vanadzor,2024-05-24,43
C13071,Eva,"""Vardanyan""",customer3071@example.com,"""Yerev.""",2023-01-24,-5
C13072,  mane  ,gRIGoRYAN,customer3072@example.com,"Vanadzor,",2023-04-03,19
C13073,Saro,PETrOSyAn,customer3073@example.com,YER,2024-02-07,34
C13074,KAREN,Mkrtchyan,customer3074@example.com,Yerevan,2024-06-01,52
C13075,Lusine,Harutyunyan,customer3075@example.com,Hrazdan,2024-04-13,27
C13076,Saro,Karapetyan,customer3076@example.com,'Yerevan',2023-09-04,65
C13077,"""""Arsen""""",grIGORYAn.,customer3077@example.com,Dilijan,2023-08-09,39
C13078,"""Karen""",Karapetyan,customer3078@example.com,YEREVAN,2024-08-20,58
C13079,"""""sARo""""",Hakobyan,customer3079@example.com,Yerevan,2023-12-28,60
C13080,Eva,Ghazaryan.,customer3080@example.com,YVN,2023-02-19,38
C13081,Eva,"""Sargsyan""",customer3081@example.com,'Yerevan',2023-02-21,32
C13082,"""""ARMAN""""","""GRIGORYAN""",customer3082@example.com,Dilijan,2023-10-16,52
C13083,#Lilit,Avetisyan,,"""armavir""",2024-05-21,65
C13084,"""Tatev""",  PETROSYAN  ,customer3084@example.com,  Yerevan  ,2024-09-03,38
C13085,Anna,#STEPANYAN,customer3085@example.com,Vanadzor,2025-06-22,38
C13086,#mIKAeL,"Stepanyan,",customer3086@example.com,'Abovyan',2025-05-13,38
C13087,David,Martirosyan,customer3087@example.com,Yerevan,2024-10-31,61
C13088,#Sona,Hovhannisyan,customer3088@example.com,YErEvan,2024-11-19,49
C13089,#NARE,aVetisyAn,customer3089@example.com,armavir,2024-04-26,22
C13090,Tatev,Hakobyan,customer3090@example.com,Dilijan,2023-10-20,56
C13091,Lusine,Sargsyan,customer3091@example.com,#Dilijan,2024-07-03,26
C13092,LUSINE,  Mkrtchyan  ,,Etchmiadzin,2023-01-09,35
C13093,lUsinE,Harutyunyan.,customer3093@example.com,"""""Abovyan""""",2025-05-17,38
C13094,#Ani,Karapetyan,customer3094@example.com,YEV.,2023-04-21,25
C13095,Sona.,#HAKOBYAN,customer3095@example.com,Yerevan,2024-03-17,61
C13096,  SarO  ,"""Martirosyan""",customer3096@example.com,yerevan city,2023-05-18,51
C13097,Hayk,Harutyunyan,customer3097@example.com,Abovyan,2025-06-22,27
C13098,Anna.,Stepanyan,customer3098@example.com,  Etch.  ,2023-09-28,58
C13099,NAREK.,vardanyan,customer3099@example.com,etchmiadzin,2025-01-14,41
C13100,Tatev,Mkrtchyan,customer3100@example.com,Armavir,2024-01-10,57
C13101,EVa,Martirosyan,customer3101@example.com,Armavir.,2025-02-21,N/A
C13102,Arsen,Petrosyan,customer3102@example.com,Dilijan,2024-02-17,49
C13103,#mikael,VARDANYAN,customer3103@example.com,Yerevan,2024-01-10,50
C13104,Karen,Karapetyan,customer3104@example.com,HRAZDAN,2023-02-16,55
C13105,Mane,"""""HOVHANNISYAN""""",customer3105@example.com,"""VNZ""",2024-02-15,61
C13106,ANNA,avetisyan,customer3106@example.com,Yerevan,2023-02-22,51
C13107,gor,Grigoryan,customer3107@example.com,'Dilijan',2024-08-06,28
C13108,Gor.,"""Vardanyan""",customer3108@example.com,Armavir,2024-07-29,48
C13109,MIKAEL,Hakobyan,customer3109@example.com,Yerevan,2023-07-19,35
C13110,Suren,gHaZAryan,,yerevan city.,2024-01-07,40
C13111,Mariam,Grigoryan,customer3111@example.com,aBOVYAN,2024-07-20,39
C13112,david,hovhannisyan,customer3112@example.com,Vanadzor,2023-10-23,60
C13113,anna,Harutyunyan,customer3113@example.com,Artashat,2023-03-17,35
C13114,Eva,Stepanyan,customer3114@example.com,YeREvAN,2024-01-31,57
C13115,"""ANna""",Vardanyan,customer3115@example.com,Yer,2024-05-31,64
C13116,Saro,#Grigoryan,customer3116@example.com,Yerevan,2024-04-06,58
C13117,Karen,avetisyan,customer3117@example.com,YVN,2025-02-21,64
C13118,'SONA',Manukyan,customer3118@example.com,YEREVAN,2024-07-17,56
C13119,Lusine,harutyunyan,customer3119@example.com,ARMAVIR,2023-10-14,37
C13120,Sona,Karapetyan,customer3120@example.com,Yerevan,2025-04-25,30
C13121,Lilit,martirosyan,customer3121@example.com,YVN,2024-09-30,62
C13122,Lilit,Vardanyan,customer3122@example.com,Yerevan,2024-11-27,18
C13123,Anna,Hovhannisyan,customer3123@example.com,Yerevan,2024-09-17,21
C13124,Ani,Karapetyan,customer3124@example.com,"""Etchmiadzin""",2023-05-02,N/A
C13125,Arman.,grigoryan,customer3125@example.com,Vanadzor,2023-05-12,53
C13126,Narek,SargsYan,customer3126@example.com,Hrazdan,2023-04-10,53
C13127,"""Ani""",HARUTYUNYAN,customer3127@example.com,'Yerevan',2024-02-08,62
C13128,Eva,'hovhannisyan',customer3128@example.com,YVN,2024-01-18,19
C13129,narek.,"""""martirosyan""""",customer3129@example.com,Gyumri City,2025-03-24,45
C13130,"Tatev,",'Mkrtchyan',customer3130@example.com,"Yerevan,",2023-12-14,43
C13131,  Sona  ,Stepanyan,customer3131@example.com,kAPAn,2024-07-25,40
C13132,sOna,Petrosyan,customer3132@example.com,Yer,2024-01-10,32
C13133,  Narek  ,Stepanyan,customer3133@example.com,Abovyan,2025-02-12,53
C13134,David,Karapetyan,customer3134@example.com,Yerevan,2023-05-28,44
C13135,  Ani  ,Karapetyan,,Abovyan,2023-07-23,23
C13136,Arman,HARUTYUNYAN,customer3136@example.com,armavir,2024-09-08,52
C13137,"""Anna""",'SARGSYAN',customer3137@example.com,'Vanadzor',2024-06-05,56
C13138,Mariam,GRIGORYAN.,customer3138@example.com,VNZ,2024-02-16,55
C13139,sona,hovhannisyan,customer3139@example.com,Dilijan,2024-05-27,52
C13140,David,Grigoryan,customer3140@example.com,Vanadzor,2023-02-11,53
C13141,mARiAm,HARUTYUNYAN,customer3141@example.com,YeV.,2023-02-16,27
C13142,arsen,Stepanyan,,Yerevan,2023-02-09,47
C13143,Arsen.,KARAPETYAN,customer3143@example.com,"""""Abovyan""""",2023-05-21,58
C13144,"""""arman""""",'Martirosyan',,HRAZDAN,2024-12-31,55
C13145,Hayk,"""hovhannisyan""",customer3145@example.com,yerevan,2023-12-08,46
C13146,"""""mane""""",Petrosyan,customer3146@example.com,Yerev.,2025-04-03,60
C13147,Anna,Hovhannisyan,customer3147@example.com,"""""Dilijan""""",2024-04-30,56
C13148,Sona,harutyunyan,customer3148@example.com,  Yerevan  ,2024-06-15,21
C13149,Anna,Martirosyan,customer3149@example.com,"""Yerevan""",2024-04-12,22
C13150,Arsen,'GHAZARYAN',customer3150@example.com,Yerevan,2023-06-02,21
C13151,Tatev,Martirosyan,customer3151@example.com,VAGHARSHAPAT,2024-09-12,53
C13152,tatEv,Mkrtchyan,customer3152@example.com,yerevan city,2025-07-03,62
C13153,#Mariam,Hovhannisyan,customer3153@example.com,abovyan,2024-06-11,33
C13154,"Tatev,",Hovhannisyan,customer3154@example.com,Yerevan.,2023-05-24,42
C13155,saro,Avetisyan,customer3155@example.com,Abovyan,2023-12-02,N/A
C13156,"""""Hayk""""",Manukyan,customer3156@example.com,"""Kapan""",2024-09-19,28
C13157,MIKAEL,"""""petrosyan""""",customer3157@example.com,yerEvan,2023-11-23,46
C13158,  Mariam  ,Hakobyan,customer3158@example.com,Gyumri,2023-06-16,N/A
C13159,Sona,sArgSYan.,customer3159@example.com,"""Yerevan""",2024-02-07,39
C13160,"""""LUSINE""""",Manukyan,customer3160@example.com,yerevan city,2024-09-23,31
C13161,maRiAm,"Mkrtchyan,",customer3161@example.com,etchmiadzin,2025-01-27,41
C13162,Gor,Hovhannisyan,customer3162@example.com,YEV..,2025-05-12,56
C13163,Mikael,Petrosyan,customer3163@example.com,"""HRAZDAN""",2023-11-03,43
C13164,Hayk,Grigoryan,customer3164@example.com,yerevan,2024-08-30,60
C13165,mARiAm,manukyan,customer3165@example.com,yerevan,2023-12-11,53
C13166,Mariam,Grigoryan,customer3166@example.com,YER,2024-06-03,56
C13167,taTeV,sargsyan,customer3167@example.com,Vanadzor.,2025-04-28,33
C13168,evA,Vardanyan,customer3168@example.com,Gyumri.,2024-06-05,55
C13169,"""""Mariam""""",grigoryan,customer3169@example.com,hrazdan,2024-06-29,49
C13170,lilit,sARGsyan.,customer3170@example.com,Yev.,2024-05-16,23
C13171,Anna,Vardanyan,customer3171@example.com,#Yerevan,2024-12-26,51
C13172,Sona,stepanyan,customer3172@example.com,Etchmiadzin,2024-07-30,25
C13173,Arsen,"""Stepanyan""",customer3173@example.com,Etchmiadzin,2023-11-03,47
C13174,"Lilit,",Petrosyan,customer3174@example.com,Yerevan,2024-05-01,44
C13175,  Lilit  ,GhazaRYAN,customer3175@example.com,Vanadzor,2025-04-15,24
C13176,Ani.,"""""KARAPETYAN""""",customer3176@example.com,yerevan city,2023-01-18,44
C13177,LUSINE,'Sargsyan',customer3177@example.com,#Vagharshapat,2024-01-13,-5
C13178,David,"""Martirosyan""",customer3178@example.com,ARMAVIR,2023-12-06,-5
C13179,taTEV,Hakobyan,customer3179@example.com,#Kapan,2024-11-20,58
C13180,Saro,hakobyan,customer3180@example.com,  ETCHMIADZIN  ,2023-04-23,32
C13181,Saro,hARuTyUNyAN,customer3181@example.com,Yev.,2024-03-02,42
C13182,"""""LUSINE""""",Vardanyan,customer3182@example.com,ETchMIaDZIN.,2024-08-20,39
C13183,Gor,Hakobyan,customer3183@example.com,GYUMRI,2023-11-12,35
C13184,gor,Harutyunyan,customer3184@example.com,Yerevan,2025-03-26,29
C13185,Arman,HOVhanNISYan.,customer3185@example.com,GMR,2025-07-09,40
C13186,sona,HAKOBYAN,customer3186@example.com,ARTASHAT,2025-01-12,62
C13187,"nare,",Sargsyan,customer3187@example.com,Armavir,2025-06-12,56
C13188,NARE,Martirosyan,customer3188@example.com,Yerevan,2024-12-05,42
C13189,Karen.,Karapetyan,customer3189@example.com,hrazdan,2024-10-06,27
C13190,Arsen,Grigoryan.,customer3190@example.com,Etch.,2023-01-28,47
C13191,Karen,  Vardanyan  ,customer3191@example.com,Yer,2024-09-03,27
C13192,Arsen,"""""Stepanyan""""",customer3192@example.com,GmR,2024-04-30,51
C13193,Nare,Mkrtchyan,customer3193@example.com,Hrazdan,2023-09-29,63
C13194,Eva,HAKOBYAN,customer3194@example.com,"""""Yerev.""""",2024-11-02,30
C13195,'Arman',Karapetyan.,customer3195@example.com,Yerevan,2025-03-12,46
C13196,"""Tatev""",#KARAPETYAN,customer3196@example.com,Abovyan,2025-03-05,55
C13197,"""""Sona""""",stepanyan,customer3197@example.com,Armavir,2024-08-15,58
C13198,KaRen.,Vardanyan,customer3198@example.com,Abovyan,2024-08-14,62
C13199,Suren,Sargsyan,customer3199@example.com,Etchmiadzin,2023-08-22,26
C13200,"""""Arsen""""",'Petrosyan',customer3200@example.com,"""""Yev.""""",2025-01-08,30
C13201,Mariam,STEPANYAN,customer3201@example.com,Yer,2023-02-22,N/A
C13202,  Karen  ,PETROSYAN,customer3202@example.com,abOVyAN,2024-08-20,31
C13203,"""MARIAM""",hAkoByAn,customer3203@example.com,Yer,2024-05-06,54
C13204,Mane,VARDANYAN,customer3204@example.com,Kapan,2023-06-24,26
C13205,David,Ghazaryan,customer3205@example.com,yerevan,2024-06-20,25
C13206,Suren,"Vardanyan,",customer3206@example.com,Yerevan,2024-10-06,56
C13207,'Lusine',  Mkrtchyan  ,customer3207@example.com,"YEREVAN,",2025-01-08,57
C13208,Eva,Stepanyan,customer3208@example.com,ARTASHAT,2024-09-26,20
C13209,lusINe,hakobyan,customer3209@example.com,Yerevan,2025-03-04,64
C13210,KAREN.,HAKOBYAN,customer3210@example.com,"""""Yerevan""""",2025-05-11,57
C13211,Hayk,Harutyunyan,customer3211@example.com,Yer,2024-01-25,50
C13212,'Lusine',#MARTIROSYAN,customer3212@example.com,VAGHARSHAPAT,2023-06-01,49
C13213,KAREN.,stepanyan,customer3213@example.com,"""""Yerevan""""",2025-04-21,24
C13214,Sona,Martirosyan,customer3214@example.com,YEREV.,2024-11-28,36
C13215,David,"STEPANYAN,",customer3215@example.com,Yerevan,2023-09-06,51
C13216,HAYK,Mkrtchyan,customer3216@example.com,Hrazdan,2023-02-02,31
C13217,NAREK,HArUTYunyaN,customer3217@example.com,'Yerevan',2024-08-09,64
C13218,Suren,Vardanyan,customer3218@example.com,yerevan,2024-12-18,63
C13219,'Mane',Karapetyan,customer3219@example.com,YEREVAN,2023-04-23,36
C13220,ani,Hovhannisyan,customer3220@example.com,Vanadzor,2023-07-15,43
C13221,Mane.,"""""Harutyunyan""""",customer3221@example.com,"hraZdAn,",2023-01-20,34
C13222,Saro,hakoByAn,customer3222@example.com,"""""gyumri""""",2024-03-27,45
C13223,David,PETROSYAN,customer3223@example.com,ARTASHAT,2023-11-18,36
C13224,mariam,Manukyan,customer3224@example.com,"""""Artashat""""",2024-03-04,44
C13225,Suren,  VaRdanyaN  ,customer3225@example.com,"""""YEREVAN""""",2023-06-05,65
C13226,Arman.,Mkrtchyan,customer3226@example.com,"""""ETCHMIADZIN""""",2024-02-27,36
C13227,Arman,KAraPeTYan,customer3227@example.com,"""""Hrazdan""""",2024-12-08,50
C13228,Karen,Vardanyan,customer3228@example.com,ARMAVIR,2023-07-28,24
C13229,Eva,Stepanyan,customer3229@example.com,yerEVan,2024-02-25,46
C13230,Saro,Sargsyan,customer3230@example.com,gym,2024-05-28,60
C13231,tAtEV,"""""Manukyan""""",customer3231@example.com,"Yer,",2025-03-04,22
C13232,Saro,stepanyan,customer3232@example.com,"""""Kapan""""",2024-09-18,47
C13233,LUSINE,Manukyan,customer3233@example.com,"""""yeREv.""""",2025-07-31,60
C13234,Hayk,harutyunyan,customer3234@example.com,Yerev.,2024-04-27,25
C13235,  Mikael  ,Grigoryan,,YEREVAN.,2025-06-12,59
C13236,Suren,"""""manukyan""""",customer3236@example.com,yerevan city,2025-05-18,29
C13237,SARO,HAKOBYAN,customer3237@example.com,Vandz.,2025-01-23,59
C13238,"NAREK,",Avetisyan,customer3238@example.com,Yerevan,2025-01-14,30
C13239,LUSINE,peTRosyAN,customer3239@example.com,#YVN,2023-03-05,43
C13240,Ani,Hovhannisyan.,customer3240@example.com,"""""ArmAVIr""""",2024-12-23,35
C13241,  Gor  ,Petrosyan,customer3241@example.com,YEREV.,2023-05-22,59
C13242,Eva,AVETISYAN,customer3242@example.com,Hrazdan,2024-06-15,37
C13243,Mane,marTIRoSyAn,customer3243@example.com,Yerevan,2023-08-01,33
C13244,tatev,Hakobyan,customer3244@example.com,#Yerevan,2024-07-28,54
C13245,Narek,  Sargsyan  ,customer3245@example.com,Vagharshapat,2023-11-29,20
C13246,"""""Ani""""",MANUKYAN,customer3246@example.com,HRAZDAN,2024-11-09,44
C13247,Suren,Martirosyan,customer3247@example.com,Yerevan,2024-05-04,32
C13248,MANE,  Hakobyan  ,customer3248@example.com,Artashat,2024-06-22,51
C13249,Lusine,"""""Vardanyan""""",customer3249@example.com,ARMAVIR,2024-01-21,62
C13250,Arman,Harutyunyan,customer3250@example.com,Dilijan,2023-11-18,39
C13251,#Eva,PETROSYAN,customer3251@example.com,YVN,2023-06-27,57
C13252,David,martirosyan,customer3252@example.com,YEREVAN,2024-04-15,40
C13253,Nare,MKRTCHYAN,customer3253@example.com,VANADZOR,2025-07-23,21
C13254,  Saro  ,"""""Manukyan""""",customer3254@example.com,"""Abovyan""",2024-06-29,58
C13255,"SARO,",Manukyan,customer3255@example.com,yerevan city,2023-12-17,40
C13256,"Suren,",'Sargsyan',customer3256@example.com,Etchmiadzin,2024-07-13,64
C13257,Narek,grigoryan,customer3257@example.com,Yerevan,2023-12-29,26
C13258,Gor,Mkrtchyan,customer3258@example.com,gyumri,2024-11-23,41
C13259,Lusine,Manukyan,customer3259@example.com,Yerevan,2025-03-01,38
C13260,Narek,Karapetyan,,Hrazdan,2025-06-07,58
C13261,MIKAEL,Mkrtchyan,customer3261@example.com,"""""yerevan city""""",2025-01-08,63
C13262,Lilit,"""manukyan""",customer3262@example.com,  ETCH.  ,2024-11-28,33
C13263,'David','Avetisyan',customer3263@example.com,"""""Vanadzor""""",2024-10-20,42
C13264,'anna',Mkrtchyan,customer3264@example.com,Etchmiadzin,2025-04-02,43
C13265,"""EVA""","""Hakobyan""",customer3265@example.com,Dilijan,2024-12-10,62
C13266,Mikael,Mkrtchyan,,AbovYaN,2023-09-28,26
C13267,Karen,#Hovhannisyan,,"""Dilijan""",2024-09-16,32
C13268,Arsen,Sargsyan,customer3268@example.com,  Yerevan  ,2024-05-10,56
C13269,"""""Anna""""",HaRUtyUNyAn,customer3269@example.com,Yerev.,2023-07-16,50
C13270,"""sUREN""",#Harutyunyan,customer3270@example.com,'YEREVaN',2023-09-10,18
C13271,"David,",Harutyunyan,customer3271@example.com,Yerevan,2023-10-13,22
C13272,#lilit,Hakobyan,customer3272@example.com,Kapan,2024-07-25,26
C13273,David,'Martirosyan',customer3273@example.com,YEREVAN,2023-11-02,61
C13274,"""Tatev""",Stepanyan,customer3274@example.com,Gyumri,2023-08-19,23
C13275,  Karen  ,Harutyunyan,customer3275@example.com,Vanadzor,2023-11-01,45
C13276,'Narek',hovhannisyan.,customer3276@example.com,vanadzor,2025-02-28,62
C13277,tatev,Vardanyan,customer3277@example.com,Gyumri,2023-10-23,43
C13278,"arman,",Petrosyan,customer3278@example.com,'Etchmiadzin',2024-12-22,45
C13279,Mariam,Hakobyan,customer3279@example.com,"""Yerev.""",2023-08-01,57
C13280,Mikael,MARTIROSYAN,customer3280@example.com,yerevan city,2024-12-07,32
C13281,david,PETROSYAN,customer3281@example.com,"VANADZOR,",2024-12-22,23
C13282,David,Petrosyan,customer3282@example.com,"""Abovyan""",2024-05-15,44
C13283,Hayk,Petrosyan,customer3283@example.com,"yerevan,",2023-11-21,55
C13284,mane,Karapetyan,customer3284@example.com,'ARMAVIR',2024-05-06,21
C13285,Ani,Sargsyan,customer3285@example.com,yerevan,2023-12-24,28
C13286,ARMAN,"""""SARGSYAN""""",customer3286@example.com,Yerevan,2024-07-27,38
C13287,TATEV,"""""sTEpanYAn""""",customer3287@example.com,Yerevan,2025-03-25,47
C13288,Tatev.,Hakobyan,customer3288@example.com,vANaDZOr,2025-01-08,35
C13289,Tatev,Hovhannisyan,customer3289@example.com,Abovyan,2023-10-08,52
C13290,MARiAm,Hovhannisyan.,customer3290@example.com,yErEVAn,2023-10-22,20
C13291,'David',Hovhannisyan,customer3291@example.com,"YEREVAN,",2023-05-05,29
C13292,"""SONA""",#Petrosyan,customer3292@example.com,  Etchmiadzin  ,2024-08-10,44
C13293,Lilit,Ghazaryan,customer3293@example.com,yer,2024-11-23,47
C13294,'arman',Avetisyan,customer3294@example.com,yerevan,2024-07-10,38
C13295,Karen,MKrtChyAN,customer3295@example.com,Abovyan,2024-01-24,55
C13296,ANNA,"""""Martirosyan""""",customer3296@example.com,Yerevan,2025-07-06,38
C13297,hayk,Sargsyan,customer3297@example.com,Armavir,2024-02-09,55
C13298,Suren,#Ghazaryan,customer3298@example.com,"Yerevan,",2025-04-18,57
C13299,Suren,HaRUtyUNYAn,customer3299@example.com,ABOVYAN,2023-12-20,32
C13300,SONA.,VArdAnyAn,customer3300@example.com,#Gym,2025-03-02,35
C13301,Ani,Hakobyan,customer3301@example.com,"Kapan,",2025-04-03,46
C13302,#arman,Martirosyan,customer3302@example.com,Yev.,2023-05-30,65
C13303,Mane.,HAKOBYAN,customer3303@example.com,aboVyAN,2023-10-25,55
C13304,  Anna  ,'Avetisyan',customer3304@example.com,vanadzor,2023-02-13,38
C13305,#tatev,"""""Karapetyan""""",customer3305@example.com,gyumri,2023-10-22,34
C13306,Lusine,Karapetyan,customer3306@example.com,Gyumri,2025-01-01,58
C13307,#Gor,PetROSyaN,customer3307@example.com,Hrazdan,2023-03-22,35
C13308,"""""Suren""""",Stepanyan.,customer3308@example.com,artashat,2023-12-21,54
C13309,Eva,"Karapetyan,",customer3309@example.com,yerevan,2025-08-04,55
C13310,Gor,Hakobyan,customer3310@example.com,yerevan city,2024-03-28,29
C13311,arsen,Harutyunyan,customer3311@example.com,#Etchmiadzin,2024-11-02,28
C13312,'Tatev',Stepanyan,customer3312@example.com,Yerevan,2023-09-20,65
C13313,NAREK,'petrosYaN',customer3313@example.com,DILijAN,2025-02-04,37
C13314,Hayk,  Manukyan  ,customer3314@example.com,Vanadzor,2024-05-05,26
C13315,Mariam,HOVHANNISYAN,customer3315@example.com,Abovyan,2023-08-08,18
C13316,"""""Lusine""""",Martirosyan,customer3316@example.com,'Yerevan',2023-07-26,20
C13317,Arman,STePAnyaN,customer3317@example.com,"yerevan city,",2025-04-27,38
C13318,arsen,#Avetisyan,customer3318@example.com,Abovyan,2024-07-05,40
C13319,Gor.,PeTRosYaN,customer3319@example.com,armavir,2023-10-05,26
C13320,  Anna  ,Hakobyan,customer3320@example.com,dILiJAn,2024-07-29,36
C13321,Anna,'Martirosyan',customer3321@example.com,Yerevan,2024-12-13,62
C13322,Eva,Harutyunyan,customer3322@example.com,  Yerevan  ,2023-10-06,63
C13323,Hayk,Grigoryan,customer3323@example.com,#YEREVAN,2023-05-21,36
C13324,lUSInE,Vardanyan,customer3324@example.com,Kapan,2023-04-22,40
C13325,suren,"""""Avetisyan""""",customer3325@example.com,Yerevan,2024-09-22,44
C13326,Nare,'Hakobyan',customer3326@example.com,yerevan,2025-01-28,44
C13327,MANE,avETISyAN,customer3327@example.com,yerevan.,2024-08-23,56
C13328,ArMan,"""SarGsYaN""",customer3328@example.com,YVN,2023-09-03,53
C13329,"Hayk,",Grigoryan,customer3329@example.com,Dilijan.,2023-09-06,29
C13330,ANI,Martirosyan,customer3330@example.com,Gym,2023-02-21,44
C13331,NARE,'Karapetyan',customer3331@example.com,YEREVAN,2024-11-16,63
C13332,MIKAEL,#HAkObyan,customer3332@example.com,Yerev.,2025-07-15,51
C13333,Eva,avetisyan,customer3333@example.com,"""""yerevan city""""",2024-06-27,50
C13334,Lusine,Martirosyan,customer3334@example.com,Yerevan,2023-08-20,N/A
C13335,#Sona,Karapetyan,customer3335@example.com,YVN,2024-10-15,48
C13336,SUREN,HarUTyunyAn,customer3336@example.com,Abovyan,2023-08-27,49
C13337,Gor,"""""HARUTYUNYAN""""",customer3337@example.com,Yerevan,2023-02-23,37
C13338,Eva,Avetisyan,customer3338@example.com,Yerevan,2023-04-13,57
C13339,David,  Petrosyan  ,customer3339@example.com,Yerevan,2024-02-28,52
C13340,maRIaM,Sargsyan,customer3340@example.com,Hrazdan,2023-12-05,48
C13341,naREK,VarDAnYaN,customer3341@example.com,VNZ,2025-01-04,48
C13342,Hayk,'petrosyan',,"Abovyan,",2024-04-28,55
C13343,Lilit.,Sargsyan,customer3343@example.com,Vandz.,2023-04-13,39
C13344,Ani,hakobyan,customer3344@example.com,Abovyan,2024-11-28,62
C13345,Lilit.,Hovhannisyan,customer3345@example.com,YEREVAN,2025-02-28,58
C13346,Nare,"""Stepanyan""",customer3346@example.com,'artashat',2023-05-21,26
C13347,Suren,Manukyan,customer3347@example.com,yEREVan,2023-01-06,26
C13348,Mikael,Avetisyan,customer3348@example.com,"yerevan,",2024-07-17,32
C13349,mikael,Vardanyan,customer3349@example.com,#ETCHMIADZIN,2023-06-11,30
C13350,MANE,#mKrtchyaN,customer3350@example.com,Yerevan,2024-02-21,39
C13351,arman,"Hovhannisyan,",customer3351@example.com,ARTASHAT,2024-10-30,-5
C13352,TATEV,Ghazaryan,customer3352@example.com,gyumri,2025-06-20,49
C13353,Lilit,Avetisyan,customer3353@example.com,Armavir,2025-06-18,19
C13354,ARMAN,"""Grigoryan""",customer3354@example.com,etchmiadzin,2024-05-02,43
C13355,"""eva""",KARAPETYAN,customer3355@example.com,  Dilijan  ,2024-05-03,31
C13356,Saro,Grigoryan,customer3356@example.com,Artashat,2024-10-28,55
C13357,David,HarUTYuNYAN,customer3357@example.com,'armavir',2023-07-24,51
C13358,mane,SaRgsYAn.,,HrAZDan,2025-02-13,25
C13359,Sona,Karapetyan.,customer3359@example.com,#YEREVAN,2023-10-22,53
C13360,"""ani""",Hovhannisyan,customer3360@example.com,Yerevan,2023-11-25,N/A
C13361,SONA,Harutyunyan,customer3361@example.com,ABOVYAN,2023-10-20,63
C13362,Tatev.,Karapetyan,customer3362@example.com,DIliJaN.,2024-10-23,60
C13363,Arman,"""Petrosyan""",customer3363@example.com,Hrazdan,2023-03-02,45
C13364,Sona,Harutyunyan,customer3364@example.com,aRTASHaT,2025-07-18,63
C13365,"""""ANNA""""",Petrosyan,customer3365@example.com,Etchmiadzin,2025-02-26,61
C13366,"David,",Petrosyan.,customer3366@example.com,YEREVAN,2023-04-02,65
C13367,maRIam,Karapetyan,customer3367@example.com,"YVN,",2024-10-29,23
C13368,"Mariam,",Martirosyan,customer3368@example.com,Yer,2024-08-10,37
C13369,Tatev,grIGOryaN,customer3369@example.com,Yev.,2023-08-26,48
C13370,"""Eva""",HARUTYUNYAN,customer3370@example.com,vANAdZOr,2024-07-01,50
C13371,Suren,Mkrtchyan.,customer3371@example.com,Dilijan,2025-01-26,61
C13372,ARMAN,"MaRtIRosyAN,",customer3372@example.com,Hrazdan,2025-01-10,24
C13373,Sona,Ghazaryan,customer3373@example.com,  Yerevan  ,2025-05-20,25
C13374,DAVID,Grigoryan,customer3374@example.com,'Yerevan',2023-02-08,26
C13375,narek.,VARDANYAN,customer3375@example.com,yerevan city,2025-07-24,19
C13376,Nare,  vardanyan  ,customer3376@example.com,gyumri,2025-08-01,34
C13377,  Karen  ,Stepanyan,customer3377@example.com,YEreVAn,2023-06-29,62
C13378,mane,'HARUTYUNYAN',customer3378@example.com,#YEV.,2024-03-03,N/A
C13379,Eva,HOVHANNISYAN,customer3379@example.com,"""""YeREvAN""""",2025-06-22,59
C13380,david,Sargsyan,customer3380@example.com,YEREVAN,2025-05-07,61
C13381,Lusine,vardanyan,,Armavir,2023-06-30,34
C13382,Suren,stepanyan,customer3382@example.com,Yev.,2025-07-30,55
C13383,#lilit,GRIGORYAn,customer3383@example.com,YER,2023-02-07,52
C13384,"""GoR""","""""mkrtchyan""""",customer3384@example.com,Yerevan,2025-05-06,64
C13385,gor,AVETISYAN.,customer3385@example.com,Yerevan,2024-02-11,56
C13386,"""""tatev""""",hAKObYan,customer3386@example.com,Abovyan,2025-03-17,47
C13387,  saro  ,PETROSYAN,customer3387@example.com,Hrazdan,2024-05-22,23
C13388,Mane,VARDANYAN,customer3388@example.com,Gyumri,2023-07-10,21
C13389,"Tatev,",Hakobyan,customer3389@example.com,Abovyan,2025-02-05,54
C13390,SONA,Martirosyan,customer3390@example.com,"Yerevan,",2025-06-12,52
C13391,Sona,aVetISyAn,customer3391@example.com,#ABOVYAN,2025-08-06,26
C13392,ARMAN,PETROSYAN,customer3392@example.com,Yerevan,2023-10-24,23
C13393,eva,Harutyunyan,customer3393@example.com,YEREVAN,2025-06-16,30
C13394,MANE.,Vardanyan,customer3394@example.com,ETCH.,2023-02-08,39
C13395,MANE,MARTIROsyaN,customer3395@example.com,"""ETCHMIADZIN""",2023-01-10,45
C13396,"""""Ani""""",MKRTCHYAN,customer3396@example.com,Hrazdan,2023-11-02,47
C13397,  LUSINE  ,VARDANYAN,customer3397@example.com,Yerevan,2024-08-04,53
C13398,eva,Karapetyan,customer3398@example.com,Yerevan,2024-09-09,19
C13399,Nare,  Harutyunyan  ,customer3399@example.com,#Dilijan,2023-04-20,53
C13400,'Hayk',grigoryan,customer3400@example.com,"Yerevan,",2025-08-08,25
C13401,Eva,Karapetyan,customer3401@example.com,YEREVAN,2023-12-10,62
C13402,david,'Martirosyan',customer3402@example.com,"""""Yerevan""""",2023-10-19,59
C13403,Arsen,Grigoryan,customer3403@example.com,#yerevan,2024-04-10,26
C13404,kArEn.,Mkrtchyan,customer3404@example.com,Yerevan,2024-10-18,18
C13405,lusine,gHaZaRyAN,customer3405@example.com,"""Gym""",2024-07-10,30
C13406,'karen',Hakobyan,,Gyumri,2024-06-20,32
C13407,narek,Grigoryan,customer3407@example.com,#Armavir,2024-05-20,49
C13408,Nare,Hakobyan,,yerevan city,2025-06-29,51
C13409,"""Nare""",stepanyan,customer3409@example.com,Yerevan,2023-05-18,60
C13410,David,Petrosyan,customer3410@example.com,VANDZ.,2025-05-21,48
C13411,Mane,Sargsyan,customer3411@example.com,VanaDZOr,2024-05-31,31
C13412,Ani,Manukyan,customer3412@example.com,GYUMRI,2024-04-24,64
C13413,karen,Stepanyan,customer3413@example.com,Etchmiadzin,2023-10-07,31
C13414,"""Hayk""",HARUTYUNYAN,customer3414@example.com,YEREvan,2023-07-17,65
C13415,Mariam,"Manukyan,",customer3415@example.com,"""Etchmiadzin""",2025-04-08,46
C13416,Eva,Petrosyan,customer3416@example.com,Gyumri,2023-04-26,64
C13417,Arsen,Grigoryan,customer3417@example.com,Yerevan,2023-12-05,36
C13418,"""""Narek""""",PETROSYAN,customer3418@example.com,ARMAVIR,2023-06-16,44
C13419,"""Hayk""",HOvhAnnISYan,customer3419@example.com,ABOVYAN,2025-01-18,26
C13420,HAyK,manukyan,customer3420@example.com,Yerevan,2024-04-14,54
C13421,"""""Karen""""",Manukyan,customer3421@example.com,"Yerevan,",2024-10-25,54
C13422,Arsen,ghazaryan,customer3422@example.com,#Yerevan,2023-09-21,60
C13423,Gor,Hovhannisyan,customer3423@example.com,Vanadzor,2025-01-05,45
C13424,Arsen,"""""Stepanyan""""",customer3424@example.com,"""""Yerevan""""",2023-07-10,41
C13425,Tatev,hARutyUNYAN,customer3425@example.com,YEREVAN,2023-01-15,45
C13426,Anna,Karapetyan,customer3426@example.com,'yERevAN',2025-01-24,53
C13427,HAYK,avetisyan,customer3427@example.com,HRAZDAN,2023-12-12,35
C13428,'SONA',"""""ghazaryan""""",customer3428@example.com,Etchmiadzin,2025-03-20,42
C13429,Suren,PEtRoSYaN,customer3429@example.com,Etchmiadzin,2023-10-30,52
C13430,Tatev,Sargsyan.,customer3430@example.com,Yerevan,2024-08-04,21
C13431,Mane,aveTiSYaN,customer3431@example.com,  armavir  ,2024-11-21,31
C13432,Suren,hovhannisyan,customer3432@example.com,"""""Abovyan""""",2025-02-14,56
C13433,"""Ani""",Petrosyan,customer3433@example.com,armavir,2023-07-17,43
C13434,Lusine.,mkrtchyan,customer3434@example.com,yerevan city,2023-06-29,25
C13435,Mikael,HOVHANNISYAN.,customer3435@example.com,yvn,2024-09-17,41
C13436,Mane,MartirosYAN,customer3436@example.com,Etchmiadzin,2025-05-26,33
C13437,taTev,"""Martirosyan""",customer3437@example.com,  YVN  ,2024-10-16,37
C13438,KAREN.,GHAZARYAN,customer3438@example.com,  GYUMRI  ,2025-07-07,32
C13439,"""Mane""",maNUkYan,customer3439@example.com,Kapan,2024-02-20,24
C13440,Suren,Martirosyan,customer3440@example.com,"""""Kapan""""",2025-04-26,34
C13441,Hayk.,Ghazaryan,customer3441@example.com,artashat,2024-03-13,39
C13442,David.,Hakobyan,customer3442@example.com,Abovyan,2024-06-11,39
C13443,Mikael,  vardanyan  ,customer3443@example.com,Yerevan,2023-12-02,29
C13444,#Arman,#Stepanyan,customer3444@example.com,#yvn,2023-03-30,35
C13445,anna,#Sargsyan,customer3445@example.com,gYUmRI,2024-02-15,63
C13446,Mikael,Vardanyan,customer3446@example.com,GYUMRI,2024-11-16,64
C13447,"""Suren""",vArDaNyAN,customer3447@example.com,yerevan,2023-04-08,32
C13448,Mane,Martirosyan,customer3448@example.com,YEREVAN,2023-07-09,54
C13449,NAREK,"""""Grigoryan""""",customer3449@example.com,"vanadzor,",2023-05-24,33
C13450,Karen,Hakobyan,customer3450@example.com,Hrazdan.,2024-05-03,22
C13451,Saro,AVETISYAN,customer3451@example.com,dilijan,2023-11-28,19
C13452,Hayk,  Hakobyan  ,customer3452@example.com,Hrazdan,2023-09-12,45
C13453,Karen,Stepanyan,customer3453@example.com,etchMiaDZIn,2023-01-07,58
C13454,"""Hayk""",'Petrosyan',customer3454@example.com,Vanadzor,2023-09-25,44
C13455,  Arman  ,Manukyan,customer3455@example.com,Dilijan,2024-01-28,48
C13456,suren,Ghazaryan,customer3456@example.com,Vanadzor,2023-08-30,58
C13457,Saro.,Harutyunyan,customer3457@example.com,kaPAn,2024-04-02,53
C13458,Mariam,'HArUtyUNYAN',customer3458@example.com,"Artashat,",2025-02-10,64
C13459,Lusine,mkrtchyan,customer3459@example.com,artashat,2023-10-01,60
C13460,#Mane,SARGSYAN,customer3460@example.com,YEReVaN,2023-12-04,18
C13461,Mane,Petrosyan,customer3461@example.com,Yev.,2023-11-06,46
C13462,MIkaeL,Harutyunyan,customer3462@example.com,Yerevan.,2024-08-19,18
C13463,Mariam,Manukyan,customer3463@example.com,YVN,2025-01-10,25
C13464,maRiAM.,  AVETISYAN  ,customer3464@example.com,yvn,2024-08-09,33
C13465,Sona,Harutyunyan,customer3465@example.com,Yerevan,2023-01-12,45
C13466,Tatev,Grigoryan,customer3466@example.com,Yerev.,2023-09-25,39
C13467,  Gor  ,Hakobyan,customer3467@example.com,Gyumri,2024-10-31,35
C13468,Sona,Harutyunyan,customer3468@example.com,HRAZDAN,2024-01-04,39
C13469,arman,STEPANYAN,customer3469@example.com,YEREVAN,2024-12-10,58
C13470,Eva,Petrosyan,customer3470@example.com,Abovyan,2023-08-30,29
C13471,"Ani,",  Martirosyan  ,customer3471@example.com,Abovyan,2023-03-05,36
C13472,mane,  Martirosyan  ,customer3472@example.com,#Vanadzor,2024-11-14,42
C13473,Lilit,#Avetisyan,customer3473@example.com,"""""Armavir""""",2023-05-02,22
C13474,Lusine,Stepanyan,customer3474@example.com,yer,2024-04-21,51
C13475,Nare,martIrosYan.,customer3475@example.com,yerevan city,2023-11-11,56
C13476,karen,ghazaryan,customer3476@example.com,Yerevan,2023-06-13,27
C13477,Suren,Hovhannisyan,customer3477@example.com,'YVN',2024-02-20,64
C13478,David,  Avetisyan  ,customer3478@example.com,VANADZOR,2024-12-03,24
C13479,Narek,"""""Petrosyan""""",customer3479@example.com,YVN,2024-05-29,54
C13480,Gor,sArgsYAn,customer3480@example.com,YEV.,2025-08-03,64
C13481,arman,"""""Stepanyan""""",customer3481@example.com,Yerevan,2025-07-05,32
C13482,narek,Martirosyan,customer3482@example.com,yerevan,2025-06-28,59
C13483,Gor,"""""hOvHanNIsYaN""""",customer3483@example.com,Vanadzor,2024-12-21,41
C13484,MANE,Mkrtchyan,customer3484@example.com,Vanadzor,2025-02-27,43
C13485,Gor,Manukyan,customer3485@example.com,yEReVaN,2023-11-15,43
C13486,SONA,Stepanyan,customer3486@example.com,Yerevan,2024-12-07,63
C13487,Mariam,"""haKoByan""",customer3487@example.com,Yev.,2023-05-01,43
C13488,Sona,martirosyan,customer3488@example.com,Yerev.,2024-10-16,27
C13489,mIkaEl,Avetisyan,customer3489@example.com,ARMAVIR,2025-07-27,34
C13490,Narek,PEtrosyAn,customer3490@example.com,#Yerevan,2023-10-30,31
C13491,Anna,Martirosyan,customer3491@example.com,hrazdan,2024-01-12,19
C13492,Suren,Harutyunyan,customer3492@example.com,Armavir,2024-09-21,65
C13493,Tatev,Martirosyan,customer3493@example.com,Yerevan,2023-08-15,30
C13494,TATEV.,  vardanyan  ,,"Yerevan,",2023-08-13,44
C13495,Gor,stepanyan,customer3495@example.com,"""Dilijan""",2023-05-17,26
C13496,"""""ArMan""""",Avetisyan,customer3496@example.com,KAPAN,2024-05-04,24
C13497,#David,"""""Grigoryan""""",customer3497@example.com,"gyumri,",2023-06-06,65
C13498,'mariam',#Grigoryan,customer3498@example.com,HrAzDaN,2024-04-10,27
C13499,Saro,"""Martirosyan""",customer3499@example.com,Kapan.,2025-02-04,26
C10751,Eva,Vardanyan,,hrazdan,2023-03-28,53
C11414,Mariam,Petrosyan,customer1414@example.com,Artashat,2024-03-28,27
C12434,"""""Anna""""",MkRTChYAn,customer2434@example.com,  YEREVAN  ,2023-12-16,58
C10705,Saro,'Ghazaryan',customer705@example.com,'yerevan',2023-11-13,31
C13043,Arman,Avetisyan,customer3043@example.com,Yerevan.,2023-09-11,52
C12653,Mane,Harutyunyan,customer2653@example.com,Vanadzor,2024-01-01,40
C13359,Sona,Karapetyan.,customer3359@example.com,#YEREVAN,2023-10-22,53
C11444,Suren,#KarApEtYaN,customer1444@example.com,YVN,2023-04-27,44
C11568,Mariam,GRIGORYAN,customer1568@example.com,VANADZOR,2024-01-25,24
C11447,Ani,Ghazaryan,customer1447@example.com,vandz.,2024-10-25,49
C12407,Arman,Manukyan,customer2407@example.com,Yerevan,2023-03-28,62
C10087,ANI,Mkrtchyan,customer87@example.com,Kapan,2023-08-27,64
C12586,  hayk  ,Martirosyan,customer2586@example.com,"""""GMR""""",2023-08-09,36
C11082,Lilit,Harutyunyan,customer1082@example.com,Kapan,2023-10-13,51
C12277,nare,harUtyUnyAN,customer2277@example.com,"""GYUMRI""",2024-07-31,63
C13487,Mariam,"""haKoByan""",customer3487@example.com,Yev.,2023-05-01,43
C13301,Ani,Hakobyan,customer3301@example.com,"Kapan,",2025-04-03,46
C11890,lilit,STEPANYAN.,customer1890@example.com,Armavir,2023-12-03,47
C10737,TATEV,Petrosyan,customer737@example.com,Yerevan,2023-11-26,55
C10244,anna,vardanyan,,'Vandz.',2023-11-11,29
C12211,#Suren,#Sargsyan,customer2211@example.com,Yerevan,2023-10-24,59
C12951,SaRO,Avetisyan,customer2951@example.com,yer,2023-09-14,28
C10748,'Hayk',Manukyan,customer748@example.com,#Yer,2025-01-23,47
C12006,Eva,stepanyan,customer2006@example.com,#ARMAVIR,2024-03-01,23
C10983,aRsen,HARUTYUNYAN,customer983@example.com,"""yerevan city""",2023-06-06,34
C12728,ARMAN,Hovhannisyan,customer2728@example.com,Abovyan,2023-12-14,25
C12242,Mikael,  Ghazaryan  ,customer2242@example.com,Abovyan,2023-06-22,61
C11441,'Karen',Mkrtchyan.,customer1441@example.com,abovyan,2023-08-19,48
C11699,Gor,grigoryan,customer1699@example.com,"YerevaN,",2023-07-14,33
C11078,Mikael,mkrtchyan,customer1078@example.com,Yerevan,2025-05-22,30
C11715,Narek,  Vardanyan  ,customer1715@example.com,Gyumri,2023-02-10,-5
C13120,Sona,Karapetyan,customer3120@example.com,Yerevan,2025-04-25,30
C10527,#Arman,Karapetyan,customer527@example.com,Yerevan,2023-09-15,29
C10571,MANE,Avetisyan,customer571@example.com,etchmiadzin.,2025-03-26,29
C12326,"""Ani""",Martirosyan.,customer2326@example.com,#Yerevan,2025-03-21,65
C11380,"SONa,",stepanyan,customer1380@example.com,Yerevan,2024-12-11,32
C10652,mikael,peTROsYan,customer652@example.com,YEREVAN,2023-01-29,31
C10412,Suren,'Mkrtchyan',customer412@example.com,Kapan,2024-08-16,25
C10095,SUREN,Karapetyan,customer95@example.com,Yer,2024-01-09,58
C13333,Eva,avetisyan,customer3333@example.com,"""""yerevan city""""",2024-06-27,50
C10440,David,sTEPanyan,customer440@example.com,#Yerevan,2025-06-30,54
C12965,Nare,"""""Stepanyan""""",customer2965@example.com,"""""Artashat""""",2024-08-29,29
C13318,arsen,#Avetisyan,customer3318@example.com,Abovyan,2024-07-05,40
C10346,"""""Narek""""",Stepanyan.,,Armavir,2023-12-14,34
C11554,Ani,AVETISYAN,customer1554@example.com,"""Hrazdan""",2025-03-11,29
C13237,SARO,HAKOBYAN,customer3237@example.com,Vandz.,2025-01-23,59
C10449,Narek,Sargsyan.,customer449@example.com,etchmiadzin.,2024-11-04,61
C12998,Nare,"stepanyan,",customer2998@example.com,Gym,2024-10-04,61
C11914,Sona.,'Hakobyan',customer1914@example.com,yerevan city,2023-09-01,51
C12241,"eva,","""""Vardanyan""""",customer2241@example.com,Kapan,2025-03-08,35
C12060,Eva,Avetisyan,customer2060@example.com,"Hrazdan,",2023-08-18,31
C11051,SARO,Grigoryan,,YEreVAN.,2024-03-19,43
C13121,Lilit,martirosyan,customer3121@example.com,YVN,2024-09-30,62
C11483,"""Lusine""",GRIGORYAN,customer1483@example.com,armavir,2025-04-20,55
C12321,#Sona,'ghazaryan',customer2321@example.com,ABOVYAN,2024-06-03,57
